wav,flux
3000.0,4.823556344468848
3001.0,4.823423052539377
3002.0,4.9634952684978195
3003.0,5.191752136781346
3004.0,5.340291620115373
3005.0,5.496322252356923
3006.0,5.6176956172169765
3007.0,5.856287236675704
3008.0,6.145710238477833
3009.0,6.479428791842473
3010.0,6.875401608024371
3011.0,7.216883143277014
3012.0,7.658426332911844
3013.0,7.968243421762402
3014.0,8.209620364737999
3015.0,8.52504706347826
3016.0,8.727742765463054
3017.0,8.84735894277259
3018.0,8.965056172906923
3019.0,9.088911211199433
3020.0,9.228469031410624
3021.0,9.44420948025619
3022.0,9.727546181816525
3023.0,9.991947610905182
3024.0,10.314835268715425
3025.0,10.754200712956386
3026.0,11.2006554755362
3027.0,11.6832942561466
3028.0,12.207333243143564
3029.0,12.625260602077674
3030.0,13.195690800727276
3031.0,13.690996935910466
3032.0,14.090895956802191
3033.0,14.46434355486052
3034.0,14.706452384370976
3035.0,14.965689641442776
3036.0,15.210743665431064
3037.0,15.469009729891297
3038.0,15.600958286984989
3039.0,15.568603597688544
3040.0,15.616274435631054
3041.0,15.822857914435836
3042.0,16.28555373232168
3043.0,16.782003064953244
3044.0,17.229664576678726
3045.0,17.635261602744357
3046.0,18.11804732226437
3047.0,18.849616572509635
3048.0,19.526751631003947
3049.0,20.20412348090725
3050.0,20.96790891395168
3051.0,21.63443120098275
3052.0,22.2878528689545
3053.0,22.810900640398895
3054.0,23.223149875434846
3055.0,23.535827697763523
3056.0,23.66270689545885
3057.0,23.7175559023446
3058.0,23.867074686242468
3059.0,24.18198067839286
3060.0,24.535195904047015
3061.0,24.74049808547388
3062.0,24.72738182847328
3063.0,24.738712086099397
3064.0,25.027705038160544
3065.0,25.616820169644544
3066.0,26.363883245449237
3067.0,27.019541093313446
3068.0,27.544926245456846
3069.0,28.14632732525976
3070.0,29.093544005472925
3071.0,29.993641698494635
3072.0,30.91890188589286
3073.0,31.708227602766236
3074.0,32.332588216845316
3075.0,33.06321996050025
3076.0,33.54815699536505
3077.0,33.90306223359307
3078.0,34.00444688108265
3079.0,33.80705598017424
3080.0,33.69821260728021
3081.0,33.80563286491697
3082.0,34.03023567247175
3083.0,34.433096347717225
3084.0,35.280482002682696
3085.0,36.11223111269392
3086.0,36.071200800313356
3087.0,35.91875551510559
3088.0,36.05351475513175
3089.0,36.409814140069386
3090.0,36.82255705334243
3091.0,37.220179471179414
3092.0,37.958585834683504
3093.0,38.712425296555786
3094.0,39.86920516473754
3095.0,41.4078759006305
3096.0,42.524669631659734
3097.0,43.33684273811684
3098.0,43.81538218337735
3099.0,43.96812089825469
3100.0,44.18170345788628
3101.0,44.1503192042464
3102.0,44.044538489104546
3103.0,43.86153628142676
3104.0,44.09596617890681
3105.0,44.87304768273907
3106.0,45.58569192799529
3107.0,45.956029160223906
3108.0,46.222389621646634
3109.0,46.61015503763491
3110.0,47.020184597888296
3111.0,47.260735344532286
3112.0,47.3729344030767
3113.0,47.154290107028444
3114.0,46.97296159171509
3115.0,47.105446813844374
3116.0,47.76948697027262
3117.0,48.822034839598835
3118.0,49.866738189103735
3119.0,50.85261990148602
3120.0,51.67249076818757
3121.0,52.32279833290027
3122.0,52.75306560739312
3123.0,53.141400855439606
3124.0,53.73729808895788
3125.0,54.52571648221
3126.0,55.13177646284098
3127.0,55.49815081789171
3128.0,55.87470676451523
3129.0,56.102035312043355
3130.0,56.239992073754415
3131.0,56.553283171261256
3132.0,56.52200658481386
3133.0,56.2713541545288
3134.0,55.45045752275582
3135.0,54.60108872383158
3136.0,54.492149672988354
3137.0,55.19008344125598
3138.0,55.85459599341175
3139.0,56.70829242276435
3140.0,57.64375683920959
3141.0,58.460172219807426
3142.0,59.393871750356894
3143.0,60.33521873059472
3144.0,106.6442528461869
3145.0,140.9264978589192
3146.0,113.6194524100329
3147.0,88.82812096625244
3148.0,73.97831227408102
3149.0,149.0038203824771
3150.0,63.62104905409556
3151.0,110.21429295014792
3152.0,117.21913954275968
3153.0,63.70546785846051
3154.0,63.00531340788127
3155.0,134.91648349893472
3156.0,60.73792933886689
3157.0,61.12304876958837
3158.0,62.27126284063937
3159.0,63.29788060929536
3160.0,64.62346604882396
3161.0,65.52942786139711
3162.0,66.25799680550874
3163.0,66.73015374190366
3164.0,67.1950623420235
3165.0,80.81335510634099
3166.0,68.52003923718192
3167.0,69.24595163715055
3168.0,69.69906211623517
3169.0,69.49923622249999
3170.0,68.78882100555887
3171.0,89.59181662691745
3172.0,68.14768433589953
3173.0,94.71750790840531
3174.0,68.78903417211636
3175.0,68.43166214061796
3176.0,67.27698652803716
3177.0,66.49916481424788
3178.0,67.1443722189181
3179.0,68.43214102845984
3180.0,69.44479628548063
3181.0,69.82844425876527
3182.0,70.47530406303173
3183.0,71.41246597314772
3184.0,72.52355893675994
3185.0,73.52831127155906
3186.0,74.19930413987996
3187.0,74.631072272926
3188.0,74.95978468152569
3189.0,75.32481656424942
3190.0,75.928700010041
3191.0,76.42070885072795
3192.0,76.31895505976703
3193.0,75.5779539180181
3194.0,74.01409297909647
3195.0,72.4318187747818
3196.0,72.25812379366941
3197.0,72.86154725012229
3198.0,73.41278073495025
3199.0,72.95824214725349
3200.0,71.88129145877679
3201.0,71.69792184571376
3202.0,72.75674784579782
3203.0,74.18776467736247
3204.0,75.41793098394994
3205.0,76.26081065260881
3206.0,76.69832416466413
3207.0,77.39011865950037
3208.0,78.38122165589212
3209.0,79.19110020636721
3210.0,111.79991996913927
3211.0,169.383511841663
3212.0,99.27515756070284
3213.0,194.6933652600997
3214.0,80.23178750763628
3215.0,168.9008333650949
3216.0,80.44856055603556
3217.0,170.92626019916977
3218.0,80.18933290217674
3219.0,89.16023288528507
3220.0,142.1312945389241
3221.0,75.20686559854751
3222.0,75.64380210068788
3223.0,159.23904045795808
3224.0,77.57615406142449
3225.0,77.93920851798129
3226.0,76.52411524001259
3227.0,75.79568876864033
3228.0,76.36368997704315
3229.0,77.45990597050627
3230.0,78.71873331172633
3231.0,97.2547626602539
3232.0,80.89585180246651
3233.0,81.76615653764642
3234.0,82.45735759798015
3235.0,83.10608704791736
3236.0,83.58750842204516
3237.0,105.94488537394577
3238.0,84.48235405393507
3239.0,84.66059553088513
3240.0,96.04302453040904
3241.0,83.93907129885206
3242.0,83.33461957662016
3243.0,83.10752359261691
3244.0,83.15278105807322
3245.0,83.22310913109452
3246.0,83.02959986829917
3247.0,81.78398853619835
3248.0,79.71718429711554
3249.0,78.65837226576942
3250.0,79.03790367785479
3251.0,79.85211415821611
3252.0,80.86723878805634
3253.0,81.70329816321065
3254.0,81.81541454312318
3255.0,81.2844776317636
3256.0,81.30291244005895
3257.0,81.91056350622533
3258.0,82.65730778230859
3259.0,98.25011074871182
3260.0,113.90316264395761
3261.0,110.14315148995544
3262.0,90.94337296154413
3263.0,113.54978623555951
3264.0,119.65602933801486
3265.0,85.97514560929586
3266.0,154.44779087844339
3267.0,86.3788715485526
3268.0,101.8704136693239
3269.0,86.45690294644504
3270.0,120.23571679476214
3271.0,85.32197380016869
3272.0,84.70842123548557
3273.0,154.88795547600557
3274.0,84.70587826056132
3275.0,85.00122595156014
3276.0,85.1293338690818
3277.0,137.87751852178383
3278.0,83.34438740705657
3279.0,82.08742054423506
3280.0,81.60053469501683
3281.0,81.86926924676057
3282.0,158.29774450589372
3283.0,98.14935118657493
3284.0,84.08718625564475
3285.0,84.7686577340271
3286.0,85.33984078603076
3287.0,108.1016063355971
3288.0,127.57168930376868
3289.0,86.70137103111293
3290.0,130.92879226437788
3291.0,87.27212901760136
3292.0,101.83920776603256
3293.0,87.6644978062611
3294.0,109.34310618390067
3295.0,87.80827211477835
3296.0,154.855286242183
3297.0,122.45525675026363
3298.0,141.66198335278102
3299.0,138.12702343322547
3300.0,87.8370089073594
3301.0,167.87671483427283
3302.0,86.88799312354412
3303.0,158.3947135428926
3304.0,134.59209948897956
3305.0,85.62566239211822
3306.0,85.85541094271187
3307.0,155.53128512540053
3308.0,86.30575620549179
3309.0,86.09193629281914
3310.0,85.19418989334775
3311.0,166.57277333318422
3312.0,103.30957651092072
3313.0,85.1589580666337
3314.0,118.41520888549123
3315.0,113.21597538207557
3316.0,86.59308130771866
3317.0,86.9745575559224
3318.0,87.32232163391078
3319.0,87.59360963584318
3320.0,116.64923236696319
3321.0,88.0567045313522
3322.0,88.24095620566592
3323.0,88.37966536143034
3324.0,88.51389817176052
3325.0,117.6385712085468
3326.0,88.63405619552078
3327.0,105.57610021385487
3328.0,88.57542072983563
3329.0,110.15972438456092
3330.0,95.55136529459907
3331.0,101.47298096763059
3332.0,113.4883130935928
3333.0,88.19927489336015
3334.0,100.15246175205851
3335.0,87.76385840157002
3336.0,96.58119583143039
3337.0,97.00993795542928
3338.0,86.21140675047818
3339.0,86.38241872495755
3340.0,86.69160878050718
3341.0,87.02885394576018
3342.0,87.3850642869671
3343.0,87.68565152421095
3344.0,87.92949509848431
3345.0,88.11265890684905
3346.0,88.23661988025486
3347.0,88.34493855662048
3348.0,88.47533201034697
3349.0,88.61678066208762
3350.0,88.7498705032567
3351.0,88.8829923643519
3352.0,88.97895241550933
3353.0,89.04842190081195
3354.0,89.09242523229203
3355.0,89.1233625155776
3356.0,89.13080729820635
3357.0,89.1316167154113
3358.0,89.15506443621825
3359.0,89.18562704360342
3360.0,89.18284102344575
3361.0,89.15266661684167
3362.0,89.05100447570167
3363.0,88.88952062619765
3364.0,88.64906922167332
3365.0,88.47793474141895
3366.0,88.44023539258482
3367.0,88.48651974705808
3368.0,88.54663104646164
3369.0,111.54195396035902
3370.0,165.72550614452948
3371.0,136.25568389669905
3372.0,121.21866710389494
3373.0,158.8956985965629
3374.0,133.93177666303194
3375.0,157.07478272363403
3376.0,139.41397498264058
3377.0,141.0212964449951
3378.0,141.39233086007516
3379.0,160.92441921707274
3380.0,88.63555422609092
3381.0,103.30735573225937
3382.0,152.05498552432417
3383.0,113.32171418165585
3384.0,89.10942254438567
3385.0,98.92828028789098
3386.0,141.62083892863626
3387.0,89.2485183031836
3388.0,89.29527833943055
3389.0,89.32373591323201
3390.0,89.32788106992442
3391.0,89.3265988625297
3392.0,89.32531868467333
3393.0,89.30803917352057
3394.0,89.27150181584439
3395.0,89.24615688032917
3396.0,89.24488585463176
3397.0,89.24361683738248
3398.0,89.21692470417265
3399.0,89.13644157874987
3400.0,88.92163531353411
3401.0,88.64555307656475
3402.0,88.47048828805607
3403.0,88.47862539969138
3404.0,88.55687731737162
3405.0,88.66976250202241
3406.0,88.77265665192402
3407.0,88.87590574397483
3408.0,88.97219697559638
3409.0,89.05491747081662
3410.0,89.12552936164917
3411.0,89.18812198850918
3412.0,89.24218501233563
3413.0,89.28813710773265
3414.0,89.32498913776676
3415.0,89.3533418137121
3416.0,89.38042664805666
3417.0,89.39080553993544
3418.0,89.39382329477165
3419.0,89.39910841101403
3420.0,89.3994867574221
3421.0,108.93814613349909
3422.0,111.38895793108131
3423.0,89.42413735920023
3424.0,106.52712244825564
3425.0,107.75041192045886
3426.0,89.42916994524008
3427.0,89.41545645440148
3428.0,89.39380304949425
3429.0,89.36465659356732
3430.0,89.34457418831784
3431.0,89.30780379990838
3432.0,119.74792954863003
3433.0,89.2637748978641
3434.0,89.26697290802979
3435.0,89.26911755069327
3436.0,113.62599718360472
3437.0,142.81800184038627
3438.0,89.11761446533771
3439.0,88.92300312169186
3440.0,88.78537137711206
3441.0,88.7437805870098
3442.0,88.7814267655741
3443.0,88.8578143034807
3444.0,88.94075572668906
3445.0,89.02371001658527
3446.0,89.10741529636603
3447.0,89.17441526702163
3448.0,89.22542278121446
3449.0,89.27101152317769
3450.0,89.30893561401156
3451.0,103.97236685764011
3452.0,117.42474319231718
3453.0,125.98722749558522
3454.0,152.8677433526237
3455.0,110.17096141900008
3456.0,140.70829152327747
3457.0,95.53927965868772
3458.0,144.39707928813053
3459.0,111.43706870891626
3460.0,89.4808359966131
3461.0,134.72427621298314
3462.0,107.85958673192013
3463.0,89.54363017087039
3464.0,89.55562623453825
3465.0,106.67882186950885
3466.0,89.56121949069727
3467.0,89.56823873740622
3468.0,89.56709777085375
3469.0,89.56595856455705
3470.0,89.55730876452883
3471.0,89.54076590924815
3472.0,89.50709380234052
3473.0,89.4659033066455
3474.0,89.44029533927839
3475.0,89.43008173944773
3476.0,89.42895638742273
3477.0,89.4519618446587
3478.0,89.47872598977094
3479.0,117.61379692889966
3480.0,145.75615450325904
3481.0,154.33724452077035
3482.0,191.03593473676062
3483.0,166.60296636238917
3484.0,160.49812507119458
3485.0,111.59034589436398
3486.0,216.77443569064687
3487.0,89.57801974280862
3488.0,127.49445374217402
3489.0,203.3408338934895
3490.0,111.61317198696985
3491.0,89.59511588487464
3492.0,149.54353960893354
3493.0,89.59806545110463
3494.0,107.94054552425182
3495.0,89.58815074234256
3496.0,150.72773276491634
3497.0,89.56749152811557
3498.0,109.14239484558291
3499.0,89.57560506714287
3500.0,89.57451830902502
3501.0,105.4725069431149
3502.0,89.57234976730982
3503.0,101.80092051173058
3504.0,105.46867165473259
3505.0,89.57784187469653
3506.0,106.7006815491976
3507.0,104.25360924567947
3508.0,89.57663815062978
3509.0,89.57556608658535
3510.0,100.5803050483132
3511.0,101.79228665948457
3512.0,89.5530392283329
3513.0,106.63315312763739
3514.0,94.37095529959731
3515.0,89.45006379439518
3516.0,89.42373534337509
3517.0,89.40650651280058
3518.0,113.9262941886185
3519.0,89.4392835337659
3520.0,89.45902585945927
3521.0,89.47635213582492
3522.0,100.52809424573395
3523.0,89.4962152821129
3524.0,89.49553258756758
3525.0,89.50359820147293
3526.0,89.51173231279323
3527.0,89.51982511672257
3528.0,89.52324850704323
3529.0,89.52530671430868
3530.0,89.5333923343939
3531.0,89.54154488268922
3532.0,89.54060162076038
3533.0,89.53956803058388
3534.0,89.54427599508705
3535.0,89.54825655639374
3536.0,89.54722751801351
3537.0,89.54620003256598
3538.0,89.54517409721066
3539.0,89.54414970911319
3540.0,89.54312686544527
3541.0,89.54210556338475
3542.0,102.98500002007215
3543.0,116.42200430083203
3544.0,111.53081168500125
3545.0,122.52994502354059
3546.0,134.75179080703887
3547.0,127.41613474267697
3548.0,135.9653559840477
3549.0,122.51151568644488
3550.0,122.50966533683467
3551.0,111.50756946466785
3552.0,117.60707679989284
3553.0,89.49772332165708
3554.0,120.04301616624119
3555.0,133.48164215956302
3556.0,128.59312609399097
3557.0,162.80239102914155
3558.0,110.25367030679978
3559.0,165.2231733267073
3560.0,101.69009039389053
3561.0,89.46826175448871
3562.0,184.74472136505136
3563.0,99.23747004871042
3564.0,100.44835062259263
3565.0,214.0290356649355
3566.0,108.97990613403826
3567.0,89.42555925446577
3568.0,104.06492008624609
3569.0,150.4362104408882
3570.0,89.39548459831595
3571.0,89.39396780868117
3572.0,89.39299421651177
3573.0,89.38696600667592
3574.0,89.37699472923079
3575.0,89.36859464180974
3576.0,89.36762707655568
3577.0,89.35781359944217
3578.0,89.35495318844471
3579.0,102.76767862620014
3580.0,89.33861537398391
3581.0,89.3305832698278
3582.0,89.3294456269515
3583.0,89.31953688681403
3584.0,102.72326789682995
3585.0,89.30527434110638
3586.0,89.30038322741795
3587.0,89.29048123694443
3588.0,89.28057799030479
3589.0,89.27060429003394
3590.0,89.2606962685305
3591.0,89.25075238738066
3592.0,89.24081852208934
3593.0,89.23092700652651
3594.0,89.22103722568004
3595.0,89.21114917662811
3596.0,89.20126285645522
3597.0,89.19728413085251
3598.0,89.19214360869707
3599.0,89.1846781141842
3600.0,89.18224308364404
3601.0,89.17975076511802
3602.0,89.17854672101055
3603.0,89.17496356325677
3604.0,89.16929503287169
3605.0,89.16837002187712
3606.0,89.16744637664287
3607.0,89.1665240947256
3608.0,89.17313436368785
3609.0,89.17541995050699
3610.0,89.17858323143625
3611.0,89.18505293479055
3612.0,89.19113105159737
3613.0,89.19909235178008
3614.0,89.21059278759229
3615.0,89.21860141651767
3616.0,108.72432105563071
3617.0,139.2002481937562
3618.0,139.21854226982904
3619.0,129.4912509192647
3620.0,122.19318699961883
3621.0,107.58060813209671
3622.0,127.1054887194286
3623.0,102.73097380838762
3624.0,117.38575484271547
3625.0,110.07915265970482
3626.0,90.56942179265282
3627.0,102.78348350298788
3628.0,89.37519530693905
3629.0,115.01207789076618
3630.0,106.47938364352822
3631.0,126.0175730335693
3632.0,89.4062828259793
3633.0,133.36074750629052
3634.0,102.84851199254948
3635.0,112.62053476212006
3636.0,110.18422026054053
3637.0,145.60451098882044
3638.0,101.65049727573641
3639.0,113.86690659214227
3640.0,117.5349479322146
3641.0,100.43845234112369
3642.0,116.31404523992582
3643.0,123.64084662154713
3644.0,124.86717986067717
3645.0,89.4512161071581
3646.0,89.45183480407616
3647.0,111.43516197387535
3648.0,89.45191286212403
3649.0,89.45566843364568
3650.0,106.55920151710356
3651.0,96.78862624784604
3652.0,89.45917745674244
3653.0,89.45831211373907
3654.0,89.4652816051582
3655.0,89.4730497843843
3656.0,89.47342454131059
3657.0,89.47274797489767
3658.0,89.47237511084192
3659.0,89.47322882238092
3660.0,89.47376518836114
3661.0,89.47290964821462
3662.0,89.47205534950582
3663.0,89.47120229005257
3664.0,89.4703504676772
3665.0,89.46949988020657
3666.0,98.0194660030622
3667.0,89.46780240130934
3668.0,89.46915573029783
3669.0,95.57978381319465
3670.0,89.47127118183839
3671.0,104.12903327054788
3672.0,89.4695495706955
3673.0,89.468708735241
3674.0,96.79697879659815
3675.0,89.46703068788173
3676.0,89.46619347586244
3677.0,104.12316504192738
3678.0,89.4645227113299
3679.0,89.46368913159489
3680.0,89.46285675678116
3681.0,89.46202557488894
3682.0,89.46119559644387
3683.0,89.46036682018156
3684.0,89.45953922308408
3685.0,89.45871282832687
3686.0,89.45788765069284
3687.0,89.45706363151852
3688.0,89.45624076726975
3689.0,89.4554191604003
3690.0,89.45459867396988
3691.0,89.30793085988512
3692.0,89.16126684305361
3693.0,89.01460670512084
3694.0,88.86795035872511
3695.0,88.72129788764845
3696.0,88.57464921127998
3697.0,88.42800429870142
3698.0,88.28136323410179
3699.0,117.44441323180348
3700.0,123.40364366494961
3701.0,129.36276813278297
3702.0,118.22493337045253
3703.0,107.08875624135614
3704.0,111.82377936203318
3705.0,120.2265975145795
3706.0,104.20461012624307
3707.0,93.06750857639699
3708.0,102.68995587234072
3709.0,97.65870502550666
3710.0,112.16540805191147
3711.0,102.24974319958048
3712.0,99.68892722901566
3713.0,86.08219773457368
3714.0,85.93561640849965
3715.0,85.78903876098407
3716.0,102.73718368099581
3717.0,85.49589442448921
3718.0,96.3385960400041
3719.0,85.20276468410556
3720.0,85.05620525109084
3721.0,93.45663310221516
3722.0,84.76309729146827
3723.0,101.71021674450886
3724.0,84.47000378435463
3725.0,84.32346243584914
3726.0,84.17692469304687
3727.0,84.03039046586056
3728.0,83.88385988345806
3729.0,98.38828212299981
3730.0,83.59080934290505
3731.0,83.44428943278577
3732.0,96.72746203907423
3733.0,96.58083325640656
3734.0,98.87593813945075
3735.0,125.58821351701116
3736.0,122.99824594583887
3737.0,100.87157148046158
3738.0,108.0498159904685
3739.0,114.00704361578596
3740.0,173.67690785589338
3741.0,143.0196067142604
3742.0,111.12438838873871
3743.0,104.87418843658074
3744.0,81.53441025436355
3745.0,163.17350705078115
3746.0,81.24149142213936
3747.0,81.09503717136081
3748.0,152.9669289301783
3749.0,80.80213896597219
3750.0,80.65466688899556
3751.0,91.4910821179962
3752.0,96.22659406437279
3753.0,80.21312877246943
3754.0,80.06280390852648
3755.0,90.89794357624321
3756.0,116.38060300778395
3757.0,79.62112590995508
3758.0,79.47283944462184
3759.0,90.30943004485533
3760.0,102.36259766223989
3761.0,87.56791811118278
3762.0,78.87969457697383
3763.0,78.7333295969
3764.0,78.58548952069034
3765.0,102.83739912008795
3766.0,84.385080006631
3767.0,87.93526003076856
3768.0,77.98876106131223
3769.0,77.8392630712046
3770.0,77.69021217818873
3771.0,87.29885908551589
3772.0,78.61270177568052
3773.0,82.11774272356247
3774.0,92.9427206657544
3775.0,84.25275150019651
3776.0,140.19224641489689
3777.0,85.17320916142347
3778.0,76.48436904376325
3779.0,109.2516326722076
3780.0,76.18342459933066
3781.0,76.03167096148917
3782.0,96.59956628285755
3783.0,87.91400349448324
3784.0,75.57709286127313
3785.0,75.42687815947723
3786.0,124.01510763149537
3787.0,82.43288653363985
3788.0,74.97474369513708
3789.0,74.82416677603591
3790.0,74.67161255353085
3791.0,89.13672030846443
3792.0,85.33527356365943
3793.0,94.92600754448942
3794.0,85.03396512273895
3795.0,73.9269444834896
3796.0,112.74717793526597
3797.0,73.62899030101997
3798.0,88.09478529561156
3799.0,84.29186325401655
3800.0,76.83922834780654
3801.0,79.12869871380798
3802.0,82.63627641760208
3803.0,82.49100506477194
3804.0,72.60799838471405
3805.0,72.46412961128134
3806.0,72.31915847474073
3807.0,72.17499319641249
3808.0,72.03417087396019
3809.0,71.89168488928863
3810.0,71.74719117383252
3811.0,80.1335095231322
3812.0,71.4623196717604
3813.0,71.32091277688188
3814.0,83.36583626943133
3815.0,103.93071642460961
3816.0,106.23190117346937
3817.0,114.61916476791095
3818.0,108.38813826777299
3819.0,81.44353699326528
3820.0,87.39778241284455
3821.0,83.60150568174437
3822.0,122.45855987696538
3823.0,96.73812314924483
3824.0,90.49111748528699
3825.0,91.57018679568621
3826.0,82.89466123055524
3827.0,90.06757508219114
3828.0,92.36511089277866
3829.0,76.37138761468148
3830.0,98.17633525125248
3831.0,107.78741237018113
3832.0,151.53909605786419
3833.0,103.84514643228353
3834.0,139.06321640737673
3835.0,79.16955496522279
3836.0,124.14689187776074
3837.0,67.91009674917507
3838.0,67.76498412262455
3839.0,170.05761707617813
3840.0,80.88732148964397
3841.0,67.3305166069325
3842.0,81.8215833055997
3843.0,106.06670787821335
3844.0,66.896274701514
3845.0,66.75014402714835
3846.0,86.11752420209643
3847.0,127.43954602513091
3848.0,76.07423277818117
3849.0,102.7594508511633
3850.0,70.90319936139024
3851.0,95.14923002419553
3852.0,93.78412730867655
3853.0,65.58902379119395
3854.0,65.44294832301358
3855.0,70.19404118416456
3856.0,81.00572039060219
3857.0,80.85948052205643
3858.0,64.8584841578145
3859.0,64.71237501902117
3860.0,64.56850849629946
3861.0,64.42437876386893
3862.0,64.27844178835622
3863.0,64.13224482075697
3864.0,63.98613961020868
3865.0,63.840037169701304
3866.0,82.03929333849473
3867.0,63.54784037851464
3868.0,63.40174603364176
3869.0,63.255654439381395
3870.0,63.10956549825068
3871.0,63.120884258709246
3872.0,63.13220351902472
3873.0,63.14352318679001
3874.0,63.15484329441537
3875.0,63.166163855094986
3876.0,63.17748487404147
3877.0,75.38378228004728
3878.0,63.20012820717601
3879.0,63.211450524059316
3880.0,63.222773308083724
3881.0,63.23409653605459
3882.0,63.245420163372245
3883.0,63.256744251105694
3884.0,74.2851048065181
3885.0,63.279393751388405
3886.0,63.290719155063414
3887.0,63.302044976937545
3888.0,63.31337124142818
3889.0,63.324697961691726
3890.0,120.27541623953405
3891.0,73.1023774179598
3892.0,63.358680672175964
3893.0,63.37000911188511
3894.0,63.381337976654606
3895.0,63.3926672736683
3896.0,63.40399701974855
3897.0,63.41532715400781
3898.0,63.42665776596885
3899.0,63.43798875619935
3900.0,63.44932020886384
3901.0,63.460652073943145
3902.0,63.47198436686071
3903.0,63.483316672163134
3904.0,63.49461189293421
3905.0,63.50607439373705
3906.0,134.23515879227534
3907.0,76.94242733138505
3908.0,120.84847230825824
3909.0,108.66505811060085
3910.0,95.26450524231626
3911.0,114.78470625244663
3912.0,85.53290938970335
3913.0,84.32557162045619
3914.0,92.87326234195987
3915.0,97.80833182308979
3916.0,91.67647881673966
3917.0,85.59149538212016
3918.0,78.2873750827204
3919.0,83.17546031332571
3920.0,83.18667038833755
3921.0,79.53636216420627
3922.0,69.80349199593331
3923.0,69.80783014030204
3924.0,80.79317732010338
3925.0,85.68105524368292
3926.0,83.25394492438642
3927.0,75.95028334752956
3928.0,68.64671889886105
3929.0,88.16410941245985
3930.0,68.66934341937224
3931.0,69.89977002020606
3932.0,83.32123981686254
3933.0,63.8268920278193
3934.0,78.46731688755867
3935.0,63.849584853271296
3936.0,63.86093186243632
3937.0,63.87227928633474
3938.0,63.88362710805052
3939.0,68.77117588123772
3940.0,63.906323979652896
3941.0,80.98415321462598
3942.0,83.43344470195231
3943.0,83.44466832497642
3944.0,111.49313656179748
3945.0,94.43814237402637
3946.0,81.04035320352949
3947.0,94.46045249763571
3948.0,63.99712745968675
3949.0,84.73099373024439
3950.0,99.36977670557128
3951.0,64.03118534768774
3952.0,72.5751747422808
3953.0,135.9713648182378
3954.0,64.06524679407258
3955.0,79.93664871918617
3956.0,64.0879563934345
3957.0,99.44767846688022
3958.0,71.42407630908272
3959.0,64.12202374821626
3960.0,64.133380307915
3961.0,75.12399296587083
3962.0,77.56367165085068
3963.0,72.69896003426066
3964.0,64.17857851511636
3965.0,64.1883597703696
3966.0,64.1984622323058
3967.0,64.21285662064305
3968.0,64.22424352368753
3969.0,64.2332877365868
3970.0,64.24566617700465
3971.0,64.25567915819273
3972.0,64.26317120799511
3973.0,64.27303554197553
3974.0,64.28684982582797
3975.0,97.17688527554947
3976.0,69.19013360372267
3977.0,64.32650121991053
3978.0,64.33786413481698
3979.0,120.41020655378185
3980.0,64.36058572772576
3981.0,64.37326582878482
3982.0,102.15985568680287
3983.0,77.7978921265348
3984.0,64.40478891773476
3985.0,77.8168002659668
3986.0,85.14648481171166
3987.0,64.44013819604226
3988.0,64.45003239970954
3989.0,80.30386464538893
3990.0,86.4022243667477
3991.0,69.35919565105048
3992.0,64.49630321122939
3993.0,64.50394222714789
3994.0,75.48738991566415
3995.0,87.68491246702588
3996.0,64.53938426893711
3997.0,64.55162625516981
3998.0,64.56115453679742
3999.0,64.57503616706911
4000.0,77.98832786886966
4001.0,90.18350238607013
4002.0,64.60468151824597
4003.0,64.61622495850513
4004.0,64.62909275422999
4005.0,64.64025783824965
4006.0,64.65140707642122
4007.0,64.66086678670213
4008.0,64.67245871366968
4009.0,117.07680126082988
4010.0,79.32775831990462
4011.0,115.86885949891416
4012.0,89.08579415492363
4013.0,91.53393958086605
4014.0,86.6737221143886
4015.0,106.17909815682619
4016.0,64.7631392106685
4017.0,91.57704531875345
4018.0,86.71490259677208
4019.0,70.88790385309747
4020.0,78.2087575496168
4021.0,80.66569707434076
4022.0,86.75871027345033
4023.0,72.15055950962584
4024.0,64.85216411530249
4025.0,84.35509904436427
4026.0,77.08009232437327
4027.0,74.63134629592543
4028.0,73.42421228799105
4029.0,64.90795366447631
4030.0,86.85102673087727
4031.0,73.4574548360122
4032.0,64.94143230802396
4033.0,71.04332562696027
4034.0,73.4907014581359
4035.0,64.9749145875762
4036.0,64.98607615660039
4037.0,64.99723812872496
4038.0,65.00840050609432
4039.0,65.0195632852767
4040.0,65.03072647615143
4041.0,65.04189004321388
4042.0,65.05305403849793
4043.0,65.06421842146027
4044.0,72.38353074030171
4045.0,85.7927789387994
4046.0,89.46229521042429
4047.0,77.2842645992895
4048.0,85.82571674621538
4049.0,108.97812071112602
4050.0,65.1423794438014
4051.0,65.15354699902494
4052.0,165.03553312262113
4053.0,65.17588332699663
4054.0,65.18705206393483
4055.0,65.19820808190738
4056.0,112.70714556894214
4057.0,65.22045958797838
4058.0,65.23156469232262
4059.0,73.76763685393945
4060.0,103.00687377053691
4061.0,81.09580860694128
4062.0,70.1433370082453
4063.0,98.16400727943042
4064.0,87.21470153183478
4065.0,73.83005653703448
4066.0,98.19874692930532
4067.0,110.38925310218349
4068.0,67.78054356219853
4069.0,89.71291370920292
4070.0,93.37722995469774
4071.0,65.37921597250505
4072.0,65.3902244122537
4073.0,65.4012459757408
4074.0,65.4122697280152
4075.0,65.42329295040074
4076.0,65.4343226000417
4077.0,92.23454547650898
4078.0,65.45637197386529
4079.0,65.46740507136862
4080.0,74.00199803450377
4081.0,98.36575032061324
4082.0,125.16421538347097
4083.0,81.34061730779464
4084.0,88.65710510779209
4085.0,65.533773124345
4086.0,76.50302276421557
4087.0,93.55379804587099
4088.0,87.48893732176225
4089.0,65.57806772193612
4090.0,78.98189959653607
4091.0,66.81774689590792
4092.0,72.9350162816847
4093.0,86.31586571038636
4094.0,76.58702942193301
4095.0,77.81557600731816
4096.0,76.60918963163773
4097.0,70.55173451777031
4098.0,92.45791574995432
4099.0,79.07725482613981
4100.0,81.58382263511987
4101.0,76.66843034783136
4102.0,79.10933577161089
4103.0,74.23346945738082
4104.0,65.74159527450385
4105.0,86.44771820564435
4106.0,65.76397051204214
4107.0,65.77515868221798
4108.0,99.87117413748763
4109.0,81.62249556053501
4110.0,77.98166138887343
4111.0,80.42731629559368
4112.0,65.83110502776798
4113.0,65.84229539243042
4114.0,65.85348612115344
4115.0,74.38539675325866
4116.0,86.56888044534374
4117.0,65.88706048689052
4118.0,65.89825266706433
4119.0,65.9094452089068
4120.0,65.92063811194195
4121.0,65.93183137569457
4122.0,89.06944962983651
4123.0,73.25724903057737
4124.0,79.35419681984045
4125.0,65.9766080284014
4126.0,84.24496954706754
4127.0,65.99899850675988
4128.0,73.31294697477233
4129.0,90.36373650900086
4130.0,66.03258690371942
4131.0,66.04378374867777
4132.0,83.09420021281652
4133.0,66.06617850475028
4134.0,74.59684119799391
4135.0,66.08857467926096
4136.0,80.7043225766451
4137.0,88.01760294542495
4138.0,77.07539390942993
4139.0,77.08650502416485
4140.0,84.41833770729737
4141.0,72.24069934139212
4142.0,66.1669724067506
4143.0,66.17817348760528
4144.0,66.18914922579246
4145.0,66.19994234372255
4146.0,66.21143842358312
4147.0,89.3437136320191
4148.0,66.23418413272174
4149.0,66.24538730672495
4150.0,66.25659082799535
4151.0,66.26779469608037
4152.0,66.27835483443796
4153.0,66.2887323981865
4154.0,66.29974977811287
4155.0,66.31086494545832
4156.0,66.32191605532249
4157.0,106.4850869303032
4158.0,99.19520201035326
4159.0,89.47246836961978
4160.0,100.43354722306637
4161.0,66.37724036844214
4162.0,102.88838102755504
4163.0,87.0825857009057
4164.0,66.41050454385739
4165.0,118.73676758777991
4166.0,132.1299108681738
4167.0,87.12583676769358
4168.0,89.56982106323832
4169.0,102.96266271549024
4170.0,122.43944634667629
4171.0,88.3863286957466
4172.0,71.36556929024756
4173.0,84.75863007801917
4174.0,128.56019418404105
4175.0,66.5354240871949
4176.0,81.1440808002692
4177.0,94.52471782662361
4178.0,72.64487248079773
4179.0,123.74801824715283
4180.0,78.74951800495738
4181.0,66.59607660960464
4182.0,66.6072896625635
4183.0,66.61850304819424
4184.0,84.87600670857078
4185.0,80.02151114665664
4186.0,66.65214519683039
4187.0,106.80446508862372
4188.0,81.2712244180535
4189.0,66.68579032410852
4190.0,94.67346571337279
4191.0,75.22208867208842
4192.0,66.71943841853677
4193.0,66.73065510740123
4194.0,66.74187212425562
4195.0,66.75308946867838
4196.0,89.87422884230315
4197.0,66.77552513854616
4198.0,66.78674346315142
4199.0,66.79796211364562
4200.0,66.80918108961048
4201.0,66.81189160160892
4202.0,96.00468629828667
4203.0,66.81731399356033
4204.0,66.82002587229577
4205.0,71.68762973936963
4206.0,71.70896267299648
4207.0,66.82816423225647
4208.0,82.64137163803633
4209.0,97.23812308852015
4210.0,66.83630666514881
4211.0,66.83902171172925
4212.0,66.84173720844993
4213.0,66.84445315471157
4214.0,66.84716954991589
4215.0,66.84988639346554
4216.0,66.85260368476428
4217.0,92.3930744877097
4218.0,66.85803960822865
4219.0,66.86075823920656
4220.0,66.86347731555814
4221.0,66.866196836692
4222.0,66.86891680201772
4223.0,66.87163721094582
4224.0,66.87435806288786
4225.0,66.87707935725632
4226.0,66.87954313664245
4227.0,97.28071457011973
4228.0,66.884433037344
4229.0,66.88686266719232
4230.0,66.88929757699437
4231.0,66.89164511069401
4232.0,66.89399284937593
4233.0,66.89632916416791
4234.0,66.89867692110265
4235.0,66.90101467712933
4236.0,66.90336532147718
4237.0,93.64999292924854
4238.0,66.90446517902335
4239.0,66.90719227886011
4240.0,66.9099198123738
4241.0,66.9126477789923
4242.0,66.91537617814433
4243.0,66.91810500925969
4244.0,66.92083427176892
4245.0,66.92356396510368
4246.0,66.92629408869645
4247.0,66.92902464198065
4248.0,97.3219489179781
4249.0,87.59908823403667
4250.0,82.73886195171292
4251.0,75.44775588056042
4252.0,86.39018223135898
4253.0,77.87507772195536
4254.0,66.95483982879198
4255.0,86.39706301810992
4256.0,66.95128480847967
4257.0,66.95378980844797
4258.0,66.956306035606
4259.0,66.95879596538857
4260.0,66.96134823603464
4261.0,66.96405730466309
4262.0,66.96681580992278
4263.0,66.96955502140439
4264.0,66.9723123999857
4265.0,66.97505742057741
4266.0,66.9778094467276
4267.0,66.9805613553396
4268.0,66.98330864493295
4269.0,66.98606502033039
4270.0,66.98884582330942
4271.0,66.99171250751446
4272.0,66.99461070575076
4273.0,77.93566892714621
4274.0,67.00013327185128
4275.0,67.00257837070731
4276.0,67.00610440633267
4277.0,67.00909407579886
4278.0,67.011990500564
4279.0,67.01487911429741
4280.0,67.01778124418402
4281.0,80.38896152830529
4282.0,67.0235147641282
4283.0,67.0263775746498
4284.0,67.0292369593223
4285.0,80.40013743950881
4286.0,84.04871736785054
4287.0,67.03780652213787
4288.0,74.3321949933616
4289.0,67.0435373905131
4290.0,67.0463783198983
4291.0,67.04879890545594
4292.0,67.05191362545195
4293.0,80.42205963377198
4294.0,67.05743078380011
4295.0,67.0601901485033
4296.0,67.06294961506228
4297.0,67.06570780840497
4298.0,67.06847398354311
4299.0,81.65322840336822
4300.0,82.87101092714724
4301.0,67.07658846184151
4302.0,67.07916904097418
4303.0,67.08175667599288
4304.0,67.08435733402634
4305.0,87.7436904416676
4306.0,67.08954463790128
4307.0,67.09214433125761
4308.0,67.09472392799154
4309.0,67.09731137099944
4310.0,67.09985887308464
4311.0,75.60078842723397
4312.0,67.11132395954917
4313.0,84.11688025148187
4314.0,67.1092023773216
4315.0,97.484621666662
4316.0,76.82993541822553
4317.0,80.47697355665665
4318.0,85.33888602781613
4319.0,92.63102632559813
4320.0,75.62551644960054
4321.0,67.12313735910027
4322.0,67.12476011235321
4323.0,93.85241532157114
4324.0,67.12970881542256
4325.0,67.13211070703517
4326.0,67.13452652537809
4327.0,74.42526367138792
4328.0,67.13817912318672
4329.0,67.1382185836562
4330.0,67.14098225081713
4331.0,67.14374630312886
4332.0,67.1465107400978
4333.0,67.14927556123111
4334.0,67.15204076603679
4335.0,67.15480635402355
4336.0,67.15757232470095
4337.0,67.16033867757928
4338.0,67.16310541216967
4339.0,67.16587252798398
4340.0,67.16864002453485
4341.0,67.17140790133575
4342.0,99.7545565035251
4343.0,67.17694479374516
4344.0,67.17971380838442
4345.0,67.18248320133512
4346.0,67.18525297211461
4347.0,67.18802312024089
4348.0,67.19079364523282
4349.0,67.19356454661
4350.0,67.19633582389277
4351.0,67.19910747660224
4352.0,67.20187950426028
4353.0,67.20465190638954
4354.0,67.20742468251342
4355.0,67.21019783215606
4356.0,67.21297135484235
4357.0,67.21574525009798
4358.0,67.21851951744934
4359.0,67.22129415642358
4360.0,67.22406916654867
4361.0,67.22684454735318
4362.0,67.22962029836654
4363.0,67.23239641911894
4364.0,67.23517290914124
4365.0,67.23794976796508
4366.0,67.24072699512283
4367.0,67.2435045901476
4368.0,67.24628255257326
4369.0,97.71690822737384
4370.0,68.15125143550392
4371.0,67.25458160923183
4372.0,67.25690577238039
4373.0,67.25922673893174
4374.0,67.26154978178228
4375.0,67.26388240182854
4376.0,67.26621941523408
4377.0,67.26853572329446
4378.0,67.27086865689161
4379.0,67.2731945043785
4380.0,67.27547295183979
4381.0,67.27435146248104
4382.0,67.27713418585407
4383.0,67.27991726968013
4384.0,80.63725566199717
4385.0,67.28548451687418
4386.0,75.78600225640392
4387.0,67.28998662004769
4388.0,67.29205284620592
4389.0,67.29413800314202
4390.0,67.29616907368593
4391.0,67.29411385634594
4392.0,75.79401903087171
4393.0,67.29968615821244
4394.0,67.30247284254477
4395.0,67.30525988188074
4396.0,67.3070832997919
4397.0,67.30790427810356
4398.0,67.30713456809222
4399.0,67.30832805865064
4400.0,67.3102694143468
4401.0,72.16670223013263
4402.0,72.16847383348227
4403.0,90.37449440267592
4404.0,86.73547610973637
4405.0,79.45542463316238
4406.0,81.88138891877745
4407.0,106.1531289351525
4408.0,103.72785918222576
4409.0,80.67560833351504
4410.0,112.22303590010995
4411.0,78.25251646916605
4412.0,67.33331609018316
4413.0,121.92114852378619
4414.0,95.23802675405832
4415.0,67.33822110489862
4416.0,67.33276072107844
4417.0,125.57136111998665
4418.0,67.3343936181982
4419.0,67.33793409312236
4420.0,67.34617157134672
4421.0,67.35114270185933
4422.0,98.89271456302718
4423.0,67.3427457907633
4424.0,74.62831017434085
4425.0,67.35507146737991
4426.0,67.34062812538824
4427.0,84.25765132031162
4428.0,67.34956589926367
4429.0,67.34834460602968
4430.0,67.3475368373695
4431.0,67.32751738209019
4432.0,67.36778848497522
4433.0,67.37132842675958
4434.0,78.29228894679932
4435.0,67.38016026747337
4436.0,67.37678311742027
4437.0,80.72717472520074
4438.0,67.37734156413623
4439.0,67.38455100586971
4440.0,67.39055216263877
4441.0,67.38356461946373
4442.0,67.39615492869483
4443.0,67.38180860526114
4444.0,67.38734154705656
4445.0,67.4031494969784
4446.0,67.40736446748377
4447.0,88.02245060135641
4448.0,85.5785940905009
4449.0,67.39608754270598
4450.0,67.4145536996519
4451.0,67.40795093363592
4452.0,67.42066534069691
4453.0,67.41842517669323
4454.0,67.40788567366175
4455.0,67.4298484602707
4456.0,67.42447212531359
4457.0,75.90668726924629
4458.0,67.43420856842937
4459.0,83.17630448563122
4460.0,67.4387345058631
4461.0,67.4453966280075
4462.0,67.44712256383941
4463.0,67.44599385658307
4464.0,85.70030504359076
4465.0,67.43736464193081
4466.0,67.46062597462979
4467.0,67.46336111607127
4468.0,67.46303507166932
4469.0,80.85745218549326
4470.0,67.46657215506991
4471.0,67.46479343047618
4472.0,67.4766567868723
4473.0,67.4762861664215
4474.0,67.48218186981094
4475.0,67.48600463342288
4476.0,85.67518451391098
4477.0,67.49441679833868
4478.0,67.49013684540654
4479.0,67.500043766462
4480.0,67.50285772964058
4481.0,67.50567201170942
4482.0,67.50848661227847
4483.0,67.51130153095826
4484.0,67.51411676735995
4485.0,67.51693232109524
4486.0,80.85625703225618
4487.0,67.52256437901661
4488.0,67.5253808824291
4489.0,67.53025302399827
4490.0,67.53437464665767
4491.0,67.53815464999367
4492.0,67.54082517922451
4493.0,67.54319148750571
4494.0,67.54669576735309
4495.0,67.54970308774324
4496.0,67.54851938021936
4497.0,67.55074357742023
4498.0,67.55356322142917
4499.0,67.55638317739786
4500.0,67.55920344494682
4501.0,67.58776071205438
4502.0,67.61631798814976
4503.0,67.64487527325306
4504.0,67.67343256738431
4505.0,67.70198987056354
4506.0,67.73480481755145
4507.0,67.7638942062724
4508.0,67.79188087904772
4509.0,81.20591358882491
4510.0,67.84477652287174
4511.0,67.8733338807534
4512.0,67.90189124782064
4513.0,67.93044862409276
4514.0,67.95900600958902
4515.0,67.98756340432871
4516.0,68.01813650300289
4517.0,68.05014569020331
4518.0,68.07849106155727
4519.0,68.10667934605692
4520.0,68.13510449961197
4521.0,68.163694585201
4522.0,68.19230909500301
4523.0,68.2209278619672
4524.0,68.24954546319572
4525.0,68.27819263530482
4526.0,68.30686467804807
4527.0,68.33547489062495
4528.0,68.3638005736075
4529.0,68.3923976729075
4530.0,74.48225888851849
4531.0,68.44992046643064
4532.0,89.08478286094713
4533.0,68.50700447458979
4534.0,68.53556606974144
4535.0,68.56411594149193
4536.0,79.50187782518722
4537.0,83.16674599018103
4538.0,90.46792768513171
4539.0,68.67829696231848
4540.0,77.19151649266246
4541.0,91.76480779179832
4542.0,68.76319944368164
4543.0,90.6085874687186
4544.0,68.83251469151838
4545.0,84.58571696448215
4546.0,78.56906578191405
4547.0,68.90140502767841
4548.0,68.92996273775616
4549.0,68.95852045768797
4550.0,68.98707818749064
4551.0,69.01563592718078
4552.0,69.04382291775454
4553.0,69.07145956344576
4554.0,104.24333380192911
4555.0,90.9400882194835
4556.0,69.15253701324174
4557.0,69.17867027035643
4558.0,69.20722464871162
4559.0,69.23577903708423
4560.0,69.26433343549037
4561.0,69.29179408964583
4562.0,69.31883859750593
4563.0,69.34585987253453
4564.0,69.37043434641492
4565.0,69.39876599395228
4566.0,80.3307154909806
4567.0,69.45394718690333
4568.0,69.47942024858736
4569.0,80.40749975762215
4570.0,69.53316466346604
4571.0,69.56158066729219
4572.0,69.58815993019545
4573.0,69.61564929638661
4574.0,69.64283983215839
4575.0,69.66752944692311
4576.0,69.69585173633929
4577.0,69.72037271352009
4578.0,84.27775340489447
4579.0,69.77331946827537
4580.0,69.80160232720057
4581.0,87.99273228248421
4582.0,83.16124474308434
4583.0,69.89038575208484
4584.0,95.33553766666955
4585.0,91.72947679249032
4586.0,69.96126014072844
4587.0,97.83160262776316
4588.0,83.33085605457575
4589.0,70.04108565279724
4590.0,70.06770599179417
4591.0,89.46250676739605
4592.0,70.11905757696178
4593.0,70.14754086386098
4594.0,70.17414299537292
4595.0,70.20074377060577
4596.0,70.22528771057272
4597.0,70.25326310501612
4598.0,70.28062252308445
4599.0,70.30722026214656
4600.0,70.3339117751969
4601.0,70.35891080532409
4602.0,70.3874347623497
4603.0,70.41518292581637
4604.0,70.44230565858165
4605.0,70.46938946532444
4606.0,70.49655986676456
4607.0,70.52157255160667
4608.0,70.55009314237664
4609.0,70.57791204516327
4610.0,70.60521636976925
4611.0,70.63292864673392
4612.0,70.6608200162621
4613.0,70.6887207928867
4614.0,70.71558305083404
4615.0,70.74122815052475
4616.0,70.76974539719485
4617.0,70.79826265469944
4618.0,70.82677992305109
4619.0,70.85529720226234
4620.0,70.88381449234572
4621.0,70.91233179331358
4622.0,70.93959295829448
4623.0,70.9664411010487
4624.0,70.9944991241704
4625.0,71.02324962665554
4626.0,71.05188249143936
4627.0,71.08049572612549
4628.0,71.10911638307668
4629.0,71.13771148385946
4630.0,71.1665135303001
4631.0,71.1958414513
4632.0,71.22540822901173
4633.0,71.25454025837075
4634.0,71.28305770194379
4635.0,71.31157515656973
4636.0,71.34009262226013
4637.0,71.3734798025079
4638.0,71.40295032776554
4639.0,71.43114973024146
4640.0,71.45876203561785
4641.0,71.48763767348885
4642.0,71.51751650806158
4643.0,71.54734419709247
4644.0,71.57684165596258
4645.0,71.60536265211232
4646.0,71.63388365944127
4647.0,71.66279393621272
4648.0,71.69595964539008
4649.0,71.72566637391526
4650.0,71.75548001434476
4651.0,71.7845736743133
4652.0,71.81228293776147
4653.0,71.83947711144414
4654.0,71.86786127690192
4655.0,71.89715189656913
4656.0,71.9263624839433
4657.0,71.95545261445832
4658.0,71.98464228963616
4659.0,72.01331831468252
4660.0,72.04184291011244
4661.0,90.21479427090328
4662.0,82.9798992606288
4663.0,84.21545189757425
4664.0,83.03424037850482
4665.0,72.17578493715295
4666.0,72.20430617032224
4667.0,72.2328274148925
4668.0,72.2591083471874
4669.0,89.21940777755165
4670.0,80.77734913817554
4671.0,85.64235101206245
4672.0,72.36672884991394
4673.0,88.11645033484756
4674.0,95.31753697917559
4675.0,72.44356745699139
4676.0,99.07597582521298
4677.0,101.60439722667994
4678.0,72.52671770286607
4679.0,72.55203018285391
4680.0,77.41384871586631
4681.0,72.60464786773214
4682.0,84.121646535236
4683.0,108.33064081568108
4684.0,72.68405234730152
4685.0,72.70934306501816
4686.0,72.73733967362413
4687.0,72.75869180975046
4688.0,72.7840009103559
4689.0,72.81409932546691
4690.0,72.83897495581196
4691.0,72.86472254533565
4692.0,72.88851816981264
4693.0,72.91643637066659
4694.0,72.9399020368991
4695.0,72.96994361792937
4696.0,72.98264724601529
4697.0,73.00967077983499
4698.0,73.02622302330671
4699.0,73.07282401577623
4700.0,73.09698521282445
4701.0,73.11062790546804
4702.0,73.14629162136794
4703.0,73.16976856623371
4704.0,73.19956998189933
4705.0,73.22397914781482
4706.0,73.24897979765008
4707.0,73.2729378958449
4708.0,73.3007810202033
4709.0,73.3252653042553
4710.0,73.34538933558522
4711.0,73.37190959976114
4712.0,86.67520852802053
4713.0,73.42070773014743
4714.0,73.44946857129929
4715.0,73.47711836055583
4716.0,73.50399131086935
4717.0,73.52404414714405
4718.0,73.54968089800171
4719.0,73.57411038048495
4720.0,73.60228498230957
4721.0,88.11002229038891
4722.0,73.64811333663282
4723.0,73.6747621091214
4724.0,73.70235080956834
4725.0,73.72720137686576
4726.0,73.75003653543122
4727.0,73.77517477375054
4728.0,73.7968098259786
4729.0,73.82530776026486
4730.0,73.85164464829428
4731.0,73.87132477650493
4732.0,73.9024174333052
4733.0,73.91908478797399
4734.0,73.94884278749882
4735.0,73.97050226859827
4736.0,73.995885257233
4737.0,74.01778350666673
4738.0,74.04147155865908
4739.0,74.06425832457711
4740.0,74.08672077638393
4741.0,74.10961976597245
4742.0,74.13257991673949
4743.0,74.15536282506247
4744.0,74.17273284839104
4745.0,74.19494158074343
4746.0,74.21469296671017
4747.0,74.23437255334684
4748.0,74.25354537567321
4749.0,74.27181668328109
4750.0,74.28926420769912
4751.0,74.30636566793926
4752.0,74.32346807426472
4753.0,74.34050069241135
4754.0,74.35756496517742
4755.0,74.37254807666885
4756.0,74.3911988043405
4757.0,74.40868909177775
4758.0,74.42569829370387
4759.0,74.43819372961703
4760.0,74.45073976984865
4761.0,74.46678826334153
4762.0,74.47956615687325
4763.0,74.49303476453677
4764.0,74.51567218988056
4765.0,74.53571398188478
4766.0,74.55270649585846
4767.0,74.57462650767116
4768.0,74.59699524013224
4769.0,74.61800357567982
4770.0,74.64075232146513
4771.0,74.66391697236993
4772.0,74.68784952493016
4773.0,74.71278087759883
4774.0,74.74077292135071
4775.0,74.77001487805373
4776.0,74.79833170475717
4777.0,74.82664854361607
4778.0,74.85496539463585
4779.0,74.88328225782196
4780.0,74.91159913317975
4781.0,74.943052770333
4782.0,74.97707624752323
4783.0,75.0105469173258
4784.0,75.04364160839869
4785.0,75.07670949045053
4786.0,75.10875694162921
4787.0,75.13805597738819
4788.0,75.17210223717281
4789.0,75.20613215375427
4790.0,75.2401514261264
4791.0,75.27417506590187
4792.0,75.30821667618392
4793.0,75.34228486765141
4794.0,75.37621985685043
4795.0,75.4088686579795
4796.0,75.43763206936202
4797.0,75.46934117242263
4798.0,75.50339186650042
4799.0,75.53744692857974
4800.0,75.57150635874538
4801.0,75.57687007983662
4802.0,75.5822340952479
4803.0,75.58759840472892
4804.0,75.59296300802973
4805.0,75.59832790490067
4806.0,75.60213626521544
4807.0,75.60340600532493
4808.0,75.6052888445243
4809.0,75.61065483973717
4810.0,75.61599311057392
4811.0,75.62133060908215
4812.0,75.62669747999624
4813.0,81.66656948419407
4814.0,90.06431942961578
4815.0,75.63614409322994
4816.0,75.63829393308372
4817.0,75.64076489442387
4818.0,75.64376762327134
4819.0,75.64588176892387
4820.0,91.28814027966146
4821.0,75.65504814399469
4822.0,98.5156376373092
4823.0,103.33149490971452
4824.0,75.66347318455999
4825.0,82.88762893643592
4826.0,94.92070199295969
4827.0,75.67034273751817
4828.0,75.67567847890604
4829.0,94.93046166453927
4830.0,98.54099999447325
4831.0,75.68255114802159
4832.0,75.68723789892006
4833.0,75.69069493468999
4834.0,75.69470361162148
4835.0,75.69476373509858
4836.0,75.70010161862325
4837.0,75.70543978715625
4838.0,75.710778240459
4839.0,75.71129333938221
4840.0,75.71231102345075
4841.0,75.71721361832411
4842.0,75.71942299241064
4843.0,75.71914427354994
4844.0,104.62120111325238
4845.0,75.72785573048971
4846.0,75.73200372928251
4847.0,75.73204240421884
4848.0,75.73659720701093
4849.0,102.23391316450662
4850.0,75.73575593981823
4851.0,75.74165129727633
4852.0,75.7390881491556
4853.0,75.7415233221767
4854.0,75.74598853488828
4855.0,75.74822599497715
4856.0,75.75175177281994
4857.0,75.74948284846586
4858.0,75.74439368454556
4859.0,75.75860286808157
4860.0,75.75820129725086
4861.0,75.76002243346252
4862.0,75.76326766127706
4863.0,106.88367009180948
4864.0,75.76602560763637
4865.0,75.76484349939817
4866.0,75.76346344624832
4867.0,75.76514945784587
4868.0,75.76542839676735
4869.0,75.76528230944969
4870.0,75.76080445563095
4871.0,75.76462583499138
4872.0,75.75822709766892
4873.0,75.76397037978899
4874.0,75.76499657304547
4875.0,75.76234553099252
4876.0,75.76466938914656
4877.0,75.76694031535611
4878.0,75.76637030488305
4879.0,75.75514809000761
4880.0,75.76314158181957
4881.0,75.7613587068708
4882.0,75.757797349862
4883.0,75.7582816641024
4884.0,101.05271346504675
4885.0,75.74739053668078
4886.0,75.75069876812043
4887.0,75.75027477061063
4888.0,75.74937653603091
4889.0,75.74195442468071
4890.0,75.74341092876297
4891.0,75.73328304689726
4892.0,75.7372145010159
4893.0,75.73402419940747
4894.0,75.73376551694508
4895.0,75.72942116917123
4896.0,75.72625634995498
4897.0,75.72612150847986
4898.0,75.72116535226593
4899.0,75.7222900133869
4900.0,75.71868039629207
4901.0,75.71835996543957
4902.0,75.71555818296294
4903.0,75.71378769310805
4904.0,75.71070185978856
4905.0,75.7079463620981
4906.0,109.23369191524921
4907.0,75.70730828176914
4908.0,75.70541405881349
4909.0,75.70328396042724
4910.0,75.70241872762665
4911.0,75.69850626779349
4912.0,85.27427513093447
4913.0,75.6962660571767
4914.0,75.69576118231136
4915.0,75.69509167575393
4916.0,75.69531527235984
4917.0,75.69413481137582
4918.0,75.69285971193577
4919.0,75.69156654932141
4920.0,92.44871902468601
4921.0,75.68874353802453
4922.0,75.68835233724147
4923.0,75.68397196087143
4924.0,75.68365724533147
4925.0,75.68334277008522
4926.0,75.68302853487266
4927.0,75.68271453943419
4928.0,75.6824007835104
4929.0,75.68086791430852
4930.0,75.67942598771666
4931.0,75.67756985179089
4932.0,75.67524524639308
4933.0,102.04573635058091
4934.0,75.6713905772569
4935.0,75.67107852836615
4936.0,75.67071123788484
4937.0,75.66926244916391
4938.0,84.12204057363961
4939.0,129.51774076313598
4940.0,75.66487265809877
4941.0,75.66007897265234
4942.0,75.65976861782592
4943.0,75.65945849860991
4944.0,75.65914861475069
4945.0,75.658062175199
4946.0,75.65655984154591
4947.0,75.65498819873727
4948.0,75.65350100815266
4949.0,87.61331772542191
4950.0,75.64816252041646
4951.0,75.64785431418608
4952.0,75.64542559648159
4953.0,75.64284925886157
4954.0,75.63779970721255
4955.0,119.89847345726571
4956.0,75.63507205181875
4957.0,75.6294077843174
4958.0,75.6274410951113
4959.0,75.62713482233744
4960.0,75.62430250013881
4961.0,75.62094611057553
4962.0,75.61741565138156
4963.0,75.61271110750263
4964.0,75.60734580608847
4965.0,84.02185499173075
4966.0,75.60307033900041
4967.0,75.59856688982542
4968.0,92.42351512473974
4969.0,75.59366949959805
4970.0,75.59023035509409
4971.0,75.58695704749886
4972.0,75.58393992733888
4973.0,75.5799041683649
4974.0,75.57555138401045
4975.0,75.57029179219474
4976.0,75.56449010683109
4977.0,83.9688020531087
4978.0,75.55745219693954
4979.0,85.16387387338366
4980.0,75.54897339088797
4981.0,75.54371819741371
4982.0,75.53841424018553
4983.0,75.53211840404738
4984.0,75.52721681301608
4985.0,75.52129661332492
4986.0,75.51561953916762
4987.0,75.5098214044984
4988.0,75.50402360428559
4989.0,75.49823305245559
4990.0,75.49246884447692
4991.0,75.4866871902143
4992.0,75.47986338713922
4993.0,75.474517935467
4994.0,83.86860436330974
4995.0,75.46354348724743
4996.0,75.45666869236396
4997.0,85.04692232153322
4998.0,75.44372779530167
4999.0,75.4365411341438
5000.0,75.431603775266
5001.0,75.42248535942174
5002.0,75.41910193884983
5003.0,75.4092523339061
5004.0,75.40090487980413
5005.0,75.39670192405818
5006.0,82.58177931559172
5007.0,75.38518470882707
5008.0,75.37818053084135
5009.0,75.37127573395694
5010.0,75.35693099009785
5011.0,75.35641832980069
5012.0,75.3551135658764
5013.0,75.34598363090043
5014.0,75.32744553684584
5015.0,75.32818494305407
5016.0,75.3203254884245
5017.0,75.30951108387245
5018.0,75.2976254206455
5019.0,75.29570093269652
5020.0,75.28196214232104
5021.0,75.25942949479281
5022.0,75.27002850428248
5023.0,75.28210864681381
5024.0,75.27827920873435
5025.0,75.2706027777983
5026.0,75.22566405318494
5027.0,75.2363675882443
5028.0,75.22804007383317
5029.0,75.24846082880076
5030.0,75.12757177506046
5031.0,75.16892214055574
5032.0,75.22909781769172
5033.0,75.2021259645985
5034.0,75.19105948549166
5035.0,75.18145557579635
5036.0,74.98511653346122
5037.0,75.00164485031279
5038.0,75.14099398509875
5039.0,74.89641604687739
5040.0,75.07076376626576
5041.0,75.10084257529904
5042.0,75.1435219267676
5043.0,75.03531992561551
5044.0,74.93929928988464
5045.0,75.01710259621679
5046.0,75.15349703711954
5047.0,75.1606918374955
5048.0,75.17182408130462
5049.0,75.13165342520651
5050.0,75.11752080912512
5051.0,75.1595324385453
5052.0,75.13755521283281
5053.0,75.16916680423611
5054.0,75.09579815460931
5055.0,75.12003829441002
5056.0,75.16398414409974
5057.0,75.15724784116202
5058.0,75.00899666688596
5059.0,75.00220540886335
5060.0,75.06383796395927
5061.0,75.05417071173801
5062.0,75.13412197192369
5063.0,75.1310583566755
5064.0,75.15284289469712
5065.0,75.16571681122181
5066.0,75.16352708300991
5067.0,75.04230280379907
5068.0,75.05809373005125
5069.0,75.05027567301848
5070.0,75.08629949242503
5071.0,75.12278291932368
5072.0,75.1216197600709
5073.0,75.16487660500553
5074.0,75.00266834782606
5075.0,75.14900956872617
5076.0,75.17005941681597
5077.0,75.13636176602402
5078.0,75.01867335632538
5079.0,75.11672886598787
5080.0,82.29397195513315
5081.0,75.02092253750685
5082.0,75.16299645167607
5083.0,75.16871085910961
5084.0,75.1738569912772
5085.0,75.12353940260392
5086.0,75.13812057325234
5087.0,75.17621278410732
5088.0,75.05574906116163
5089.0,75.1819204733711
5090.0,75.19441436476845
5091.0,75.19475565065694
5092.0,82.36853740854718
5093.0,75.1854701541343
5094.0,75.11973563609459
5095.0,75.15359707623381
5096.0,75.15573226563487
5097.0,75.16723522200547
5098.0,75.18433034347078
5099.0,75.204240453435
5100.0,75.19618553299354
5101.0,75.25236945633823
5102.0,75.32144651830265
5103.0,75.36052212003088
5104.0,75.40585164654594
5105.0,75.50069964322336
5106.0,75.56241843016859
5107.0,75.63207933263091
5108.0,75.68770344314571
5109.0,75.74168625377818
5110.0,75.81293332584978
5111.0,75.86243013388146
5112.0,75.9071659532677
5113.0,75.97040219375987
5114.0,76.04979017776807
5115.0,76.10787461443282
5116.0,76.16200408208184
5117.0,76.22807071358675
5118.0,76.27598101280978
5119.0,76.34621873399938
5120.0,76.40120261593674
5121.0,76.46027982668627
5122.0,76.51336730735323
5123.0,76.57940598794829
5124.0,76.62861849845979
5125.0,76.69357376662744
5126.0,76.75221506548262
5127.0,76.81195621354969
5128.0,76.86660216236197
5129.0,76.93047781669542
5130.0,76.98635387398153
5131.0,77.04378277010741
5132.0,77.10359773187776
5133.0,77.16252874884303
5134.0,77.21826315268238
5135.0,77.27821168574945
5136.0,77.3362662653882
5137.0,77.39438785549369
5138.0,77.45158699005778
5139.0,77.5076591882066
5140.0,77.56750712389301
5141.0,77.6255123004422
5142.0,77.68126594629548
5143.0,77.73925571023545
5144.0,77.79928111950943
5145.0,77.85762191432833
5146.0,77.91590614795386
5147.0,77.97335329774542
5148.0,78.028594968397
5149.0,78.08329279453018
5150.0,78.14202987497497
5151.0,78.20126327266561
5152.0,78.25691881575625
5153.0,78.31322378256068
5154.0,78.37344868291953
5155.0,78.43332649529937
5156.0,78.49160908180907
5157.0,78.54935541499825
5158.0,78.60480554491417
5159.0,78.66502199300204
5160.0,78.723419105901
5161.0,78.78165490619024
5162.0,78.83998174007597
5163.0,78.89642006680315
5164.0,78.95583258884132
5165.0,79.0140610293471
5166.0,79.06990053792983
5167.0,79.12753352365029
5168.0,79.18773331301682
5169.0,79.24619833654192
5170.0,79.3041552699728
5171.0,79.36222548400407
5172.0,79.41888803424825
5173.0,79.4788166899026
5174.0,79.53715066115804
5175.0,79.59567032058149
5176.0,79.65382279332893
5177.0,79.71016404751379
5178.0,79.7702388550651
5179.0,79.82789632002364
5180.0,79.88246974311772
5181.0,79.94118686767867
5182.0,80.00089408115399
5183.0,80.05580405136881
5184.0,80.11198111109151
5185.0,80.17189181479154
5186.0,80.23018948536703
5187.0,80.28807295923032
5188.0,80.34649961238618
5189.0,169.39499975625125
5190.0,80.46259777975307
5191.0,127.97969575553272
5192.0,80.5757707674371
5193.0,80.63388449269948
5194.0,80.6928697757469
5195.0,80.74902489216655
5196.0,80.80451795207843
5197.0,80.86466015127114
5198.0,80.92329532361772
5199.0,738.5119524618434
5200.0,81.0385724631476
5201.0,81.0954873140577
5202.0,454.3044957143754
5203.0,81.20577434304361
5204.0,192.73508576101761
5205.0,81.32092382932609
5206.0,81.37630547483758
5207.0,81.43069879163836
5208.0,81.48551254234998
5209.0,81.54072578483276
5210.0,120.71634882875489
5211.0,81.6540483683691
5212.0,81.71020861669679
5213.0,81.76623303754984
5214.0,81.82174410723539
5215.0,81.87644725243612
5216.0,81.93091956767628
5217.0,81.98564514515047
5218.0,82.03998993553576
5219.0,114.0850738992213
5220.0,82.14865389022972
5221.0,82.20802892864037
5222.0,82.26340810309378
5223.0,82.31503790095583
5224.0,82.36587930724026
5225.0,82.42016431139533
5226.0,193.79413837537322
5227.0,82.52870870255965
5228.0,82.58296809041626
5229.0,82.63722488377219
5230.0,82.6915002430525
5231.0,82.74575289399424
5232.0,82.79997817400458
5233.0,82.85250565011937
5234.0,129.06153558623953
5235.0,82.95907146364716
5236.0,83.00927626355254
5237.0,83.063336449665
5238.0,83.11751876745062
5239.0,83.1709748729747
5240.0,244.08758923649134
5241.0,83.2725860446548
5242.0,83.30640910060939
5243.0,83.37845112302008
5244.0,83.42610820245233
5245.0,83.47409538875102
5246.0,83.534616146987
5247.0,83.57874817567664
5248.0,83.63304339058632
5249.0,83.69483851966972
5250.0,83.74056616603612
5251.0,131.0615864746118
5252.0,83.83995140116478
5253.0,83.90003700541766
5254.0,83.9538003014206
5255.0,84.0003593429448
5256.0,94.69102071734436
5257.0,87.41805795717151
5258.0,300.51268615316144
5259.0,84.22049771901291
5260.0,84.27194735197149
5261.0,84.32434418347384
5262.0,84.37243612004525
5263.0,112.75445009493502
5264.0,84.48011824949121
5265.0,84.53003275245129
5266.0,84.58291048254567
5267.0,84.633416232236
5268.0,84.66458683008791
5269.0,84.7369372479654
5270.0,84.78791452770868
5271.0,84.82794284349367
5272.0,84.8873944788704
5273.0,84.93793107146264
5274.0,84.99862798524764
5275.0,85.05033816311318
5276.0,85.10161558441268
5277.0,126.41097846335678
5278.0,155.91692459795848
5279.0,85.25419698364625
5280.0,85.311346080607
5281.0,85.36214364275068
5282.0,85.4152421066169
5283.0,85.46311026566121
5284.0,85.51612620286164
5285.0,85.56825690172573
5286.0,85.6199704916984
5287.0,85.67731189137608
5288.0,85.72870999102899
5289.0,85.7703079183118
5290.0,85.83516478455957
5291.0,85.88918376685197
5292.0,85.93065066467575
5293.0,85.99355988836113
5294.0,86.04308499404148
5295.0,86.09950209317034
5296.0,107.32899185713875
5297.0,86.20417159915787
5298.0,86.25638496953832
5299.0,86.3062246129115
5300.0,125.18521354144195
5301.0,133.46918509713856
5302.0,86.47221509091352
5303.0,86.52615460357313
5304.0,86.57736486012325
5305.0,86.63126229245051
5306.0,86.68651003870768
5307.0,86.73493198493274
5308.0,111.48453263972362
5309.0,86.84784374331808
5310.0,86.90364002312067
5311.0,86.96169353280975
5312.0,87.0142028005961
5313.0,101.2496431989461
5314.0,87.12075339366613
5315.0,152.9927794155574
5316.0,87.23355065155438
5317.0,87.28898947593369
5318.0,87.34802502818371
5319.0,87.39803911411978
5320.0,87.45840641035122
5321.0,87.51658480464384
5322.0,99.38619635431671
5323.0,87.62969660453167
5324.0,87.68455750113944
5325.0,87.74285956068115
5326.0,100.725019325075
5327.0,105.4806760374471
5328.0,87.9155529454755
5329.0,87.97220056445265
5330.0,88.0311035290244
5331.0,96.30056917585588
5332.0,211.45770159967068
5333.0,88.20654878396509
5334.0,88.26571066924569
5335.0,88.32541705032956
5336.0,88.38491309945738
5337.0,88.44487589477909
5338.0,88.50414891505994
5339.0,88.56448230736302
5340.0,88.62502646068324
5341.0,88.68576694879032
5342.0,88.74549582554296
5343.0,88.80523361563135
5344.0,88.86433071953331
5345.0,88.92442171127915
5346.0,98.38442610816928
5347.0,89.04954592152478
5348.0,89.11193436238734
5349.0,89.17331226265951
5350.0,89.23309538381667
5351.0,103.3916366471281
5352.0,98.75477230639254
5353.0,89.41943782990872
5354.0,89.48160925338627
5355.0,89.54183760055385
5356.0,108.40028811199974
5357.0,89.66683142554882
5358.0,89.7284871599382
5359.0,89.79017473150931
5360.0,89.8506483860133
5361.0,89.91021779138359
5362.0,89.96978701520423
5363.0,90.02935605766501
5364.0,90.08892491895523
5365.0,90.15009631321323
5366.0,90.21259349345526
5367.0,90.27537559802556
5368.0,90.33620103079154
5369.0,90.39647058347819
5370.0,90.45543421835
5371.0,90.51028291611894
5372.0,90.57614541474689
5373.0,90.63612904313187
5374.0,90.69570339408116
5375.0,90.75410533677275
5376.0,90.8111548769184
5377.0,90.87165298791865
5378.0,90.92838652120713
5379.0,90.99144707189977
5380.0,91.0515185280918
5381.0,91.1074606715758
5382.0,91.16205424056714
5383.0,91.22069911116763
5384.0,91.27134519519575
5385.0,91.33495539977372
5386.0,91.39615541659872
5387.0,91.44456685146767
5388.0,91.5101708081212
5389.0,91.5682913148233
5390.0,91.62228185397146
5391.0,91.68261985544716
5392.0,91.72323235786281
5393.0,91.79655257445414
5394.0,91.84768338005313
5395.0,91.90792238119867
5396.0,91.96635191589809
5397.0,92.01517123628257
5398.0,92.07804756017573
5399.0,92.11317568283167
5400.0,92.16803284821084
5401.0,92.24658663034602
5402.0,92.30581042707217
5403.0,92.35976882745109
5404.0,92.36001653547707
5405.0,92.46603079750177
5406.0,92.52513795517025
5407.0,92.56691889096383
5408.0,92.6008420852632
5409.0,92.63882410736063
5410.0,92.67749650876677
5411.0,92.67356163994134
5412.0,92.8541408372213
5413.0,92.895121927425
5414.0,92.91340980053737
5415.0,92.96802561922358
5416.0,92.93656483750463
5417.0,93.13294190629318
5418.0,93.15144577692828
5419.0,93.22101428599191
5420.0,93.26797754015513
5421.0,93.28589054442408
5422.0,93.32263157764261
5423.0,93.43526242111807
5424.0,93.45743849063757
5425.0,93.5359445268756
5426.0,93.61480080567702
5427.0,93.68602680912073
5428.0,93.73245053184394
5429.0,93.78948151584343
5430.0,93.81912531442227
5431.0,93.96272944594654
5432.0,94.05852107297238
5433.0,94.16110071515287
5434.0,94.32173535936101
5435.0,94.40036105009685
5436.0,94.46206552568975
5437.0,94.53973974586134
5438.0,94.73645457108015
5439.0,94.82550700676865
5440.0,94.96979534642858
5441.0,95.11430008838275
5442.0,95.24601560143978
5443.0,95.33624785800349
5444.0,95.41140301013512
5445.0,95.55871952044065
5446.0,95.69361743144411
5447.0,95.81822489266126
5448.0,95.92141872966658
5449.0,96.02685419067828
5450.0,96.07955866839833
5451.0,96.21798607824454
5452.0,96.39560163705323
5453.0,96.49409883797934
5454.0,96.62629606612079
5455.0,96.74915277900429
5456.0,96.87375661314898
5457.0,96.93780002187307
5458.0,96.9795871533812
5459.0,97.1685965640072
5460.0,97.29370212120608
5461.0,97.35821813575608
5462.0,97.55563477335565
5463.0,97.66607360973772
5464.0,97.65342670463043
5465.0,97.87516295403961
5466.0,98.02846651723723
5467.0,98.09842211771267
5468.0,98.23551337000876
5469.0,98.34499285656335
5470.0,98.50132933899494
5471.0,98.6170228689392
5472.0,98.66013575103773
5473.0,98.8607157832704
5474.0,98.97351036635733
5475.0,99.05449572184861
5476.0,99.21217280476677
5477.0,99.32693467951668
5478.0,99.40479289699252
5479.0,99.53485562099677
5480.0,99.62474723992878
5481.0,99.79523462343582
5482.0,99.89931753414555
5483.0,100.01480051302812
5484.0,100.1443570917488
5485.0,100.26715933936622
5486.0,100.36645705842723
5487.0,100.50271102654419
5488.0,100.60378338355704
5489.0,100.71795601070356
5490.0,100.85368405699028
5491.0,100.97276648148977
5492.0,101.08166071012917
5493.0,101.19085769374249
5494.0,101.32535264269706
5495.0,101.43433128767278
5496.0,101.53099570409984
5497.0,101.66035415028398
5498.0,101.7695573137229
5499.0,101.91133847172262
5500.0,102.01681303650443
5501.0,102.13700055444116
5502.0,102.25669572794688
5503.0,102.36459643202245
5504.0,109.5492634431737
5505.0,102.6041256484611
5506.0,102.73187172431953
5507.0,102.84651657247936
5508.0,102.95893201767701
5509.0,103.07501560525245
5510.0,103.18061537580729
5511.0,103.30263311934036
5512.0,103.42307280261308
5513.0,103.53397073504026
5514.0,103.6617463728029
5515.0,103.7705565661529
5516.0,103.89380850800869
5517.0,104.00154313145644
5518.0,104.12380280434789
5519.0,104.24088645418814
5520.0,104.35903149959539
5521.0,104.47535827425386
5522.0,104.59081747661921
5523.0,104.70642117078863
5524.0,104.8229060921226
5525.0,104.93856516031023
5526.0,105.05142415069545
5527.0,105.17013567985762
5528.0,105.2889894525016
5529.0,105.40459753875696
5530.0,105.51714155406972
5531.0,105.62963683048903
5532.0,105.74366976006236
5533.0,105.86118195272358
5534.0,105.97743556906977
5535.0,106.09124096200594
5536.0,106.20821115297726
5537.0,106.32279399582234
5538.0,106.43951706472808
5539.0,106.5549395085359
5540.0,106.66776070788275
5541.0,106.78016025116027
5542.0,106.89957695460258
5543.0,107.01530137451459
5544.0,214.57837736575547
5545.0,121.25687640323605
5546.0,243.98226634300687
5547.0,107.46736050642598
5548.0,107.57966064600525
5549.0,107.69624030318609
5550.0,107.81203078846875
5551.0,139.44670306811264
5552.0,108.0395982126646
5553.0,108.15348846856452
5554.0,108.26643809500668
5555.0,108.37863894387846
5556.0,108.4908235339158
5557.0,108.6029918659196
5558.0,108.71767462101653
5559.0,108.83516187994812
5560.0,108.94697211104105
5561.0,109.0541866440015
5562.0,109.16366230278898
5563.0,109.27573318195572
5564.0,110.06865027636324
5565.0,123.99709031172767
5566.0,330.0716795714648
5567.0,109.73377688627868
5568.0,109.8458812878555
5569.0,109.95665472791448
5570.0,110.06463153765287
5571.0,178.96176637810515
5572.0,110.28386004502852
5573.0,110.39578881988922
5574.0,110.50772077261318
5575.0,110.61963656607327
5576.0,110.73153620105482
5577.0,110.84341967834264
5578.0,110.95528699872047
5579.0,41897.050779854624
5580.0,111.17770190822064
5581.0,111.28772597805002
5582.0,111.39823584315496
5583.0,172.0789166488221
5584.0,111.61239746754174
5585.0,111.7241371813669
5586.0,111.83479292792504
5587.0,111.94311437179829
5588.0,112.051982975295
5589.0,112.15881769812574
5590.0,112.26878306035532
5591.0,313.73722342608346
5592.0,112.4898365470282
5593.0,112.5978700038875
5594.0,112.70747199074799
5595.0,112.81290101976789
5596.0,112.92370610910756
5597.0,113.03395182740468
5598.0,113.143939189082
5599.0,198.15717099592956
5600.0,113.35473679332759
5601.0,113.46731043761585
5602.0,113.5758436816297
5603.0,113.6846602532825
5604.0,113.78938258739805
5605.0,113.89964348740314
5606.0,114.01033806057798
5607.0,388.41164914151557
5608.0,114.22554265867853
5609.0,114.33347653658966
5610.0,114.43899172455053
5611.0,114.54201181491236
5612.0,114.65067196507133
5613.0,114.76043627550385
5614.0,114.87293165073444
5615.0,114.97950358844034
5616.0,115.08676787842992
5617.0,115.19427931295682
5618.0,115.29790970292952
5619.0,183.8919027886608
5620.0,115.51168605325833
5621.0,115.62277085778891
5622.0,115.7306596072555
5623.0,115.83826217892272
5624.0,115.94668049756454
5625.0,375.91305960830925
5626.0,116.16110137513597
5627.0,116.26654434258721
5628.0,116.3750192367121
5629.0,116.48058806597496
5630.0,116.58654135132376
5631.0,116.69781547623218
5632.0,116.8023670147198
5633.0,116.91141286218475
5634.0,117.0204175399007
5635.0,117.12886827802721
5636.0,117.23817691531913
5637.0,117.34700828445354
5638.0,117.45101295170092
5639.0,117.55917491228494
5640.0,117.66433574461365
5641.0,172.20728483974506
5642.0,117.87810032873021
5643.0,117.98439736391984
5644.0,118.09515031485275
5645.0,118.20002561171425
5646.0,118.30758415048764
5647.0,243.45209267541733
5648.0,118.52732256150783
5649.0,118.63236276458936
5650.0,118.74068609504462
5651.0,118.83762962701444
5652.0,118.95590246939284
5653.0,119.0615553798105
5654.0,119.16903570632466
5655.0,119.27314912340822
5656.0,119.38082080140508
5657.0,119.4830333985398
5658.0,119.59427607770705
5659.0,119.70010963590065
5660.0,119.81052465456132
5661.0,119.91791266021507
5662.0,120.01786018951782
5663.0,120.1311592242045
5664.0,120.22783675818553
5665.0,120.3437299900439
5666.0,180.53586046206675
5667.0,120.54072978321251
5668.0,120.6486618274847
5669.0,120.76206868262516
5670.0,120.8680204863524
5671.0,174.09492075412066
5672.0,121.0617260599968
5673.0,121.17614188876338
5674.0,121.2835066062659
5675.0,121.39270928856602
5676.0,121.42062750242806
5677.0,121.60291774092686
5678.0,121.64519863466792
5679.0,121.81744288407212
5680.0,121.91950032019899
5681.0,121.95644597897248
5682.0,122.08327368753544
5683.0,122.09641663584162
5684.0,122.2506836347882
5685.0,122.18348408428263
5686.0,122.48354605602134
5687.0,122.45124796985402
5688.0,122.72026631690403
5689.0,122.40010222838109
5690.0,122.87826951705077
5691.0,122.80282502223203
5692.0,122.79926190032046
5693.0,123.25867156985882
5694.0,122.91603699702236
5695.0,123.36274736372434
5696.0,123.51262429361293
5697.0,123.64303419944716
5698.0,159.2353690031486
5699.0,123.83655125638549
5700.0,123.5851898471659
5701.0,123.76862052253328
5702.0,123.87632510823451
5703.0,124.25846805594702
5704.0,124.34916660694171
5705.0,124.4279409618201
5706.0,124.52475935439472
5707.0,124.6884251273803
5708.0,124.7546063541359
5709.0,124.8549713885386
5710.0,124.98863139338918
5711.0,125.09957459483242
5712.0,125.16761091001113
5713.0,125.18113143287111
5714.0,125.39066427568693
5715.0,125.49408989871787
5716.0,125.48673469200412
5717.0,125.70346276192458
5718.0,125.80559343507994
5719.0,125.67753130458044
5720.0,125.97223812379576
5721.0,125.74841007260198
5722.0,126.10273870938758
5723.0,126.23938869511484
5724.0,126.24967889764154
5725.0,126.42540214555778
5726.0,126.60581227276708
5727.0,126.74002116524049
5728.0,126.64931066592675
5729.0,126.9047165317797
5730.0,126.91859063384017
5731.0,126.8541402403792
5732.0,127.22898086210174
5733.0,127.36675745973201
5734.0,127.46410991668206
5735.0,127.45462134325933
5736.0,127.6891310876749
5737.0,127.69549069586309
5738.0,127.89479981021981
5739.0,127.65255565161694
5740.0,128.05249990701148
5741.0,128.20120239346494
5742.0,128.32227312119326
5743.0,128.43380942955991
5744.0,128.33523605458313
5745.0,128.60349512835282
5746.0,128.7161298988787
5747.0,128.4415819342468
5748.0,128.9572739513833
5749.0,129.0232538910865
5750.0,129.20034196186378
5751.0,129.2022110929346
5752.0,129.16867335949206
5753.0,129.14142076946706
5754.0,129.15026858024348
5755.0,129.07784756376628
5756.0,128.9745490903546
5757.0,129.1068525000714
5758.0,129.14605097929774
5759.0,129.11325320596512
5760.0,129.0803675685022
5761.0,129.0713310984615
5762.0,129.09770674410308
5763.0,129.04431073304644
5764.0,129.10226182358855
5765.0,128.99608439752825
5766.0,129.12295636984226
5767.0,129.1198754912834
5768.0,129.09430373252047
5769.0,129.0391140703941
5770.0,129.11377400183238
5771.0,129.05645617108996
5772.0,129.07576814319603
5773.0,129.03463917932186
5774.0,129.01012800749024
5775.0,129.03905504989834
5776.0,129.12055106604214
5777.0,129.1236877218476
5778.0,129.05349138872566
5779.0,129.13426373547588
5780.0,129.13958748992758
5781.0,129.14187963137283
5782.0,129.1331357675138
5783.0,129.14338311270797
5784.0,129.12989171205
5785.0,129.1610625509079
5786.0,129.20054885502503
5787.0,129.19733429890198
5788.0,129.21861731811762
5789.0,129.21579159380727
5790.0,129.22733833182625
5791.0,129.2615643582673
5792.0,129.28249708673587
5793.0,129.30325800626
5794.0,129.3227461535233
5795.0,129.31657564946653
5796.0,129.3672026848414
5797.0,129.3968112572878
5798.0,129.4105369745466
5799.0,129.4452161257975
5800.0,129.4364914709326
5801.0,129.49204204101449
5802.0,129.5177333273738
5803.0,129.54640792120887
5804.0,129.57708612929284
5805.0,129.59085841436692
5806.0,129.60062577183132
5807.0,129.6108920136496
5808.0,129.645071861521
5809.0,129.68680491710828
5810.0,129.7125650098852
5811.0,129.73138916059855
5812.0,129.75740000257676
5813.0,129.77480749522732
5814.0,129.79619291641907
5815.0,129.7969357492097
5816.0,129.82597469193357
5817.0,129.84284127278755
5818.0,129.85704076506778
5819.0,129.8855696977446
5820.0,129.89284884568153
5821.0,129.92748401196545
5822.0,129.9367461859959
5823.0,129.95539202983645
5824.0,129.95621663273897
5825.0,129.96368372110226
5826.0,130.000675083071
5827.0,130.0158434853503
5828.0,130.02938497918979
5829.0,130.0121023458032
5830.0,130.03140115950856
5831.0,130.0667320055477
5832.0,130.06163094802716
5833.0,130.06886721211302
5834.0,130.09130533568046
5835.0,130.10224106183173
5836.0,130.0793430434651
5837.0,130.11640461045118
5838.0,130.14154466664021
5839.0,130.13606252203164
5840.0,130.13133764957328
5841.0,130.1378795118835
5842.0,130.158328109567
5843.0,130.1751068213122
5844.0,130.14956467369177
5845.0,130.19050687368167
5846.0,130.20196407418297
5847.0,130.14100553435745
5848.0,130.21803206478765
5849.0,130.21257665920285
5850.0,130.21420407862777
5851.0,130.22046904793564
5852.0,130.18941399493949
5853.0,130.15202169647134
5854.0,130.25223328904585
5855.0,130.25806256501107
5856.0,130.19460752210583
5857.0,130.244957490344
5858.0,130.26639691854348
5859.0,130.2486913504256
5860.0,130.27079650296884
5861.0,130.0704002401335
5862.0,130.27264316329385
5863.0,130.14558960695206
5864.0,130.26459625494135
5865.0,130.24329729470008
5866.0,130.237887515613
5867.0,391.2978672547339
5868.0,293.31279504175825
5869.0,520.5203813410951
5870.0,257.5449830232762
5871.0,249.439528838761
5872.0,130.06055519382585
5873.0,130.11529147774328
5874.0,242.52014821794455
5875.0,130.14578305823053
5876.0,130.20482429306958
5877.0,169.22219318522755
5878.0,129.703315825554
5879.0,130.12898495779123
5880.0,130.27990953044872
5881.0,129.53403610952506
5882.0,129.9623064292695
5883.0,129.52284097545157
5884.0,129.43868184838976
5885.0,129.5458220827993
5886.0,129.53283566753555
5887.0,129.9426731539739
5888.0,128.37307030145791
5889.0,229.33610299924413
5890.0,876.289817040515
5891.0,129.1544137365236
5892.0,5996.044090328797
5893.0,128.47162695504855
5894.0,129.24740511219622
5895.0,129.23382987795608
5896.0,418.44548111539723
5897.0,129.68446083352333
5898.0,3592.3836738682185
5899.0,129.432532103319
5900.0,128.5659039655819
5901.0,129.26201116372437
5902.0,128.15667584143333
5903.0,128.0733506497633
5904.0,129.43634145738477
5905.0,207.95816956277164
5906.0,129.95107938792273
5907.0,129.54303614614102
5908.0,324.48832650274466
5909.0,129.2831148554413
5910.0,129.46775405479616
5911.0,129.15929999231656
5912.0,128.62418623882166
5913.0,129.91659618054828
5914.0,129.5857939782566
5915.0,129.367752747386
5916.0,129.528645487969
5917.0,792.6623319630011
5918.0,129.68302461285563
5919.0,129.77616145861228
5920.0,128.5031928825175
5921.0,126.58390078755258
5922.0,129.40012465299642
5923.0,129.78444856416178
5924.0,128.86948788195846
5925.0,128.31548733779533
5926.0,433.19522313220773
5927.0,129.25453848832353
5928.0,129.88002506284337
5929.0,129.98896473796657
5930.0,129.09302909389785
5931.0,129.6509576728986
5932.0,129.81776552376408
5933.0,129.79897896181643
5934.0,556.3594955038875
5935.0,558.0573904374895
5936.0,129.67480458992873
5937.0,129.4971347683565
5938.0,129.7604658718799
5939.0,129.7243156484851
5940.0,129.36444559791963
5941.0,129.85424060834558
5942.0,128.92552893571795
5943.0,126.83817579434178
5944.0,127.3259854486906
5945.0,129.77628465399252
5946.0,128.6242534122729
5947.0,128.7579433679243
5948.0,393.27951739064025
5949.0,128.31313792515138
5950.0,129.38374617514438
5951.0,127.8660577550633
5952.0,129.10090416657783
5953.0,129.01801429611342
5954.0,129.64512269145558
5955.0,1095.7035715579548
5956.0,129.60066684044227
5957.0,129.02582590917527
5958.0,129.02552111359006
5959.0,129.19750097986542
5960.0,127.5248198794414
5961.0,129.37893308110338
5962.0,129.37879444977276
5963.0,129.38052029338135
5964.0,129.17161619476775
5965.0,129.5148100133948
5966.0,129.53677268810458
5967.0,129.36505789984082
5968.0,128.53162075720533
5969.0,128.5878930272036
5970.0,128.13935544878825
5971.0,129.12279180288783
5972.0,327.87276798162407
5973.0,128.79890725529503
5974.0,129.37659094985455
5975.0,129.42374126956796
5976.0,129.29658151402228
5977.0,128.61217376024973
5978.0,129.05777215398405
5979.0,540.5103221567092
5980.0,129.10225735330565
5981.0,129.30367976850064
5982.0,129.08121427058032
5983.0,129.0902373780762
5984.0,129.22223244140753
5985.0,129.2305526379965
5986.0,129.19936409936423
5987.0,128.81294696768222
5988.0,129.28367622558298
5989.0,129.03542396601335
5990.0,128.9153422708353
5991.0,128.929013143791
5992.0,128.85554432439739
5993.0,129.05317531675166
5994.0,128.89228566805156
5995.0,129.09834623221582
5996.0,128.8884795128519
5997.0,129.20293176191367
5998.0,129.16267217909072
5999.0,248.641681810172
6000.0,129.10341742760818
6001.0,128.89943805547688
6002.0,129.0705037801446
6003.0,129.09597164565048
6004.0,128.9790637546573
6005.0,244.1637862132407
6006.0,238.31721082779308
6007.0,129.0908586238526
6008.0,129.12830465901385
6009.0,129.0921068331824
6010.0,129.0697444451324
6011.0,129.01891439530715
6012.0,129.10762726929238
6013.0,129.05236106706943
6014.0,129.04444894255437
6015.0,129.08718891909058
6016.0,129.09136104111045
6017.0,128.8856099324264
6018.0,128.93749747227082
6019.0,129.07505092892038
6020.0,129.05906774597364
6021.0,129.004437928325
6022.0,129.07098251514165
6023.0,129.05160577396765
6024.0,129.05863184077498
6025.0,129.05386131094193
6026.0,129.00914851738045
6027.0,129.06179234246508
6028.0,129.03258713977175
6029.0,129.0140691847483
6030.0,215.22705725370133
6031.0,129.04733624708396
6032.0,129.037111863718
6033.0,129.02718079253862
6034.0,129.02887899457838
6035.0,186.585310980226
6036.0,176.22270289640824
6037.0,129.05242611734823
6038.0,129.04140636736463
6039.0,129.04356205291018
6040.0,129.05556872784916
6041.0,129.0560927331865
6042.0,129.04280360207142
6043.0,129.04955258940595
6044.0,129.05941265426648
6045.0,129.03988764349026
6046.0,129.05921241493266
6047.0,129.05578389799751
6048.0,129.05455230108225
6049.0,129.06020544234715
6050.0,129.05715467408544
6051.0,129.0570578931994
6052.0,129.0619905635955
6053.0,129.06690886602786
6054.0,129.0714084356277
6055.0,129.07669446497727
6056.0,129.0774803197767
6057.0,129.0763438943872
6058.0,129.080776297457
6059.0,129.07840747709548
6060.0,129.08511158300772
6061.0,129.08945876952527
6062.0,129.09489564953216
6063.0,129.09978747195134
6064.0,129.10467915366905
6065.0,129.10842752502307
6066.0,129.1114341967447
6067.0,129.11148585614774
6068.0,129.11455546899757
6069.0,190.17388847586128
6070.0,129.1268054430765
6071.0,129.13283168382233
6072.0,129.13842057292152
6073.0,129.14338378456702
6074.0,129.1487792390915
6075.0,129.15449371084682
6076.0,129.15897997903153
6077.0,129.1629851764674
6078.0,129.16815127789957
6079.0,129.17340223148065
6080.0,129.17755576223948
6081.0,129.12409084709077
6082.0,129.07030325373003
6083.0,129.01065496084527
6084.0,128.96646517914328
6085.0,128.91764084495054
6086.0,128.8679398276375
6087.0,128.81584437213533
6088.0,128.76242772802334
6089.0,128.70859220627634
6090.0,128.65557608137465
6091.0,128.60492835181464
6092.0,128.5555466547946
6093.0,128.50544417543978
6094.0,128.453291340455
6095.0,128.40113162204784
6096.0,128.34893233626929
6097.0,128.29672043121425
6098.0,128.2445327939187
6099.0,128.19234557420742
6100.0,128.1401514693282
6101.0,173.10952525062987
6102.0,128.04155200723562
6103.0,127.9938066188658
6104.0,127.94446895914605
6105.0,127.89443894098916
6106.0,168.25892789237022
6107.0,127.78789426224259
6108.0,127.73474033536114
6109.0,127.68304601258644
6110.0,127.63320815939024
6111.0,127.58115885239593
6112.0,127.52885849991257
6113.0,127.47656767857565
6114.0,127.42424937396356
6115.0,127.37190666366153
6116.0,127.31955709772353
6117.0,127.26720067580575
6118.0,127.21425880279446
6119.0,127.1619547484879
6120.0,127.11009027074059
6121.0,127.05770642147165
6122.0,127.00531571450807
6123.0,126.95291814950777
6124.0,126.90051372612861
6125.0,126.84810244402877
6126.0,126.79568430286695
6127.0,126.74258640735236
6128.0,126.68914262301088
6129.0,126.6357063594321
6130.0,126.5822288306488
6131.0,126.5284937909158
6132.0,126.47422218382805
6133.0,126.41950884941171
6134.0,126.36036390444069
6135.0,126.30785394628838
6136.0,126.2553401509833
6137.0,126.20285389792367
6138.0,194.35096430831624
6139.0,126.1529872285154
6140.0,126.04527784780532
6141.0,298.389796705638
6142.0,137.50895273515496
6143.0,125.88046005657971
6144.0,125.82029513908944
6145.0,170.89857901500943
6146.0,292.36363637424137
6147.0,125.6618018827521
6148.0,125.60921036041069
6149.0,125.55652520944412
6150.0,125.50144186489217
6151.0,125.4476384492568
6152.0,125.39373643559638
6153.0,189.00662292452293
6154.0,125.28066382325517
6155.0,125.22538539390365
6156.0,125.17274649950708
6157.0,125.12010077079383
6158.0,163.85198302968053
6159.0,125.54623620174425
6160.0,168.90103752428126
6161.0,124.89392521234488
6162.0,124.84125263449454
6163.0,124.78765989122671
6164.0,124.73131381495185
6165.0,124.67582800255795
6166.0,124.6200437307363
6167.0,124.56230718877313
6168.0,124.50960091671158
6169.0,124.45478574477823
6170.0,124.39456303431749
6171.0,178.78034962318458
6172.0,549.4222382893137
6173.0,124.2267905077087
6174.0,124.16902870008464
6175.0,124.10954886820836
6176.0,124.05680257512182
6177.0,124.00367551147177
6178.0,283.834380886178
6179.0,123.88320625839938
6180.0,123.83032932806442
6181.0,123.77456707314565
6182.0,123.71677953115896
6183.0,123.65755854263172
6184.0,123.59731838577265
6185.0,123.53707857652036
6186.0,206.9162910109107
6187.0,123.42721530509534
6188.0,123.369294436593
6189.0,123.31136504841773
6190.0,123.25111952624287
6191.0,123.19087435006188
6192.0,123.1351881974319
6193.0,123.07974000327651
6194.0,123.0196534674629
6195.0,249.2848724247337
6196.0,122.90137779701037
6197.0,122.84171938950658
6198.0,122.78136847974913
6199.0,122.72059424762571
6200.0,122.66141027973018
6201.0,122.6035947491617
6202.0,122.54334591437153
6203.0,122.48309742233651
6204.0,532.71264812726
6205.0,122.36260146544515
6206.0,122.30235400004646
6207.0,122.24174629218382
6208.0,122.18117161620673
6209.0,122.12161365278965
6210.0,122.06136755244958
6211.0,122.00112179269925
6212.0,121.94087637326915
6213.0,121.8806312938904
6214.0,121.82038655429388
6215.0,272.4289090635722
6216.0,121.69989809337366
6217.0,121.63965437151371
6218.0,121.57941098836342
6219.0,121.5187647275754
6220.0,121.45609579852531
6221.0,121.3934259151896
6222.0,121.32641437368365
6223.0,357.6675539351592
6224.0,357.6068879446266
6225.0,121.1427422794362
6226.0,121.08093779055194
6227.0,121.02227614044219
6228.0,120.96160251327447
6229.0,120.89915294430833
6230.0,120.83174113468945
6231.0,120.76641838372474
6232.0,120.70619460479138
6233.0,120.64597116050143
6234.0,120.5857480505914
6235.0,120.52552527479816
6236.0,643.0054781748389
6237.0,466.82575270504464
6238.0,871.1248666648255
6239.0,502.6187770540043
6240.0,120.21741397823807
6241.0,120.1500550316313
6242.0,350.62808420291424
6243.0,333.1863987578713
6244.0,119.96827184221061
6245.0,578.6291508467343
6246.0,119.84092784562355
6247.0,119.77573814649992
6248.0,119.70875831422595
6249.0,169.45641698062173
6250.0,197.18634563760264
6251.0,119.52485588324186
6252.0,119.46388155487612
6253.0,119.41019530395852
6254.0,119.34321537645124
6255.0,119.28895911853373
6256.0,119.21966536347027
6257.0,119.14975015870984
6258.0,119.0963093469015
6259.0,293.92061153696187
6260.0,1560.8794975160079
6261.0,173.3398883719529
6262.0,118.85426691627083
6263.0,198.5033552540528
6264.0,166.22346512528668
6265.0,145.3625752168059
6266.0,118.56772017143054
6267.0,673.04784357915
6268.0,118.47806101419786
6269.0,118.28571226187354
6270.0,261.78256879303524
6271.0,118.29007963116577
6272.0,118.1710860646307
6273.0,118.17884040674637
6274.0,117.84506948447061
6275.0,118.05229515602478
6276.0,117.9880981693816
6277.0,117.79203750787079
6278.0,117.75635084183526
6279.0,108.51570956586426
6280.0,328.15923969884784
6281.0,112.09048000882514
6282.0,112.24515852964703
6283.0,115.020011065571
6284.0,113.63064686886301
6285.0,116.76078713017209
6286.0,115.42780251895863
6287.0,117.18926461369163
6288.0,116.97848508528921
6289.0,1359.8029286451526
6290.0,116.75602355727452
6291.0,165.8058280147208
6292.0,129.85933748350408
6293.0,116.90816257637665
6294.0,114.3826426163144
6295.0,114.20770975639002
6296.0,116.66041576862489
6297.0,114.24515936222015
6298.0,166.8443285886294
6299.0,116.37056600543693
6300.0,642.5014587136702
6301.0,113.81753910213233
6302.0,30312.681991599376
6303.0,261.4768628484192
6304.0,113.26228698893787
6305.0,115.03151210466469
6306.0,116.2965823932136
6307.0,115.7751035533996
6308.0,113.04840633961997
6309.0,1917.984076820427
6310.0,147.38364923752104
6311.0,115.92366341681324
6312.0,113.40149241227654
6313.0,115.91443809739192
6314.0,115.83885489392443
6315.0,115.76159762867894
6316.0,114.8989428622302
6317.0,114.77751027157204
6318.0,115.39237219365877
6319.0,115.30207974264854
6320.0,115.5473056234233
6321.0,114.38896853912267
6322.0,115.16501581135803
6323.0,616.1417502984294
6324.0,115.27902403234256
6325.0,115.08939380483181
6326.0,114.54205929048453
6327.0,115.20473066974048
6328.0,115.0911482764686
6329.0,115.11534703479302
6330.0,115.03539954013468
6331.0,114.64742856266373
6332.0,2039.3991978097142
6333.0,114.90091784805932
6334.0,114.70418955562805
6335.0,114.73418418774565
6336.0,114.6938418794183
6337.0,114.63923422240657
6338.0,114.60321117801034
6339.0,114.60784086489672
6340.0,114.5681393187433
6341.0,114.53732360052986
6342.0,114.44173707260993
6343.0,114.32894747926775
6344.0,114.15303469682911
6345.0,143.37643010900777
6346.0,114.3074110739834
6347.0,114.21957274517985
6348.0,114.18648804076878
6349.0,113.85832009749431
6350.0,458.55605808771946
6351.0,114.06854044461652
6352.0,113.88224689843398
6353.0,113.85154645911153
6354.0,113.90104395236432
6355.0,113.87229453447671
6356.0,113.82983743215038
6357.0,113.70510165920918
6358.0,1002.3936385016543
6359.0,113.68109168324641
6360.0,113.55291435767379
6361.0,113.4798406607439
6362.0,113.5378784518225
6363.0,136.57418483712425
6364.0,113.43017024838889
6365.0,160.09382956950685
6366.0,10160.917331976196
6367.0,113.28985210159168
6368.0,113.2535009442869
6369.0,113.20494154203571
6370.0,113.05498554017606
6371.0,113.07595921278617
6372.0,113.05091057826947
6373.0,112.81845113406258
6374.0,112.9263689273725
6375.0,112.8738374528298
6376.0,112.85103634829835
6377.0,112.80048728115172
6378.0,112.77297026768183
6379.0,112.717425149588
6380.0,112.67235789227699
6381.0,344.69725149254094
6382.0,112.57404499965031
6383.0,112.50164886427063
6384.0,112.40828666402142
6385.0,112.38800936537037
6386.0,112.35535497103932
6387.0,112.30790230307888
6388.0,558.4711587254634
6389.0,112.2112847390744
6390.0,112.16842013246766
6391.0,112.06534488257135
6392.0,112.049281485931
6393.0,111.99497278257577
6394.0,111.95829422680707
6395.0,111.8985128232785
6396.0,111.85619539077877
6397.0,111.80530594392147
6398.0,111.77190808537907
6399.0,111.67093896901406
6400.0,111.67188018979306
6401.0,111.59918378768013
6402.0,111.52747204658401
6403.0,111.5093288538014
6404.0,111.46104804888685
6405.0,111.38811410263214
6406.0,111.34038734636647
6407.0,111.30909208888711
6408.0,111.25861571960378
6409.0,111.19792736867501
6410.0,111.05922891431275
6411.0,111.05133735454608
6412.0,111.05055599504055
6413.0,110.98713353998201
6414.0,110.9500243080984
6415.0,110.87687783106166
6416.0,301.6980429194381
6417.0,110.78491494358201
6418.0,110.71015188721965
6419.0,110.63151568577857
6420.0,110.62221493551479
6421.0,110.57395842591319
6422.0,334.3620912607353
6423.0,110.62196008037972
6424.0,110.6100336808531
6425.0,110.59812061868044
6426.0,110.60776129432706
6427.0,110.48357926048675
6428.0,124.62513999465911
6429.0,110.58089737617834
6430.0,110.5936123424374
6431.0,110.55966916214432
6432.0,110.52848917948033
6433.0,110.57710614755064
6434.0,110.5573330387328
6435.0,110.40234340407052
6436.0,110.47173852836004
6437.0,110.54359721686171
6438.0,110.55816877868337
6439.0,110.55164573503602
6440.0,110.53208102045167
6441.0,110.47069820340667
6442.0,110.46362486844362
6443.0,110.48751783081156
6444.0,110.51200114373181
6445.0,110.39865940235192
6446.0,110.44641166012403
6447.0,110.41552742208434
6448.0,110.46109672880753
6449.0,110.45652256400793
6450.0,110.31973826469051
6451.0,110.3969987839397
6452.0,110.4712310750456
6453.0,110.38601575047879
6454.0,173.82783261320202
6455.0,110.36871396879317
6456.0,110.15551580269795
6457.0,110.34500712876805
6458.0,120.98463994285842
6459.0,110.31501578688528
6460.0,220.59769402205262
6461.0,109.74854764163118
6462.0,110.07763946674895
6463.0,110.32694808133506
6464.0,110.06499365180944
6465.0,419.3197199974124
6466.0,243.0238049592918
6467.0,164.27048320024352
6468.0,774.991371460395
6469.0,158.1234259579922
6470.0,109.8927953133223
6471.0,109.58422597543125
6472.0,334.9031566293301
6473.0,829.1203026775491
6474.0,109.52839683849476
6475.0,109.54965994221287
6476.0,110.09655734516782
6477.0,108.22797426653858
6478.0,108.49618475982473
6479.0,109.52002556586034
6480.0,358.16142842882846
6481.0,109.44107437926407
6482.0,108.80795583093887
6483.0,109.96314449484538
6484.0,110.19088335018137
6485.0,108.59777348242793
6486.0,108.77843883023631
6487.0,109.71056776160655
6488.0,110.03193364820642
6489.0,109.31790519067928
6490.0,109.87858024712473
6491.0,109.71431075477804
6492.0,110.0337742041151
6493.0,108.60528733013854
6494.0,110.106795076931
6495.0,108.57672122603276
6496.0,136.45573078120805
6497.0,110.02601225348853
6498.0,108.57656069473421
6499.0,335.98832642274624
6500.0,110.08204161926056
6501.0,2060.89687494092
6502.0,138.28611142565882
6503.0,110.02352938231071
6504.0,140.3122479754528
6505.0,157.9272081669348
6506.0,109.71007610549839
6507.0,789.8756932312583
6508.0,110.03515685622918
6509.0,109.9523765208133
6510.0,109.36619079303527
6511.0,109.9732482695297
6512.0,110.03055552135535
6513.0,110.01053054246384
6514.0,109.2076927613357
6515.0,109.87257912124188
6516.0,286.5519573377787
6517.0,108.8624558771851
6518.0,106.87150542007075
6519.0,108.97063653588468
6520.0,109.39029273400804
6521.0,108.66743560764135
6522.0,109.92224367576353
6523.0,109.95386681491026
6524.0,536.7401242659486
6525.0,109.53168315747128
6526.0,108.90662930005794
6527.0,109.91888096118497
6528.0,109.83043857258502
6529.0,109.82355731711564
6530.0,109.90558466697514
6531.0,109.89151660501359
6532.0,109.65153274948602
6533.0,109.83652555424041
6534.0,108.69927791572202
6535.0,1731.8005405537358
6536.0,109.05947159355948
6537.0,109.69046503940316
6538.0,109.62629323315343
6539.0,109.57062922927139
6540.0,109.82057152736145
6541.0,109.75382632835006
6542.0,129.74228485446196
6543.0,138.0509341944126
6544.0,109.21887679114862
6545.0,109.64735267949214
6546.0,722.3770568591298
6547.0,109.69682501792511
6548.0,153.10883591832456
6549.0,109.41983947131007
6550.0,108.4198712533196
6551.0,109.34256925280182
6552.0,109.72115284308548
6553.0,109.7175377672928
6554.0,108.35899344164612
6555.0,1934.2118810726
6556.0,109.16392254760477
6557.0,109.52877690943393
6558.0,116.73966546155248
6559.0,108.93248098951875
6560.0,123.42574589288648
6561.0,109.6500001187143
6562.0,109.30870875027546
6563.0,109.38288351285368
6564.0,109.46455544313959
6565.0,494.1130257776612
6566.0,108.55164690816024
6567.0,109.55049033476496
6568.0,109.53477455396259
6569.0,109.58716264533442
6570.0,109.46115646740024
6571.0,610.7782174845944
6572.0,109.47533408012495
6573.0,109.45879735421629
6574.0,108.5678449653709
6575.0,109.47589147417081
6576.0,109.46635296941963
6577.0,108.13780875619126
6578.0,109.44554832086416
6579.0,1757.7594253072834
6580.0,129.55142759912442
6581.0,109.43670841308082
6582.0,142.6415423884145
6583.0,109.10450397323261
6584.0,109.41085637919778
6585.0,109.14588367145218
6586.0,214.14871601305293
6587.0,109.3530055538234
6588.0,108.79752014809608
6589.0,109.28350577362139
6590.0,109.31738049777205
6591.0,109.40004895867351
6592.0,109.42464552767858
6593.0,109.38322407583857
6594.0,109.38984043635482
6595.0,109.28126044820773
6596.0,109.18232115633212
6597.0,109.37359872692116
6598.0,420.5258332908773
6599.0,109.31241487087694
6600.0,109.34829702247933
6601.0,109.00204452365439
6602.0,109.29247900394786
6603.0,109.32560412275394
6604.0,109.10287521320261
6605.0,109.2723718236932
6606.0,827.9119555332603
6607.0,109.175193099893
6608.0,109.29319515209168
6609.0,109.27645388565118
6610.0,109.28238492935947
6611.0,109.24515912535496
6612.0,109.24447309300183
6613.0,109.23902721034243
6614.0,109.06395779231852
6615.0,109.23790832361945
6616.0,109.22843064371956
6617.0,109.20141912645926
6618.0,109.20324752483927
6619.0,109.19051401255858
6620.0,109.18928151159668
6621.0,109.17082855637074
6622.0,119.80399810474015
6623.0,109.14771835840143
6624.0,109.14263170607586
6625.0,109.1297556480251
6626.0,109.14545252614694
6627.0,109.13642704550959
6628.0,109.06947730182618
6629.0,279.1480925312654
6630.0,109.0464224883447
6631.0,109.075617286256
6632.0,109.10070814034954
6633.0,109.08433799338236
6634.0,109.0582979725972
6635.0,109.02267909813818
6636.0,418.49697221593135
6637.0,109.04093767178544
6638.0,109.04818353565871
6639.0,109.03694440064382
6640.0,109.02041062552259
6641.0,109.0250484139274
6642.0,109.01074808431723
6643.0,108.98915833445518
6644.0,108.94392612202566
6645.0,108.9361877789581
6646.0,108.94280073226163
6647.0,108.97840605942967
6648.0,108.9600443057308
6649.0,108.95824817415696
6650.0,108.95027540617082
6651.0,108.89024326747766
6652.0,108.93784099282585
6653.0,129.0154951180874
6654.0,108.90829012005581
6655.0,108.8934801779582
6656.0,108.90555100945946
6657.0,108.88295594596288
6658.0,108.88536449222315
6659.0,108.88004586797724
6660.0,108.87194502594107
6661.0,108.86520526841304
6662.0,108.82789967503273
6663.0,108.84896928842069
6664.0,252.8388261482037
6665.0,108.83650637548499
6666.0,108.82863420136032
6667.0,108.7795379378224
6668.0,108.81158481573569
6669.0,180.92656046661574
6670.0,163.18473793708466
6671.0,108.78974330696964
6672.0,108.78162624097365
6673.0,108.74614597571795
6674.0,108.75898309038132
6675.0,108.75314087200157
6676.0,108.74780837455967
6677.0,108.73762489345461
6678.0,108.72895781663034
6679.0,108.72327468536652
6680.0,108.71759044443203
6681.0,108.71114778166206
6682.0,108.7032105404939
6683.0,108.69485522048755
6684.0,108.6853302882687
6685.0,108.66178348400746
6686.0,108.6583014284077
6687.0,108.66319378828175
6688.0,108.65520972922789
6689.0,108.6471561751519
6690.0,108.63156989132791
6691.0,108.63027632985923
6692.0,108.62260307195857
6693.0,108.61468686464836
6694.0,108.60411967003186
6695.0,108.596918704852
6696.0,108.58652372460075
6697.0,108.58079790214714
6698.0,108.57233192244945
6699.0,108.56641676226424
6700.0,108.55846907975841
6701.0,168.15097409825935
6702.0,127.14729427044138
6703.0,108.53226009522453
6704.0,108.52562600310871
6705.0,108.51739069004664
6706.0,154.67256299669344
6707.0,141.64115278888025
6708.0,108.49066137601861
6709.0,108.48438468727575
6710.0,114.42581271015908
6711.0,108.46339503827073
6712.0,116.78678150306362
6713.0,112.02021762685956
6714.0,108.44362930644952
6715.0,108.43610992981704
6716.0,119.14144557263162
6717.0,122.70482994074177
6718.0,113.1882933305327
6719.0,111.98681203689125
6720.0,108.39554445080864
6721.0,116.72043162276199
6722.0,108.37479766049665
6723.0,132.05144694256612
6724.0,108.35960887064824
6725.0,115.49804793560878
6726.0,121.4422239609628
6727.0,108.33804833892455
6728.0,108.32985602815964
6729.0,108.31957120743728
6730.0,108.31177907942022
6731.0,114.25930714005207
6732.0,119.05593310930561
6733.0,108.28612224244678
6734.0,108.27546794234395
6735.0,108.26965684197638
6736.0,108.26195668977667
6737.0,108.25266392252136
6738.0,108.24101652570178
6739.0,108.23333560183207
6740.0,108.22752029820649
6741.0,108.21919624323233
6742.0,187.5985722803744
6743.0,108.19700735783033
6744.0,120.15022242522305
6745.0,121.21884314722269
6746.0,140.17082340496918
6747.0,135.41937965380072
6748.0,108.15479231365785
6749.0,122.36971303230975
6750.0,108.13919979560552
6751.0,108.17837432134999
6752.0,108.21727397846
6753.0,108.26089868064793
6754.0,108.30286673059406
6755.0,108.3426739034202
6756.0,108.38047022421496
6757.0,108.42229660278697
6758.0,108.46527020758262
6759.0,108.50589086488313
6760.0,108.54481059928723
6761.0,108.58366413914342
6762.0,108.62731622798297
6763.0,108.66977248098762
6764.0,108.70918732967694
6765.0,108.74699249728201
6766.0,108.78876430804749
6767.0,108.83240620544707
6768.0,108.87360041790457
6769.0,108.91141002722284
6770.0,108.95021266748246
6771.0,114.97753770040501
6772.0,109.03603226369738
6773.0,109.07586391798166
6774.0,109.1136779346796
6775.0,109.15529560654575
6776.0,109.19838415721293
6777.0,109.23890061218255
6778.0,109.27817263150322
6779.0,109.31675286204937
6780.0,109.36043361711788
6781.0,109.40142100774521
6782.0,109.44188945417115
6783.0,109.4805265626744
6784.0,109.51940852011813
6785.0,109.55979714980997
6786.0,154.67689604508277
6787.0,109.64216181651673
6788.0,109.67982671337825
6789.0,109.72075295860748
6790.0,145.34806540381305
6791.0,139.45974083613413
6792.0,109.84359402856875
6793.0,109.88371605066074
6794.0,109.92320174773234
6795.0,109.96169363626709
6796.0,110.00194351528928
6797.0,110.04379855662567
6798.0,110.08221776967326
6799.0,110.10847821016368
6800.0,110.16353179732107
6801.0,110.20136779278417
6802.0,110.23127793345826
6803.0,110.28390850735934
6804.0,110.32362755861693
6805.0,126.97364822512972
6806.0,110.38735281834416
6807.0,110.44120178548809
6808.0,110.4770189428432
6809.0,110.50754466715439
6810.0,110.56301982598794
6811.0,110.60300794032922
6812.0,110.6426606258344
6813.0,110.67910140491404
6814.0,110.72004344488023
6815.0,110.75399217651817
6816.0,110.77478937737882
6817.0,110.84064431362393
6818.0,110.87599671965204
6819.0,110.89094702682526
6820.0,110.95756473897214
6821.0,135.92218253996307
6822.0,111.03648127025392
6823.0,111.06174406961779
6824.0,111.11620061928433
6825.0,111.13960245978075
6826.0,111.15569724233494
6827.0,111.2032710813016
6828.0,111.27270689260673
6829.0,948.0667703981488
6830.0,474.56399624714106
6831.0,1740.0852975065686
6832.0,500.81068608942047
6833.0,137.59277560105932
6834.0,135.25578737870927
6835.0,313.3135966148101
6836.0,2384.4553467784467
6837.0,147.24833144003713
6838.0,155.59843436483146
6839.0,111.7094310101354
6840.0,111.73147876773317
6841.0,111.74974062404075
6842.0,280.38874076591065
6843.0,111.85515310416513
6844.0,705.3961807434454
6845.0,111.93201925785785
6846.0,111.96775940853128
6847.0,112.01538189097431
6848.0,112.04094982409603
6849.0,112.1090356604005
6850.0,112.12013221577845
6851.0,112.18815391656388
6852.0,154.98043202208632
6853.0,184.71275752390596
6854.0,112.30784434271072
6855.0,112.29024113023414
6856.0,112.3391457172689
6857.0,112.43310451960146
6858.0,112.4602258496873
6859.0,112.50660821999614
6860.0,112.53611812070426
6861.0,112.57259310060957
6862.0,112.60149455033213
6863.0,112.65428294270008
6864.0,112.69235778969747
6865.0,646.9822588118057
6866.0,4543.966743009282
6867.0,186.34421562309035
6868.0,112.61123424474269
6869.0,85.01866907618837
6870.0,130.63694771625984
6871.0,76.87238768865298
6872.0,79.30388394668496
6873.0,592.4955818655407
6874.0,88.79193351130053
6875.0,87.25437840503214
6876.0,83.65596823667336
6877.0,84.33247826287679
6878.0,99.12250324039387
6879.0,88.395740054033
6880.0,128.80057488245853
6881.0,96.15939064631144
6882.0,128.1246364297568
6883.0,610.5793965991919
6884.0,169.58289644784446
6885.0,169.79371988066302
6886.0,97.61283172295475
6887.0,111.8930660283
6888.0,130.00610963531918
6889.0,120.10411286299896
6890.0,111.95658973616369
6891.0,1083.3117238614184
6892.0,89.2394468708536
6893.0,112.41689837109011
6894.0,90.91416313792392
6895.0,87.84298207567488
6896.0,185.27718524364042
6897.0,175.29073323823246
6898.0,90.62056741452174
6899.0,90.09062278342584
6900.0,113.35641965832244
6901.0,113.22869691845517
6902.0,92.78558433259686
6903.0,1082.9099499933277
6904.0,145.78115999940098
6905.0,137.36949914336708
6906.0,125.43277381385334
6907.0,95.08171695567673
6908.0,113.62893845345424
6909.0,114.02164575569445
6910.0,102.6165826825445
6911.0,95.32333888250984
6912.0,130.10805613553825
6913.0,125.75115417117567
6914.0,114.40473128121147
6915.0,1439.8563644344451
6916.0,101.61345257935032
6917.0,114.42900269158314
6918.0,114.48531589978089
6919.0,114.47687859921837
6920.0,105.09902167256551
6921.0,104.78690188817649
6922.0,114.86008586766651
6923.0,149.24068673093245
6924.0,114.3219703257502
6925.0,2708.1670209063004
6926.0,112.05872414570226
6927.0,173.39314704587304
6928.0,115.05499670478979
6929.0,146.03406477739634
6930.0,136.4834221732568
6931.0,128.59049738817896
6932.0,112.03145019823062
6933.0,114.24952811240509
6934.0,114.00476959345269
6935.0,114.50871379364295
6936.0,110.4583830602521
6937.0,112.52958877635437
6938.0,115.14605424330165
6939.0,115.52368051607193
6940.0,159.82389458437902
6941.0,1280.6586749250548
6942.0,108.54133492037194
6943.0,157.7224161983592
6944.0,142.5019394645397
6945.0,115.76274557228278
6946.0,112.13765376144141
6947.0,116.02425999441333
6948.0,115.67219994718498
6949.0,111.45274968075758
6950.0,113.66396029342741
6951.0,3319.5605788435582
6952.0,116.06726262711439
6953.0,114.41566924359283
6954.0,213.02206614545582
6955.0,136.62446289458248
6956.0,117.81599925771873
6957.0,135.4111796599944
6958.0,156.2560456481643
6959.0,165.41293518000987
6960.0,128.3330941936335
6961.0,130.31246884397214
6962.0,124.56391368597012
6963.0,133.42755720196217
6964.0,130.96566436496076
6965.0,132.30015551557534
6966.0,126.56975643293336
6967.0,138.8319984967016
6968.0,200.25630983200568
6969.0,116.93265234021398
6970.0,116.93825595568399
6971.0,117.0344606211772
6972.0,979.832099089807
6973.0,115.91097822287745
6974.0,127.6302328580678
6975.0,131.44470820711604
6976.0,117.11270577069017
6977.0,135.12133261738106
6978.0,138.69193457299883
6979.0,116.08662278866508
6980.0,1471.8081681219285
6981.0,551.6284587223391
6982.0,136.49025220442414
6983.0,116.43596394237164
6984.0,137.5722491462426
6985.0,147.53765638563394
6986.0,117.4753802440274
6987.0,116.93526430152129
6988.0,160.00530196383812
6989.0,132.17340775785402
6990.0,129.86695572367583
6991.0,128.6256773926977
6992.0,116.19675651717424
6993.0,128.07175780372577
6994.0,132.6601033484113
6995.0,115.45796321424504
6996.0,115.25943119025236
6997.0,136.78455722371783
6998.0,134.86438272436237
6999.0,192.98218064270833
7000.0,128.94596957116315
7001.0,148.17204120346614
7002.0,118.1138903561654
7003.0,139.30447571201293
7004.0,148.42323550613762
7005.0,118.25686888949399
7006.0,606.4163086062581
7007.0,132.7584808892962
7008.0,117.30606180418856
7009.0,118.02865400086695
7010.0,117.95668300567345
7011.0,118.2429566678411
7012.0,117.71321761764275
7013.0,541.8427715538517
7014.0,542.0462962777248
7015.0,118.59138301091046
7016.0,118.58946597884623
7017.0,117.83544999480179
7018.0,113.49880931378614
7019.0,117.95095008193097
7020.0,118.94099181423738
7021.0,117.97090125094353
7022.0,118.65757234350617
7023.0,118.24651170695536
7024.0,118.70878010417418
7025.0,116.02840885169047
7026.0,118.64308570974259
7027.0,118.70353549834067
7028.0,118.49046532674683
7029.0,114.38417840359425
7030.0,117.67464840336083
7031.0,118.99484953760951
7032.0,160.95921466200872
7033.0,119.32713559804783
7034.0,119.44546681457463
7035.0,119.60517374994852
7036.0,119.63561881359047
7037.0,119.65659736309557
7038.0,119.63166644382162
7039.0,117.80186153105238
7040.0,118.83441523140928
7041.0,118.83711634535264
7042.0,116.70803099383578
7043.0,435.4272969068227
7044.0,119.26000282047151
7045.0,119.86607806563056
7046.0,119.59309062274832
7047.0,160.60397174516203
7048.0,183.5772749962835
7049.0,191.48017809379888
7050.0,620.0359887293819
7051.0,166.6094469931599
7052.0,180.91915430919647
7053.0,232.84266428643537
7054.0,168.95568680749489
7055.0,173.5505887237487
7056.0,157.39707953036577
7057.0,120.05096220728198
7058.0,154.94229041027998
7059.0,132.22525004960235
7060.0,119.96806694671494
7061.0,120.40643661146422
7062.0,147.1216942454186
7063.0,163.06812613045176
7064.0,153.69157208206894
7065.0,161.80700373390397
7066.0,182.80531826705635
7067.0,120.2861551239289
7068.0,182.98948798307526
7069.0,204.59292410837205
7070.0,152.12570755209782
7071.0,120.72606082197137
7072.0,191.5979924731543
7073.0,205.92576852539023
7074.0,120.36382286653243
7075.0,185.65643306853184
7076.0,197.47786197550118
7077.0,120.69395682975926
7078.0,120.99146695805065
7079.0,121.15953588638035
7080.0,172.53725463860133
7081.0,186.26489521554444
7082.0,120.94365189360614
7083.0,121.09309663761282
7084.0,265.40688247104674
7085.0,256.6551082652677
7086.0,121.56413591818074
7087.0,121.43967212205985
7088.0,133.32205786020444
7089.0,152.85346599448025
7090.0,293.4887899832212
7091.0,281.2678805223728
7092.0,177.9355152627152
7093.0,134.57669445485033
7094.0,160.2425445884419
7095.0,146.87672853283692
7096.0,121.59593684701034
7097.0,121.73604253780168
7098.0,121.72058664750507
7099.0,136.26154211321534
7100.0,131.39037436351197
7101.0,121.58960395959578
7102.0,136.19437226609645
7103.0,137.46291066749694
7104.0,121.772992600805
7105.0,122.15280729017776
7106.0,138.86360561714093
7107.0,137.83284204504844
7108.0,121.55531598251191
7109.0,132.53369281428039
7110.0,132.56604117833513
7111.0,144.8481061643291
7112.0,122.40103920252453
7113.0,122.3842756036194
7114.0,142.44389071457474
7115.0,134.70001375372598
7116.0,122.52894058192055
7117.0,122.6188890300249
7118.0,122.58332461704008
7119.0,139.6545788683382
7120.0,134.06435271169622
7121.0,122.80544474303032
7122.0,122.73165212602684
7123.0,123.02706674181263
7124.0,131.12868339122244
7125.0,134.85564622569206
7126.0,122.97208979460544
7127.0,123.04518572966163
7128.0,123.11463416868928
7129.0,228.12984616481236
7130.0,211.59447739404004
7131.0,164.5966442768485
7132.0,122.99956503343294
7133.0,142.08478727576582
7134.0,123.17225057952673
7135.0,337.96499665336927
7136.0,123.03550956601595
7137.0,123.50443062598931
7138.0,123.58030777558886
7139.0,122.83693819161972
7140.0,123.20119498602888
7141.0,123.68147870076724
7142.0,123.22617983111944
7143.0,141.36774100913198
7144.0,230.14309407189467
7145.0,180.46243442977686
7146.0,212.5405465012949
7147.0,223.86802075786755
7148.0,175.9426881088235
7149.0,182.41337044944112
7150.0,169.84481052712212
7151.0,174.26768335833228
7152.0,169.87263854433706
7153.0,150.0938026316319
7154.0,141.95802204319045
7155.0,123.89375196376999
7156.0,123.94222524621279
7157.0,123.98532944346984
7158.0,156.74809280451282
7159.0,124.20555310012142
7160.0,161.24996033088516
7161.0,172.71185653077742
7162.0,139.7237703055981
7163.0,124.42734136902844
7164.0,179.22410065938732
7165.0,196.63405767943846
7166.0,121.88905611955664
7167.0,195.81824023862032
7168.0,202.65535162164463
7169.0,119.90974511528836
7170.0,115.65252165128476
7171.0,187.59045903248764
7172.0,189.58263759885497
7173.0,119.50339854976257
7174.0,123.04200405907687
7175.0,108.72056144377608
7176.0,164.84957710704805
7177.0,185.37795628722094
7178.0,189.01551025547676
7179.0,173.5269606086997
7180.0,158.66786262627159
7181.0,170.4144273285188
7182.0,124.48443415341865
7183.0,231.45931665909828
7184.0,160.40799412329778
7185.0,156.71039934357105
7186.0,140.93379511922103
7187.0,109.25717014108885
7188.0,104.31906720450966
7189.0,101.11526120630536
7190.0,140.39305289758795
7191.0,149.22723846633963
7192.0,125.33492116824968
7193.0,110.64932294029288
7194.0,109.04012245539278
7195.0,119.79582187665429
7196.0,115.95326141574058
7197.0,135.6265330483675
7198.0,122.61843738733438
7199.0,119.81841989747959
7200.0,134.93799795229978
7201.0,126.13982502390158
7202.0,138.4397695254709
7203.0,158.1796355659858
7204.0,123.83719949488074
7205.0,148.53400820023344
7206.0,105.52585002617965
7207.0,124.23726257865259
7208.0,108.27731150292014
7209.0,121.81693858368104
7210.0,169.59019377062486
7211.0,122.63647261784804
7212.0,122.28150545810712
7213.0,124.14521483793054
7214.0,125.93258601963402
7215.0,126.87201536792686
7216.0,126.67059790668522
7217.0,126.40104513099566
7218.0,124.29582520725462
7219.0,122.80791531264808
7220.0,125.00600871945545
7221.0,126.26890978643046
7222.0,127.16577071698869
7223.0,158.4971539045777
7224.0,182.55303796254879
7225.0,125.41124829630853
7226.0,146.02990927605157
7227.0,172.70875640921895
7228.0,127.62574631772067
7229.0,123.43344116492251
7230.0,122.40297673082657
7231.0,286.15499696639426
7232.0,127.77833377490273
7233.0,126.73623440064326
7234.0,138.68899285268805
7235.0,214.41965841564698
7236.0,234.1338364766794
7237.0,106.18974362499101
7238.0,126.32084571465603
7239.0,149.64709469262525
7240.0,127.45645047901965
7241.0,2539.948087706999
7242.0,3750.7057660569335
7243.0,1841.4672936353572
7244.0,743.1240414600248
7245.0,180.18931438737744
7246.0,129.09391669017356
7247.0,5723.991839994021
7248.0,236.55628021421774
7249.0,1056.2825543954773
7250.0,177.93192147038357
7251.0,167.03737600906328
7252.0,184.2745184480525
7253.0,178.9334655718181
7254.0,143.04139712509837
7255.0,1458.5184134435647
7256.0,118.14758679170676
7257.0,351.2821352593344
7258.0,479.90687204661225
7259.0,146.24517890658262
7260.0,122.62422498388578
7261.0,157.24809957195131
7262.0,181.537347999774
7263.0,135.291003931981
7264.0,125.93631507774641
7265.0,173.61514060238835
7266.0,189.37754645767149
7267.0,129.21757917429085
7268.0,163.72705935967525
7269.0,162.1337507708065
7270.0,301.99326521499563
7271.0,330.12838882216977
7272.0,123.48978139682674
7273.0,188.7184689229187
7274.0,188.87867533316714
7275.0,119.50093833230618
7276.0,129.917461132151
7277.0,1451.583064194133
7278.0,9625.911886054448
7279.0,151.34358047681485
7280.0,123.42665761723984
7281.0,157.97967567301708
7282.0,159.89496478714065
7283.0,165.32294033657558
7284.0,533.4936222766397
7285.0,130.02883540264625
7286.0,3926.5055380986078
7287.0,272.20362102589434
7288.0,423.90885901276647
7289.0,121.81362997770613
7290.0,124.0172528845446
7291.0,131.69947335733374
7292.0,241.31067151964402
7293.0,220.73543415774446
7294.0,311.5975939202745
7295.0,126.24321335909818
7296.0,129.85084262016312
7297.0,125.75693565547071
7298.0,1346.7607321086543
7299.0,132.0820282029876
7300.0,131.33388288865473
7301.0,132.36726625789456
7302.0,124.72995258086038
7303.0,131.10456785016743
7304.0,129.04194332571245
7305.0,120.58352591022857
7306.0,2514.634046960556
7307.0,131.62292053100697
7308.0,203.81980102967626
7309.0,269.08368329668286
7310.0,132.95497807931713
7311.0,126.070450050652
7312.0,123.67523817174306
7313.0,520.1239816428772
7314.0,132.438484030656
7315.0,126.86703577501909
7316.0,133.25908132266596
7317.0,131.1735011146469
7318.0,8555.294386503941
7319.0,126.97130363378497
7320.0,128.5776380698634
7321.0,125.76816307810915
7322.0,133.97013131425285
7323.0,132.00169037296308
7324.0,134.03330677729508
7325.0,134.15711276069112
7326.0,131.40654118164758
7327.0,133.54441224983165
7328.0,134.35872320597358
7329.0,129.81966207269025
7330.0,133.56206317004956
7331.0,3483.9501469889883
7332.0,209.03480242212237
7333.0,203.13062514561045
7334.0,207.60080993604927
7335.0,172.94301939459507
7336.0,130.40104322566398
7337.0,131.9132586146366
7338.0,134.54588412443212
7339.0,134.96448900157284
7340.0,135.2759527702965
7341.0,135.07935041517442
7342.0,134.884835405602
7343.0,10240.527572457584
7344.0,193.63549250502663
7345.0,135.61893105143062
7346.0,132.64729007648106
7347.0,283.520785993163
7348.0,135.71279412062822
7349.0,222.72004571334458
7350.0,197.39482235031758
7351.0,133.24618991423947
7352.0,143.7429478910005
7353.0,289.12874609197326
7354.0,240.13221908869468
7355.0,187.52886972456508
7356.0,167.9783911543147
7357.0,147.65680969544087
7358.0,249.6278732785804
7359.0,142.94631559246375
7360.0,163.89009581933956
7361.0,3257.3077952075887
7362.0,199.3467625608796
7363.0,162.68024039586348
7364.0,180.8013639932486
7365.0,154.55469700264834
7366.0,212.90303475413893
7367.0,156.5125057329069
7368.0,217.1721550087706
7369.0,170.57789616723426
7370.0,148.29614008677544
7371.0,4323.7619380963915
7372.0,4558.523609055865
7373.0,155.8065238709579
7374.0,136.58230396468505
7375.0,137.3066900754659
7376.0,354.31521046443163
7377.0,167.63523055817268
7378.0,151.79877565668133
7379.0,137.7028887515773
7380.0,175.3851907120583
7381.0,178.5051184859968
7382.0,137.8993726985464
7383.0,137.7633963151047
7384.0,171.4072474599751
7385.0,138.28214454482944
7386.0,209.52311267151572
7387.0,138.31907228312446
7388.0,138.42301610508406
7389.0,167.20327398261165
7390.0,170.93349743364587
7391.0,138.22722830400258
7392.0,252.8514971165938
7393.0,137.07810124274027
7394.0,2423.7389518198797
7395.0,168.5338238846973
7396.0,174.6540879478554
7397.0,167.68751926873344
7398.0,137.45958437719415
7399.0,137.78587376953647
7400.0,138.96766034784193
7401.0,157.04139610729706
7402.0,152.55960608270675
7403.0,139.18397702359758
7404.0,4934.63461857412
7405.0,139.5017602065842
7406.0,139.2961926527343
7407.0,139.63346846609176
7408.0,139.41157247509898
7409.0,139.62874744812024
7410.0,139.5521569124676
7411.0,139.8743279015217
7412.0,139.72291412831254
7413.0,138.975482417352
7414.0,285.85986661710433
7415.0,209.4848158457765
7416.0,195.1811966446779
7417.0,139.84857030532396
7418.0,224.8350348045384
7419.0,140.4328557541221
7420.0,208.57361384688073
7421.0,140.60546473677076
7422.0,140.6354902559729
7423.0,140.24877654967264
7424.0,140.75660252628424
7425.0,294.55462626475
7426.0,140.86792884025394
7427.0,140.47547949379154
7428.0,140.63819565673572
7429.0,141.1077926788458
7430.0,141.0568257072758
7431.0,141.2380270166784
7432.0,3290.1917338946814
7433.0,141.3199835736847
7434.0,141.42545650743128
7435.0,141.46051579773925
7436.0,141.55512043999542
7437.0,141.55967551630457
7438.0,141.67683398915818
7439.0,141.73813098605746
7440.0,1489.1647063400956
7441.0,1431.882190531351
7442.0,159.21525314454863
7443.0,141.72337854061104
7444.0,157.52596592846092
7445.0,142.13400890250523
7446.0,175.6207860190049
7447.0,142.27044671135428
7448.0,142.30788394671734
7449.0,161.51735765818663
7450.0,142.472511784281
7451.0,142.5046249379057
7452.0,142.5747873405931
7453.0,142.62859811166334
7454.0,177.27667285486658
7455.0,142.7819925981514
7456.0,142.8195699372849
7457.0,142.86318604039715
7458.0,142.95216877057499
7459.0,143.05043221197502
7460.0,239.58461170083893
7461.0,143.13341777802682
7462.0,143.22080005965432
7463.0,234.0755156422561
7464.0,174.57590176581832
7465.0,480.12912409696327
7466.0,179.3410414026262
7467.0,298.85067087235035
7468.0,143.6300340501761
7469.0,954.653555381354
7470.0,201.06302390469392
7471.0,143.80170643039685
7472.0,170.1494337293062
7473.0,1019.4843772901647
7474.0,636.1324338529806
7475.0,144.08785495455155
7476.0,1687.398352168584
7477.0,144.21155237776782
7478.0,199.2164290468209
7479.0,144.32674601756295
7480.0,144.4094775867899
7481.0,825.3179160071157
7482.0,1399.6467322329445
7483.0,144.6084493195948
7484.0,144.68412496773522
7485.0,208.05880416558134
7486.0,2099.049540693616
7487.0,144.87628849457053
7488.0,205.87334629029925
7489.0,145.01244132463262
7490.0,231.09052729287572
7491.0,145.13627503514888
7492.0,145.20621340568604
7493.0,145.2843920105293
7494.0,145.34942220224767
7495.0,145.39883007541914
7496.0,875.4040427970428
7497.0,145.53460801736182
7498.0,145.6193597804761
7499.0,145.67667168171374
7500.0,145.7535860036439
7501.0,145.81342929132714
7502.0,225.9200076299498
7503.0,145.95155265129165
7504.0,173.4920127782526
7505.0,146.0691594293001
7506.0,146.1469049189001
7507.0,146.20845207890588
7508.0,146.28040253276416
7509.0,146.360327832534
7510.0,146.41927839486485
7511.0,146.48625161426654
7512.0,146.55768110617697
7513.0,146.62868550771628
7514.0,146.69695444076675
7515.0,146.76469132442395
7516.0,146.8285938485398
7517.0,146.8886357980282
7518.0,146.95733706237021
7519.0,443.27806111895956
7520.0,408.8203857834536
7521.0,147.16893958420735
7522.0,161.1283675842294
7523.0,148.94408071093665
7524.0,147.36313928293134
7525.0,796.4206607586501
7526.0,5959.813567281605
7527.0,549.1626048618291
7528.0,147.6394473604078
7529.0,147.70898242205087
7530.0,297.18318032467096
7531.0,147.83599826048254
7532.0,147.9081012672321
7533.0,2544.6231255770913
7534.0,148.03807661037624
7535.0,148.10838688479768
7536.0,148.18047682388124
7537.0,148.24420646848068
7538.0,184.1754308029169
7539.0,184.24195331975622
7540.0,179.52778966639502
7541.0,148.50887077293228
7542.0,406.79410113342016
7543.0,388.94622874387437
7544.0,148.71858108526928
7545.0,148.78558792942854
7546.0,148.85253438278926
7547.0,148.9187242740682
7548.0,148.98372654764245
7549.0,211.21982375462156
7550.0,149.11038126677536
7551.0,149.1855751307722
7552.0,165.99330081889718
7553.0,149.32094108104778
7554.0,149.38410213038603
7555.0,217.608850688711
7556.0,208.1107245103201
7557.0,149.58672997324166
7558.0,149.64916228677353
7559.0,149.71674867141544
7560.0,1468.6945239299862
7561.0,191.69984042741763
7562.0,185.79347065943102
7563.0,149.9886710724526
7564.0,199.0826278131671
7565.0,150.12162651604
7566.0,187.25833491216525
7567.0,150.25455166738334
7568.0,150.3199018255521
7569.0,334.3510026464143
7570.0,352.7451851187876
7571.0,150.5149509036007
7572.0,150.57996712323535
7573.0,150.65209863288743
7574.0,4441.56088578271
7575.0,150.77917283341878
7576.0,443.8483748319211
7577.0,405.64719290405094
7578.0,150.9776751292877
7579.0,151.04988585817108
7580.0,151.116107943647
7581.0,151.18218885843888
7582.0,151.24753408749956
7583.0,151.2996927409138
7584.0,151.3661700113549
7585.0,151.4339539126462
7586.0,151.49533473736014
7587.0,151.54582596688175
7588.0,1730.8584249057317
7589.0,151.6157307162127
7590.0,151.62589630329717
7591.0,151.60736961799643
7592.0,151.5457797456461
7593.0,151.40768753296504
7594.0,151.1121316764608
7595.0,150.04933450272446
7596.0,94.7763459294048
7597.0,63.402783671385805
7598.0,58.89637294406377
7599.0,70.53596934630086
7600.0,1813.2108652345255
7601.0,39.922712118336534
7602.0,45.36383884604338
7603.0,60.977293546228914
7604.0,18.09328286237329
7605.0,57.38977377915162
7606.0,25.591197969439555
7607.0,90.72802558190654
7608.0,68.83507038262911
7609.0,44.98339631582716
7610.0,38.54577546070713
7611.0,87.71420203751144
7612.0,106.8007221800207
7613.0,145.38718899797462
7614.0,45.53583487256209
7615.0,74.83859209851781
7616.0,167.34900125323145
7617.0,82.19284308907129
7618.0,117.83186276636107
7619.0,142.38947605912833
7620.0,1416.5253557933024
7621.0,150.35274138311092
7622.0,175.5325221464469
7623.0,84.19658213633193
7624.0,309.029326524403
7625.0,238.96639828115227
7626.0,121.36962446522641
7627.0,99.65770912110189
7628.0,181.26135717925837
7629.0,87.8049996413566
7630.0,185.03940907556745
7631.0,1874.6163276304858
7632.0,199.19017378243376
7633.0,45.09353283710507
7634.0,108.3067281676229
7635.0,166.39939757948548
7636.0,190.93836477911825
7637.0,58.16529910267572
7638.0,51.97236953631057
7639.0,139.8479667375326
7640.0,177.67571355659396
7641.0,178.76647000908088
7642.0,52.53465946468836
7643.0,51.88777571882918
7644.0,245.1051831459746
7645.0,186.570803337009
7646.0,110.87453427927449
7647.0,96.32769360215332
7648.0,134.6799034793247
7649.0,171.76174886269996
7650.0,146.9212455755122
7651.0,87.8892330142316
7652.0,93.60183561374106
7653.0,170.0585567584561
7654.0,176.3799408961508
7655.0,891.6506692802595
7656.0,84.54138968888745
7657.0,81.93105758458427
7658.0,157.8912659728206
7659.0,173.07838991570563
7660.0,153.77521359690292
7661.0,133.66412492350213
7662.0,106.47697606543596
7663.0,114.28621567543108
7664.0,940.3082200529306
7665.0,938.4053271518831
7666.0,153.9270176638097
7667.0,110.10521281294986
7668.0,109.11428947541273
7669.0,154.2971980899445
7670.0,155.96955875661448
7671.0,156.30669663188567
7672.0,154.44337823528988
7673.0,122.80129053748209
7674.0,164.42673723583016
7675.0,202.23452460671643
7676.0,157.71040837491594
7677.0,157.76485565705
7678.0,156.68767740103215
7679.0,134.11974045351144
7680.0,134.1974051984189
7681.0,158.49757322314747
7682.0,158.90121995722495
7683.0,174.30737947590322
7684.0,407.9335385446399
7685.0,142.9551469547669
7686.0,332.24486508621055
7687.0,241.21631065045958
7688.0,248.418489875608
7689.0,355.99502160835596
7690.0,366.79889615382336
7691.0,199.28138119045178
7692.0,221.61696462588367
7693.0,203.76565770836888
7694.0,829.724611617185
7695.0,206.1546026455084
7696.0,211.42534743874302
7697.0,206.12267690329057
7698.0,221.33447393045142
7699.0,222.82486781623652
7700.0,216.9651961758895
7701.0,479.1612987441746
7702.0,831.5463954405932
7703.0,204.00496481734226
7704.0,195.40304973539756
7705.0,176.0817508569047
7706.0,205.1898701177206
7707.0,163.10427602916425
7708.0,163.34633760106917
7709.0,163.51412844716506
7710.0,163.6819190378356
7711.0,163.84970937322936
7712.0,162.8982519170372
7713.0,185.7283250347519
7714.0,3875.39377019389
7715.0,5591.290390696033
7716.0,286.11484904500554
7717.0,1901.1598875965963
7718.0,2051.727952375318
7719.0,6750.589972159957
7720.0,2658.435384552529
7721.0,165.51322484471092
7722.0,221.05613323537185
7723.0,165.7200249771618
7724.0,232.21903855156035
7725.0,166.19242988381478
7726.0,1543.841075018262
7727.0,281.9300277806138
7728.0,2251.081827032014
7729.0,194.3550789092406
7730.0,220.82487332926405
7731.0,211.59284245786935
7732.0,258.74261947351846
7733.0,167.5097279304178
7734.0,213.1236842419664
7735.0,185.84757497199743
7736.0,502.16578659473987
7737.0,480.90142623923566
7738.0,586.8192486109806
7739.0,168.5235299366394
7740.0,230.8591851004947
7741.0,240.95895551629383
7742.0,168.80504998271826
7743.0,411.86002360236307
7744.0,186.17085855682205
7745.0,169.50872768498385
7746.0,208.72435984177457
7747.0,209.9281155015955
7748.0,301.5140909642764
7749.0,270.6032590743912
7750.0,170.34932279933307
7751.0,170.51195645185098
7752.0,1853.4121936801414
7753.0,13552.427330508888
7754.0,437.16351886150613
7755.0,299.50601166188704
7756.0,171.3381994196613
7757.0,200.17403983198642
7758.0,201.47819285722971
7759.0,1013.3929664708033
7760.0,172.0090709060626
7761.0,172.17678815754016
7762.0,6337.833488393199
7763.0,195.25513756349662
7764.0,207.43159375452504
7765.0,172.8420587541044
7766.0,173.0125147242068
7767.0,207.8427920643105
7768.0,173.34611864461522
7769.0,173.51086645475698
7770.0,198.8687122312603
7771.0,442.8654205302795
7772.0,174.0134129985655
7773.0,174.18028124263316
7774.0,460.86719711947853
7775.0,1223.9266510422128
7776.0,1399.5512252996796
7777.0,194.6252026252951
7778.0,285.44408903389234
7779.0,175.17458901057847
7780.0,175.34228141124774
7781.0,217.3421234186657
7782.0,237.8281992218508
7783.0,3746.0490255828577
7784.0,271.6960209619307
7785.0,177.81538635998686
7786.0,253.24970927122052
7787.0,280.49769498918374
7788.0,369.6905291190153
7789.0,232.123903926171
7790.0,251.50813121644092
7791.0,239.66852727352244
7792.0,248.2471501953263
7793.0,776.3042644676618
7794.0,246.14256892074417
7795.0,177.84089444832134
7796.0,12027.479092137677
7797.0,255.09409491449472
7798.0,215.61501821039656
7799.0,178.53163489840688
7800.0,218.35956324297942
7801.0,213.59458332579098
7802.0,259.12443644212226
7803.0,179.21351145806415
7804.0,195.06167645700117
7805.0,179.46913100341695
7806.0,293.503954070306
7807.0,179.88928123492974
7808.0,180.05834947902622
7809.0,224.6882711157213
7810.0,264.5114219913354
7811.0,4922.222697180472
7812.0,241.98197935070758
7813.0,180.89774712714404
7814.0,266.38619939721275
7815.0,350.9559958885128
7816.0,181.41009421396808
7817.0,364.8367070429887
7818.0,347.58831896510765
7819.0,212.9761607929324
7820.0,182.07405682115524
7821.0,456.2935274097689
7822.0,268.92812068901407
7823.0,317.6632060866711
7824.0,15208.830301983644
7825.0,182.93217862736395
7826.0,244.39269939502347
7827.0,255.35815720724514
7828.0,243.19808851089564
7829.0,183.60936918751395
7830.0,183.77655252765496
7831.0,473.6726830741326
7832.0,249.0243990332902
7833.0,184.29238373084448
7834.0,184.44500467333455
7835.0,184.57428168823213
7836.0,397.6074642910725
7837.0,217.4142099604137
7838.0,185.12804654394222
7839.0,185.2338800653538
7840.0,185.46899181711996
7841.0,240.71194904630832
7842.0,228.84911954099474
7843.0,4581.030750507905
7844.0,186.16360723720365
7845.0,186.3331622083106
7846.0,186.50149872476067
7847.0,208.22149116100456
7848.0,204.62809243821903
7849.0,186.76221401527226
7850.0,187.18153768351536
7851.0,590.1401768027498
7852.0,1345.029398013077
7853.0,480.07283209064565
7854.0,890.0316963507767
7855.0,6601.8095992394865
7856.0,8809.253750456292
7857.0,231.2194759763629
7858.0,205.27964254603552
7859.0,188.71503191540853
7860.0,1666.525074425228
7861.0,188.97438353503566
7862.0,189.21426491553905
7863.0,5314.122135254091
7864.0,189.39418216481155
7865.0,189.38895862696134
7866.0,189.78603169996225
7867.0,189.37006729166845
7868.0,188.39498138227157
7869.0,189.97718686886984
7870.0,2422.5787234776553
7871.0,190.7329925315067
7872.0,189.63532689290952
7873.0,6213.378062565192
7874.0,191.23917745539813
7875.0,190.33700137661822
7876.0,269.2750050513198
7877.0,191.1750371402305
7878.0,191.03532818232657
7879.0,189.65560249635158
7880.0,455.3623899757011
7881.0,3444.8009606787705
7882.0,191.79902737993444
7883.0,297.52072797756273
7884.0,2669.0420447745955
7885.0,291.68874346601825
7886.0,193.222010244847
7887.0,335.3828500978746
7888.0,340.6187434842643
7889.0,333.8297799404372
7890.0,300.86884588206874
7891.0,336.3363322707843
7892.0,3531.7323264276874
7893.0,400.3734113516796
7894.0,191.90020927945235
7895.0,330.3889627067736
7896.0,415.78392736787333
7897.0,355.2456304079262
7898.0,195.62980321947265
7899.0,269.81063696267256
7900.0,308.2749768312633
7901.0,341.7344356878707
7902.0,195.71508163518374
7903.0,194.45705217639332
7904.0,190.3328486018301
7905.0,449.39243495947517
7906.0,196.11304015731895
7907.0,196.8171869860148
7908.0,282.27442725412504
7909.0,343.59327499288975
7910.0,197.07679722851066
7911.0,191.6563652061425
7912.0,342.8007762456675
7913.0,362.67790644972536
7914.0,2101.267110734643
7915.0,198.10910485810646
7916.0,17789.47187076181
7917.0,395.5517388781325
7918.0,196.02506035475054
7919.0,198.04935560009832
7920.0,196.81130409601815
7921.0,804.2943503945577
7922.0,399.9797134895864
7923.0,7957.995420855359
7924.0,199.63158788954857
7925.0,323.62394879393344
7926.0,198.87556227100018
7927.0,333.1530385116067
7928.0,200.36209536736402
7929.0,200.52561478386235
7930.0,377.274021809646
7931.0,306.8062701455473
7932.0,306.37583924825435
7933.0,2182.0587641666098
7934.0,3859.0879883679313
7935.0,262.3970367129154
7936.0,323.2037916226358
7937.0,305.1351731863223
7938.0,202.063420067359
7939.0,201.9983709567215
7940.0,243.07650966428585
7941.0,295.88226614927515
7942.0,202.71800241276424
7943.0,246.1543415183353
7944.0,371.2502857102522
7945.0,320.1704639335884
7946.0,259.64655543505677
7947.0,246.60580109543002
7948.0,675.0816824430209
7949.0,203.56861963310428
7950.0,202.40463269253564
7951.0,4445.408366267523
7952.0,204.32235403867807
7953.0,202.6532104153868
7954.0,204.5890728023518
7955.0,380.76819872369197
7956.0,203.72987464594635
7957.0,205.2463557743607
7958.0,204.74104177461888
7959.0,205.5049637711496
7960.0,205.29144220568514
7961.0,201.00112022403286
7962.0,204.70320722023484
7963.0,201.6523067606095
7964.0,204.25685519772088
7965.0,262.2999670515337
7966.0,272.84728977264194
7967.0,14669.190901536344
7968.0,207.080294918986
7969.0,207.10730551374027
7970.0,1499.2738474370396
7971.0,206.33999010150728
7972.0,249.5588905441898
7973.0,235.04832340729286
7974.0,204.82998576763097
7975.0,258.4742837889729
7976.0,270.9636422486535
7977.0,207.64827837764088
7978.0,252.93139804551592
7979.0,1182.9990212839593
7980.0,1145.3887256529995
7981.0,209.19867215585083
7982.0,5218.599259041654
7983.0,208.4589986329541
7984.0,209.47986371781477
7985.0,209.77967940900453
7986.0,208.27007797542782
7987.0,208.0864996039745
7988.0,247.85107001407454
7989.0,262.5713615138896
7990.0,427.1089980671918
7991.0,210.90744231294374
7992.0,307.318390703216
7993.0,257.7652231724369
7994.0,294.0026213054695
7995.0,213.3002940081176
7996.0,15724.150632302752
7997.0,296.83807028408705
7998.0,303.1155423529023
7999.0,211.813821476931
8000.0,453.62816697434243
8001.0,303.49963194135404
8002.0,270.61997370833734
8003.0,209.51440270609618
8004.0,295.8939916526909
8005.0,302.2793520238646
8006.0,244.12985725507528
8007.0,242.3072835229301
8008.0,249.6627375328265
8009.0,212.93336550974064
8010.0,251.5448883282801
8011.0,214.29626762864456
8012.0,214.50676979399785
8013.0,268.75110322810536
8014.0,288.9803243089892
8015.0,209.957868062349
8016.0,4090.958771474472
8017.0,343.65975774307833
8018.0,329.3918191427239
8019.0,215.1676993576974
8020.0,214.28996048591756
8021.0,321.4735352088201
8022.0,529.1910947700683
8023.0,682.1708290423226
8024.0,215.17254314135903
8025.0,213.82745788903924
8026.0,316.6344372529444
8027.0,346.6298576829766
8028.0,11882.227073414746
8029.0,216.80943426751793
8030.0,730.1626490129678
8031.0,751.6619750997766
8032.0,289.4340942108705
8033.0,217.46751659055232
8034.0,550.166170397158
8035.0,218.29142184321856
8036.0,275.31669506526407
8037.0,300.7831071676048
8038.0,237.25031301166806
8039.0,216.01519070471025
8040.0,218.78062529240555
8041.0,219.30554308030523
8042.0,261.9032177238603
8043.0,310.57172611126157
8044.0,245.33313977301077
8045.0,257.78756157157386
8046.0,218.3033748293747
8047.0,218.73354051422925
8048.0,243.74799347530143
8049.0,243.0851566842964
8050.0,220.89933919620967
8051.0,220.28403399746117
8052.0,589.6629932509584
8053.0,221.32287380945854
8054.0,2815.879886113911
8055.0,220.1240900835521
8056.0,221.66396026010835
8057.0,220.93387489827927
8058.0,254.30969349413178
8059.0,247.33885652505137
8060.0,222.57334504086722
8061.0,271.18986979078073
8062.0,221.52027832111395
8063.0,222.8603621753442
8064.0,2917.460009705365
8065.0,2811.4897707046816
8066.0,263.3955203254401
8067.0,222.90381073326998
8068.0,303.4769260341071
8069.0,224.05607425602582
8070.0,270.52425419400515
8071.0,224.11953350922877
8072.0,222.3341340713929
8073.0,223.49836877064735
8074.0,224.82859678868735
8075.0,224.9621572138004
8076.0,225.24192005316706
8077.0,392.94051982758043
8078.0,224.35241449628882
8079.0,393.87597122611027
8080.0,381.3274843649532
8081.0,224.96155617162756
8082.0,225.3911218196839
8083.0,225.79377371493334
8084.0,225.65109285023226
8085.0,226.24204411515632
8086.0,226.861481261769
8087.0,491.56300941234963
8088.0,493.90988510105535
8089.0,227.15378473101123
8090.0,227.3152655662615
8091.0,227.25563265185662
8092.0,227.65220119549872
8093.0,225.36680167831713
8094.0,227.7567417977008
8095.0,228.16341840946188
8096.0,1365.731291017579
8097.0,352.0800783823205
8098.0,227.67125608082353
8099.0,226.14116821834747
8100.0,228.30784030367394
8101.0,233.68521487831705
8102.0,244.70702171295193
8103.0,268.7163892123606
8104.0,1443.8925567826107
8105.0,1393.2616840901994
8106.0,229.82700809332917
8107.0,350.67852071342134
8108.0,229.84198504973003
8109.0,267.1256638072382
8110.0,263.2978098702892
8111.0,253.16266843790774
8112.0,266.5170376849209
8113.0,228.91684575575087
8114.0,262.0159051655887
8115.0,246.24674604384919
8116.0,221.68923690023223
8117.0,230.51869495519333
8118.0,231.91216150679378
8119.0,231.99942875642375
8120.0,230.88468996165233
8121.0,228.04134065891614
8122.0,256.3301336331691
8123.0,228.8810935012904
8124.0,256.1565434671273
8125.0,226.58098957902507
8126.0,277.5602994691722
8127.0,231.0527038785049
8128.0,271.7166725794919
8129.0,228.79618967394023
8130.0,309.66089146296633
8131.0,234.21851589663453
8132.0,227.6427839127539
8133.0,263.3151142961509
8134.0,329.9793251665004
8135.0,266.09898030123566
8136.0,206.92870156696443
8137.0,276.1513994636238
8138.0,268.2396617011889
8139.0,317.9436990871756
8140.0,235.46398387958462
8141.0,555.7674727362271
8142.0,654.7905067132589
8143.0,239.76224906964785
8144.0,233.27397657773338
8145.0,235.5440630247786
8146.0,223.76149864599324
8147.0,233.4955022736772
8148.0,249.33211909918748
8149.0,1158.622956564869
8150.0,387.61765634491195
8151.0,216.40556612483147
8152.0,210.78743079596438
8153.0,254.18096287546695
8154.0,260.47531076881506
8155.0,241.5937315207044
8156.0,222.854742725018
8157.0,196.4559129523729
8158.0,236.8433612210197
8159.0,237.07246384888506
8160.0,206.6365390997726
8161.0,236.6187582572535
8162.0,238.7324545243098
8163.0,235.4252631614417
8164.0,179.68493781441043
8165.0,202.50494466877294
8166.0,231.04207637246077
8167.0,180.03562549735702
8168.0,233.27567371784906
8169.0,238.2202475679288
8170.0,239.61190485235497
8171.0,213.3447165016211
8172.0,177.1737546276207
8173.0,237.7096965051544
8174.0,240.15103667847964
8175.0,239.21627247462328
8176.0,240.10640535903698
8177.0,237.67728025397042
8178.0,240.69339416419413
8179.0,182.71538248110534
8180.0,210.61423196079974
8181.0,201.05189772200606
8182.0,238.14963259423337
8183.0,241.73569147474248
8184.0,206.78985672984282
8185.0,235.99369148215
8186.0,241.74004747906
8187.0,242.75612775570391
8188.0,238.71059641617168
8189.0,216.00690904309027
8190.0,467.83665118783995
8191.0,371.38012638297187
8192.0,205.91987271686577
8193.0,243.0271703320032
8194.0,243.3133265287903
8195.0,202.85988405154572
8196.0,236.49838821162407
8197.0,505.7107929872583
8198.0,452.6527277761877
8199.0,243.56315769817428
8200.0,188.8493128729143
8201.0,235.30766904195266
8202.0,232.91281390946503
8203.0,223.6628466688415
8204.0,245.77881297500622
8205.0,246.78552717987878
8206.0,247.12368014315166
8207.0,295.11123434771247
8208.0,279.95330377278316
8209.0,247.68348000911794
8210.0,352.09205486025803
8211.0,295.9862638673672
8212.0,285.37462414342076
8213.0,244.65705256058598
8214.0,235.4507288048293
8215.0,246.32216887684314
8216.0,316.6271092030447
8217.0,246.77444793024577
8218.0,322.881527373158
8219.0,249.58827109168848
8220.0,224.7702663357687
8221.0,247.04468102032342
8222.0,250.8346780610934
8223.0,250.28567086721586
8224.0,234.1480469623794
8225.0,250.7524928602228
8226.0,230.05545189349763
8227.0,247.14997376707635
8228.0,237.55941570960087
8229.0,195.05688749275242
8230.0,197.3615558264049
8231.0,172.39212353760743
8232.0,225.22791816047587
8233.0,231.03241003216783
8234.0,189.1756232049495
8235.0,253.06738867506425
8236.0,220.51468475890687
8237.0,248.14350880070057
8238.0,251.35310665594108
8239.0,252.9024957572894
8240.0,244.29085436272993
8241.0,254.9963316657625
8242.0,245.6232129894235
8243.0,255.31723396946956
8244.0,531.6715926804702
8245.0,247.27768248684578
8246.0,215.2076153436925
8247.0,256.821431816649
8248.0,257.66743134430527
8249.0,256.42978582551314
8250.0,463.43259750636037
8251.0,414.136425577366
8252.0,258.54298663610047
8253.0,258.70005488213656
8254.0,258.63381874937176
8255.0,244.51369789912545
8256.0,259.33635079708887
8257.0,421.5214874347578
8258.0,257.31240158766195
8259.0,210.75426388264805
8260.0,257.26759345378304
8261.0,260.376106719169
8262.0,236.8916530905016
8263.0,259.3665689101784
8264.0,261.2085708541606
8265.0,260.15400610502525
8266.0,243.6363336706415
8267.0,260.79243642652153
8268.0,262.62395653506985
8269.0,262.74799096938676
8270.0,263.3382627745265
8271.0,297.2349167841519
8272.0,262.9770764245152
8273.0,263.70434612952414
8274.0,260.1384037289442
8275.0,259.8936680633092
8276.0,255.10053787332484
8277.0,220.31406521636228
8278.0,262.9911566911335
8279.0,332.2343542943219
8280.0,264.9726344791442
8281.0,4181.82487604346
8282.0,235.16983080265206
8283.0,1674.6971979008365
8284.0,6547.050211573631
8285.0,1222.1326160400508
8286.0,308.7823503628389
8287.0,338.96440451957506
8288.0,267.1768906072644
8289.0,2987.3004559752503
8290.0,211.8687395592185
8291.0,10880.627487156877
8292.0,245.57922516459428
8293.0,916.3728987120099
8294.0,268.74907821235684
8295.0,269.38715351894757
8296.0,244.30431700937837
8297.0,241.08316021576766
8298.0,263.5627881876214
8299.0,4482.340086019598
8300.0,270.36471136684145
8301.0,12900.39514501366
8302.0,394.52975634904544
8303.0,241.956145994173
8304.0,527.9102006926413
8305.0,644.1920633976049
8306.0,439.3094317878929
8307.0,315.35579845435757
8308.0,266.52837173364594
8309.0,271.95474369432515
8310.0,271.88417237248
8311.0,331.3468390265035
8312.0,272.52907682696883
8313.0,4882.50764959688
8314.0,254.1919529183891
8315.0,273.53231897980083
8316.0,269.423506902888
8317.0,274.6791580845815
8318.0,267.3134347772547
8319.0,265.801756943173
8320.0,483.37665563572386
8321.0,564.3750967803275
8322.0,355.08270569294
8323.0,263.98411472071433
8324.0,222.0594136955329
8325.0,276.658762910204
8326.0,277.4305529817083
8327.0,277.5734845367421
8328.0,277.0080520494139
8329.0,274.52342208110485
8330.0,278.2275672748084
8331.0,275.92658624816323
8332.0,257.9312899472747
8333.0,277.67944818306546
8334.0,276.1687965734639
8335.0,275.6320609629904
8336.0,268.0987093041633
8337.0,278.03926454575156
8338.0,271.97078864380546
8339.0,280.2897722044661
8340.0,510.3165600578916
8341.0,532.9856748417584
8342.0,279.2504085016207
8343.0,281.698621636205
8344.0,278.21622489798733
8345.0,4065.7250682715635
8346.0,281.5745950940683
8347.0,33282.48019617385
8348.0,282.73022704447095
8349.0,282.69717198902686
8350.0,282.0809527652395
8351.0,278.662085443129
8352.0,1299.7493995322536
8353.0,283.90019386892953
8354.0,284.31865920683475
8355.0,11475.422258976314
8356.0,277.2973875332258
8357.0,281.77376396266965
8358.0,285.3497225342625
8359.0,340.44641250988735
8360.0,281.13967819436095
8361.0,286.25518813084295
8362.0,284.17146430288267
8363.0,1030.805726382886
8364.0,504.20214668757546
8365.0,559.8162185103909
8366.0,287.32344568272754
8367.0,4030.19193100809
8368.0,377.481739937258
8369.0,549.3421953112648
8370.0,280.14503372029446
8371.0,288.49759644964934
8372.0,334.63840892276386
8373.0,287.85477108118096
8374.0,289.39975374876514
8375.0,328.6922802390438
8376.0,282.72565737481875
8377.0,288.625103183132
8378.0,412.68535294212046
8379.0,282.0308568203007
8380.0,289.29520044934566
8381.0,290.79058478784856
8382.0,820.5947866629872
8383.0,831.3988492158387
8384.0,290.87569661194783
8385.0,8158.72226938636
8386.0,289.8754948439367
8387.0,290.26425040845135
8388.0,288.45804079008803
8389.0,291.7228806147066
8390.0,374.2291956654848
8391.0,293.19315046160534
8392.0,458.8296664372554
8393.0,443.49717458381457
8394.0,400.0436899111327
8395.0,294.786330945437
8396.0,291.84206960574846
8397.0,293.3022266489956
8398.0,345.5139760678052
8399.0,294.1184996074655
8400.0,294.03939560765025
8401.0,24254.20822662937
8402.0,3718.615117572502
8403.0,419.5506989400683
8404.0,297.0282617448545
8405.0,296.7551220797966
8406.0,296.88866910978646
8407.0,296.87152102041364
8408.0,293.7152513155512
8409.0,298.2660096289516
8410.0,298.08906292653955
8411.0,292.5537939577867
8412.0,296.8404391594228
8413.0,298.8009612786836
8414.0,299.35581724963936
8415.0,299.75949363971364
8416.0,299.6888604277189
8417.0,299.84541695945836
8418.0,10186.191429672885
8419.0,300.18351559518675
8420.0,299.9654628603851
8421.0,297.65574395299154
8422.0,301.4852999120997
8423.0,301.530536409165
8424.0,301.9300729739394
8425.0,397.95887898074807
8426.0,509.27790487728663
8427.0,361.40882599558023
8428.0,302.8184542689952
8429.0,493.3209871068053
8430.0,691.3023048934481
8431.0,303.5479799863957
8432.0,26447.03394800913
8433.0,623.9099496516119
8434.0,481.4040278648671
8435.0,329.64160470094254
8436.0,304.9028173577306
8437.0,783.7557652041999
8438.0,343.3759456756047
8439.0,302.00492218838684
8440.0,304.4747773290718
8441.0,306.0560426087546
8442.0,306.2654427578289
8443.0,305.8064920985038
8444.0,306.98254575478694
8445.0,305.5030219023718
8446.0,307.5026142884139
8447.0,306.7608710575739
8448.0,307.67916390561186
8449.0,571.9086338180508
8450.0,308.36058972509824
8451.0,324.38808747601377
8452.0,332.58041154854385
8453.0,414.09962029943205
8454.0,308.7528419534461
8455.0,9082.095029908782
8456.0,421.22437376457725
8457.0,310.24137452437594
8458.0,310.53984791834733
8459.0,342.7516553815308
8460.0,310.975275017648
8461.0,311.2786268212362
8462.0,311.0838966873857
8463.0,424.02501200125414
8464.0,387.23161167074255
8465.0,373.26797528900585
8466.0,312.2852214409887
8467.0,312.77839221224417
8468.0,23064.98232737363
8469.0,313.2721744444834
8470.0,313.4129010598791
8471.0,313.6546323342463
8472.0,313.65689978414645
8473.0,314.20119253953624
8474.0,314.4828261129119
8475.0,314.7454109249188
8476.0,314.75277888754306
8477.0,891.2742102555737
8478.0,315.4961586478045
8479.0,315.7018561526855
8480.0,315.07357418208954
8481.0,315.83597690853014
8482.0,314.7963805460472
8483.0,316.39485741161326
8484.0,316.9576193056565
8485.0,316.8023924696383
8486.0,317.482784117003
8487.0,317.7189538706993
8488.0,317.96069226245487
8489.0,316.3340266129195
8490.0,318.2960483207179
8491.0,318.2865278460477
8492.0,318.9646572608826
8493.0,319.1991040934404
8494.0,318.10187904335834
8495.0,319.6668566827087
8496.0,6470.487547881885
8497.0,695.7491576679465
8498.0,320.3930878736792
8499.0,504.8245338979951
8500.0,450.11126972214896
8501.0,321.09231818089114
8502.0,320.5927663910881
8503.0,542.9767684235737
8504.0,321.89792452097333
8505.0,607.9058470289698
8506.0,401.01483325748296
8507.0,11681.197299660449
8508.0,321.31263228476945
8509.0,323.1120865358715
8510.0,323.4080493026282
8511.0,323.6452262432882
8512.0,323.47781814186675
8513.0,324.0869264866656
8514.0,321.4736943979508
8515.0,322.3740715287067
8516.0,324.4507917327317
8517.0,325.10576690132234
8518.0,324.71495181351565
8519.0,325.3019624650705
8520.0,325.7363233147748
8521.0,325.91365818224796
8522.0,323.79868339549427
8523.0,647.1180544738609
8524.0,326.8350591690652
8525.0,326.2938893582755
8526.0,327.2578336875668
8527.0,327.2700808930927
8528.0,327.78218380314877
8529.0,327.32418459147993
8530.0,328.35750874856654
8531.0,328.59461226354904
8532.0,328.2531289825807
8533.0,329.0114442879884
8534.0,328.92511930766733
8535.0,329.6013621967812
8536.0,329.80208574706853
8537.0,328.9639393619325
8538.0,330.2821900833735
8539.0,329.47334025745914
8540.0,330.79609726163784
8541.0,9883.607253377842
8542.0,330.4337513745544
8543.0,329.0758686837902
8544.0,532.1551194644886
8545.0,332.09553490370837
8546.0,332.29751378569875
8547.0,332.58778372085436
8548.0,332.6120897198526
8549.0,332.2947235153116
8550.0,333.21579319959733
8551.0,4691.178869921068
8552.0,333.6635087436666
8553.0,333.8604707314932
8554.0,334.3483364234663
8555.0,334.4817328260939
8556.0,333.46004622779213
8557.0,334.59543772273986
8558.0,335.0456411713414
8559.0,335.13921773169454
8560.0,335.851031479117
8561.0,335.80070403967744
8562.0,336.3395357312656
8563.0,336.5375377479697
8564.0,336.83169665855434
8565.0,336.56264061784555
8566.0,337.35913629531206
8567.0,337.59689176795274
8568.0,337.8644826544988
8569.0,338.0647867717465
8570.0,338.34912478360235
8571.0,338.075125296305
8572.0,338.8403627189099
8573.0,338.41018877223735
8574.0,440.6008100759956
8575.0,338.97007835437444
8576.0,940.3946997585083
8577.0,340.0434133315033
8578.0,490.4522849355674
8579.0,340.6023220800334
8580.0,471.2330094088975
8581.0,340.9993397312328
8582.0,341.14885034935736
8583.0,341.1077841742986
8584.0,341.1996133465149
8585.0,341.4676944079448
8586.0,341.6602962403445
8587.0,341.82311671403534
8588.0,341.97959763038074
8589.0,341.90103552172894
8590.0,927.2436670757708
8591.0,878.3399820858739
8592.0,342.5151120011158
8593.0,341.94411916254097
8594.0,342.409430292189
8595.0,342.7719282104943
8596.0,343.08392594545415
8597.0,343.1401630796495
8598.0,343.33021127243774
8599.0,1185.7175587760757
8600.0,1200.1620426672703
8601.0,343.78015786641583
8602.0,343.9263405871797
8603.0,343.9219163184789
8604.0,344.1693949840304
8605.0,344.3292434769661
8606.0,344.4965053026478
8607.0,439.1335086433167
8608.0,344.52356699609254
8609.0,394.2174369635882
8610.0,384.60391430943633
8611.0,423.2569458025248
8612.0,394.47622588339846
8613.0,482.16949702715954
8614.0,345.58351719944704
8615.0,689.5087064243992
8616.0,345.8734536743608
8617.0,611.5953495504298
8618.0,879.6989816211694
8619.0,375.86604374637153
8620.0,805.7163077264493
8621.0,1276.6908836446398
8622.0,1103.0707296583319
8623.0,346.7871666946058
8624.0,1765.8132796575721
8625.0,1646.76036512772
8626.0,347.25937459217107
8627.0,2356.8863531370607
8628.0,2161.401782872283
8629.0,347.4509392700346
8630.0,2952.7849601656285
8631.0,347.94707404572205
8632.0,2460.764980446424
8633.0,348.17429872104924
8634.0,3070.367329383501
8635.0,2619.1748407835635
8636.0,348.64667864484295
8637.0,348.7831956346045
8638.0,2828.7164349625973
8639.0,2084.971589565333
8640.0,349.14553064306824
8641.0,349.34072125443726
8642.0,1819.354192495556
8643.0,964.2691221284688
8644.0,565.1777057700903
8645.0,495.89540232209936
8646.0,350.0355568234868
8647.0,350.092550865922
8648.0,350.31115838514717
8649.0,2624.2317149650103
8650.0,350.58178823969985
8651.0,350.72097377881636
8652.0,2775.9201962055354
8653.0,845.25416690616
8654.0,3417.5297401349485
8655.0,429.0546008402273
8656.0,461.51263889655934
8657.0,3389.9100102733105
8658.0,4224.248311720623
8659.0,351.8325285676912
8660.0,506.36884647927127
8661.0,355.13367349531296
8662.0,3639.1644584329333
8663.0,4440.825517345957
8664.0,352.526159839534
8665.0,352.6647495235344
8666.0,554.8165646756929
8667.0,3489.1037509252124
8668.0,4177.400765531816
8669.0,353.19989374172025
8670.0,443.93460899037
8671.0,353.48972468383147
8672.0,3151.208655645483
8673.0,3541.5336239526664
8674.0,353.90533474285826
8675.0,354.04196415067116
8676.0,354.1785829397081
8677.0,2464.465969086031
8678.0,2667.3266202318514
8679.0,354.58333366115414
8680.0,354.7250570484024
8681.0,354.8616753139723
8682.0,354.9982934750047
8683.0,1827.1598772227414
8684.0,1906.2896441607363
8685.0,355.4081473313937
8686.0,385.7437962638886
8687.0,355.6813827139142
8688.0,1220.334045338108
8689.0,355.9546176795263
8690.0,1331.219405151733
8691.0,356.1786034769218
8692.0,356.3096900694699
8693.0,356.4680507183386
8694.0,847.3258326404839
8695.0,356.7777062566976
8696.0,930.6655836352143
8697.0,357.06319856431355
8698.0,357.2048034894431
8699.0,357.3432010152206
8700.0,589.6869816251403
8701.0,357.5866367824644
8702.0,663.162780806452
8703.0,1020.9247141510923
8704.0,390.3453820920831
8705.0,380.8844845905251
8706.0,358.30448735657023
8707.0,489.5932430501748
8708.0,476.5105396742388
8709.0,930.8557904083057
8710.0,821.9720027464548
8711.0,358.97338290102243
8712.0,359.1157348417367
8713.0,409.78688681248065
8714.0,418.3874594203446
8715.0,359.5266792322473
8716.0,359.67321860752253
8717.0,359.8023229602535
8718.0,359.95374459068404
8719.0,380.61197224199464
8720.0,400.0804264976888
8721.0,390.51246258889194
8722.0,360.41621257975993
8723.0,360.51024025335346
8724.0,360.58967353781065
8725.0,360.6981564585794
8726.0,360.784744894019
8727.0,360.87352113466557
8728.0,360.9681617165083
8729.0,631.5934042935298
8730.0,361.16469895812384
8731.0,361.25787390410665
8732.0,361.3256808401366
8733.0,361.4442236600309
8734.0,361.5373984700177
8735.0,361.6305732347178
8736.0,361.7237479541535
8737.0,361.8169226283475
8738.0,361.7368016263833
8739.0,362.00327184110057
8740.0,529.6381258972532
8741.0,362.18962087315697
8742.0,479.59153158302354
8743.0,583.825353184912
8744.0,362.46495278094886
8745.0,494.0016538182888
8746.0,362.6482780852349
8747.0,362.74866688694385
8748.0,362.8418410649628
8749.0,417.998399953633
8750.0,363.0281892861069
8751.0,362.99084205382894
8752.0,363.21453732754065
8753.0,618.1797806178312
8754.0,363.4008851894425
8755.0,363.49405905312494
8756.0,363.58723287199126
8757.0,363.6804066460638
8758.0,363.7735803753646
8759.0,363.8667540599163
8760.0,363.9416725465222
8761.0,6051.739492773252
8762.0,364.0979183849351
8763.0,2958.183520562969
8764.0,18322.864192243607
8765.0,770.2168206166477
8766.0,672.1242576486449
8767.0,364.5864753629895
8768.0,364.7053152108225
8769.0,7135.168815293335
8770.0,20757.11979738188
8771.0,364.9774734228642
8772.0,902.2752988890641
8773.0,810.4406745236796
8774.0,365.2643539733454
8775.0,365.3291749650653
8776.0,365.44825767855525
8777.0,525.934702759632
8778.0,365.6370455934887
8779.0,9940.682845775322
8780.0,365.8233911376266
8781.0,22082.162623003907
8782.0,365.956083782404
8783.0,365.5809896349299
8784.0,366.1846793734849
8785.0,366.13475520258925
8786.0,366.38242670840776
8787.0,366.3499125630893
8788.0,366.4113642654574
8789.0,366.4794248268555
8790.0,366.7265967913261
8791.0,366.8482884702107
8792.0,366.94146069041335
8793.0,1026.5826714390682
8794.0,9372.131758170965
8795.0,366.97602494459335
8796.0,367.3141491314217
8797.0,367.40732113183196
8798.0,367.50049308834866
8799.0,367.59366500099395
8800.0,367.68683686978915
8801.0,367.78000869475596
8802.0,367.30233177698665
8803.0,367.90862464494364
8804.0,460.2265139467083
8805.0,368.13539409783834
8806.0,367.27931834682
8807.0,368.3334517794144
8808.0,368.26041544577555
8809.0,368.5253817192604
8810.0,368.61855315074325
8811.0,368.7117245386133
8812.0,965.8908579910695
8813.0,1229.4960334312452
8814.0,367.6709498131857
8815.0,369.05406868565177
8816.0,369.1775808245243
8817.0,369.27075195116873
8818.0,369.3639230343504
8819.0,369.45709407409106
8820.0,369.5502650704119
8821.0,369.42210161701973
8822.0,368.79975245800273
8823.0,368.4468191558938
8824.0,369.9008486938461
8825.0,369.60789395215903
8826.0,370.10734712764423
8827.0,370.20246083069526
8828.0,6650.632025073112
8829.0,399.9633442313187
8830.0,54848.09431867608
8831.0,370.57408957771565
8832.0,489.153276812776
8833.0,1127.7756062732935
8834.0,679.3867143824882
8835.0,2089.6927808402347
8836.0,2029.952217631768
8837.0,1086.8537209714314
8838.0,370.14691538788975
8839.0,22135.06708442397
8840.0,830.9861821430316
8841.0,371.04145253410087
8842.0,371.4358607857715
8843.0,371.6832828417774
8844.0,371.77792211218645
8845.0,371.87063316398127
8846.0,371.96286190713124
8847.0,372.0521182813947
8848.0,1081.2611382722096
8849.0,504.88682634729116
8850.0,372.2114954084982
8851.0,372.42191688928483
8852.0,5576.473549932997
8853.0,2067.217205882775
8854.0,372.639666295676
8855.0,371.43455484249364
8856.0,372.87269702569193
8857.0,415.0915984488406
8858.0,373.06427038897397
8859.0,373.0314833471463
8860.0,368.91758150536543
8861.0,370.0108996564856
8862.0,397.2609064291243
8863.0,391.57368713021117
8864.0,865.5277016625739
8865.0,903.9195565797195
8866.0,626.3443785542327
8867.0,393.1351316318515
8868.0,373.6390066551373
8869.0,1416.0720709374843
8870.0,15136.259721822338
8871.0,373.84329682120534
8872.0,373.9208526628441
8873.0,374.45102030632665
8874.0,393.7896053988338
8875.0,374.20978824273465
8876.0,374.73707472104496
8877.0,374.8330237163221
8878.0,374.92542007579584
8879.0,375.0095522792544
8880.0,374.7067766850386
8881.0,374.6211751806765
8882.0,367.9670686494705
8883.0,375.30236224563754
8884.0,374.71323079477935
8885.0,374.5183581985715
8886.0,375.6598480804418
8887.0,469.10887010176674
8888.0,44353.88297844084
8889.0,375.7987766573815
8890.0,375.97195578837807
8891.0,660.929780464965
8892.0,634.7438928822551
8893.0,416.89204468357303
8894.0,376.40890316759675
8895.0,376.4952711781346
8896.0,376.07862282312533
8897.0,375.7176838220953
8898.0,801.5193674932723
8899.0,599.9015473652635
8900.0,571.8959928219185
8901.0,376.1378582740013
8902.0,376.7860410998707
8903.0,374.13785368721915
8904.0,377.219336430188
8905.0,377.4227836300126
8906.0,18507.017270622604
8907.0,694.7535566283468
8908.0,457.88302143486976
8909.0,377.6859175858654
8910.0,375.0852451698251
8911.0,947.5370443392967
8912.0,740.0989108192921
8913.0,434.0883141658037
8914.0,377.550657132828
8915.0,378.3468482061643
8916.0,378.44514053970914
8917.0,465.8814660536923
8918.0,377.0822173743217
8919.0,446.5313418183832
8920.0,371.42661120619715
8921.0,378.7417846419584
8922.0,47958.324699328834
8923.0,707.1041888397099
8924.0,475.60310771537513
8925.0,409.12854683596333
8926.0,482.0111883593153
8927.0,482.01982256313323
8928.0,379.52606398042406
8929.0,762.1122979437184
8930.0,399.9143861373542
8931.0,1066.621868908694
8932.0,541.4566716243028
8933.0,406.1554444723117
8934.0,404.7601106868475
8935.0,378.4169241137104
8936.0,514.5150942877143
8937.0,468.4554125127383
8938.0,485.20791470932573
8939.0,595.7201269935096
8940.0,414.9666970228654
8941.0,380.6864831795036
8942.0,518.8689771945267
8943.0,363.59390757238174
8944.0,408.5383362894371
8945.0,368.3198370807276
8946.0,16150.7587347006
8947.0,378.0182070947014
8948.0,399.864376737338
8949.0,348.2395817892431
8950.0,413.00425151969375
8951.0,363.72683814550015
8952.0,380.4864353410367
8953.0,376.44928088075005
8954.0,366.55962848937975
8955.0,358.5306382613022
8956.0,380.0019570229388
8957.0,304.5638743585264
8958.0,391.8599066436416
8959.0,380.06406270672244
8960.0,20778.39384438495
8961.0,19357.02601487836
8962.0,382.08689772381445
8963.0,445.620495299353
8964.0,378.24208102345676
8965.0,334.4988876728895
8966.0,365.37806290339176
8967.0,459.73263123213474
8968.0,313.5451981493346
8969.0,341.2214749043444
8970.0,382.25708614330637
8971.0,451.4870034446301
8972.0,423.07792397394763
8973.0,448.3813561158464
8974.0,1074.0488715508536
8975.0,364.4847042028835
8976.0,434.99049806976046
8977.0,313.94625837199453
8978.0,463.96321609841993
8979.0,366.52774463008916
8980.0,577.001828292571
8981.0,433.58608367472425
8982.0,562.2841555518212
8983.0,257.73576988918126
8984.0,935.9089228313999
8985.0,692.2961944280099
8986.0,383.7451067563005
8987.0,382.1360695980334
8988.0,1048.2281206611237
8989.0,339.1401716054106
8990.0,262.25511314229874
8991.0,10554.70830323169
8992.0,326.70129168506713
8993.0,291.7135963445289
8994.0,278.94934989361775
8995.0,1361.7170146422318
8996.0,433.07128183901153
8997.0,384.0524671341688
8998.0,383.7316230087509
8999.0,384.9624383066319
9000.0,403.4494484714707
9001.0,382.18234765228664
9002.0,367.8120023406617
9003.0,216.53014614749836
9004.0,21779.65036980567
9005.0,382.4610609936233
9006.0,266.5495088138248
9007.0,369.07148719698586
9008.0,382.0186374527586
9009.0,364.386575966267
9010.0,301.99604519847225
9011.0,374.81517858506066
9012.0,373.5936770900331
9013.0,383.83876506400355
9014.0,295.9814685305827
9015.0,367.7634377741873
9016.0,381.498617471273
9017.0,385.5082852489659
9018.0,381.0431472142933
9019.0,200.18354186806965
9020.0,360.2160991435814
9021.0,376.25269433328964
9022.0,385.9522649720205
9023.0,625.9703047172048
9024.0,654.6095701182543
9025.0,278.15079973535444
9026.0,380.05850369125767
9027.0,381.90904932047795
9028.0,283.6397333025029
9029.0,348.98573657114537
9030.0,475.6482002047087
9031.0,650.3300609517316
9032.0,368.9816540459641
9033.0,475.79406400887314
9034.0,470.0683942631629
9035.0,385.3639955070526
9036.0,388.7567905514488
9037.0,381.80180907841043
9038.0,387.59126224504416
9039.0,389.3816142671811
9040.0,389.4366643414058
9041.0,5902.202482754873
9042.0,384.0527033674403
9043.0,376.3776899748947
9044.0,382.21894770355703
9045.0,333.3578128641003
9046.0,626.5378610303192
9047.0,389.9403031891735
9048.0,390.11657639514436
9049.0,390.0407238942462
9050.0,374.45921770336315
9051.0,383.5394499427828
9052.0,10957.393918919324
9053.0,427.7043804184666
9054.0,381.04493714010374
9055.0,403.22237352437213
9056.0,411.8394302756977
9057.0,388.55587518258625
9058.0,435.4802592703672
9059.0,638.4040812065894
9060.0,389.35512308198946
9061.0,389.93982251147594
9062.0,421.96454364497384
9063.0,335.0608417432432
9064.0,400.8061543495344
9065.0,350.8497286358725
9066.0,367.2828432100159
9067.0,758.7791352313504
9068.0,698.3514733876809
9069.0,391.2294742565086
9070.0,387.2806427465421
9071.0,933.5422731950732
9072.0,287.3138975379981
9073.0,787.3263003768027
9074.0,305.05553646885534
9075.0,336.8026715946276
9076.0,377.7279580612235
9077.0,348.10378811986754
9078.0,391.23911472204173
9079.0,444.8781575111166
9080.0,392.4376433046151
9081.0,375.4905697713553
9082.0,333.1345383706768
9083.0,364.5550852248427
9084.0,338.90743289868044
9085.0,438.96005644101444
9086.0,446.1832284609056
9087.0,392.6928312454103
9088.0,378.4956851137197
9089.0,285.0594708903136
9090.0,317.0814775347068
9091.0,391.4889544520008
9092.0,369.19307743458756
9093.0,426.27141252097795
9094.0,451.107018665891
9095.0,3192.733952883723
9096.0,664.9724737514192
9097.0,383.251428748431
9098.0,359.9396778563927
9099.0,443.97889007283186
9100.0,470.03304014998474
9101.0,404.5248765082262
9102.0,343.8093539265662
9103.0,319.2770236710307
9104.0,388.134528920486
9105.0,3006.136454865284
9106.0,2922.6035853005087
9107.0,391.880788131196
9108.0,310.46154043341085
9109.0,357.657473733602
9110.0,328.38654991946936
9111.0,361.4560706574889
9112.0,394.49863109155814
9113.0,415.7450624053437
9114.0,394.92276111127575
9115.0,390.3925994771804
9116.0,394.27181442311974
9117.0,393.7041257151803
9118.0,375.5273777287702
9119.0,379.9456528531053
9120.0,350.28646532764
9121.0,273.0243006201804
9122.0,349.7618223149121
9123.0,390.6457432628979
9124.0,396.32671007751884
9125.0,397.0259835731071
9126.0,392.3789146197932
9127.0,368.8411706162931
9128.0,395.0784483739729
9129.0,393.4178299866053
9130.0,370.4003728066945
9131.0,350.24831986705425
9132.0,346.87993082292326
9133.0,272.2978888938088
9134.0,385.4932624624275
9135.0,367.0833091278701
9136.0,582.0008117283284
9137.0,336.74887815413706
9138.0,347.5060867809325
9139.0,366.8946681174194
9140.0,349.81262793101536
9141.0,396.94643777402626
9142.0,483.7065611205461
9143.0,383.5631661927673
9144.0,391.0636259925523
9145.0,389.6092616069453
9146.0,383.93716328397187
9147.0,396.52663414913576
9148.0,394.5908770581334
9149.0,391.7553358414498
9150.0,499.53775377885046
9151.0,388.9403324915105
9152.0,388.18043115402025
9153.0,359.64347462945295
9154.0,1628.2784718126836
9155.0,1460.7230953011122
9156.0,328.02995670432864
9157.0,637.7111136754106
9158.0,224.5234232238969
9159.0,779.5978023089174
9160.0,403.8172313579298
9161.0,397.0508903196797
9162.0,707.7514800935828
9163.0,1762.2848678143157
9164.0,1804.3753943732784
9165.0,386.34232576251094
9166.0,388.6641974403137
9167.0,387.56210714711716
9168.0,401.18128083023936
9169.0,400.2263527845841
9170.0,358.6518569083856
9171.0,374.5891205635384
9172.0,384.8510350827467
9173.0,395.04345858437927
9174.0,387.7602467647662
9175.0,359.4420488662951
9176.0,371.8888443249695
9177.0,288.2563469206111
9178.0,359.2108836884334
9179.0,340.1402206593035
9180.0,380.28922013152345
9181.0,376.67879843573826
9182.0,397.44634426406964
9183.0,399.9517503367046
9184.0,378.5546103746017
9185.0,398.26461516936956
9186.0,386.89140853563214
9187.0,316.9710519948483
9188.0,370.11571449477447
9189.0,396.1155665007059
9190.0,398.8245781670399
9191.0,402.90792263381087
9192.0,403.14948618803703
9193.0,390.36284221946863
9194.0,394.61619690948
9195.0,366.1581016884276
9196.0,402.8814855936175
9197.0,401.12357414565224
9198.0,305.5996543410696
9199.0,376.19486902753306
9200.0,402.3032296184407
9201.0,402.4211800082969
9202.0,397.00847258433174
9203.0,443.9758765371603
9204.0,403.9412155234049
9205.0,405.195781266327
9206.0,404.4158392381874
9207.0,401.5747504405047
9208.0,429.00504352202034
9209.0,390.8759669272832
9210.0,386.6895904091556
9211.0,444.9429045878058
9212.0,402.88098317385163
9213.0,454.6340888692524
9214.0,405.1437251211657
9215.0,381.77547591346996
9216.0,400.6080463861585
9217.0,412.69416956368815
9218.0,396.18830605937904
9219.0,2135.2712664249902
9220.0,337.40181034997005
9221.0,405.84207293776825
9222.0,405.00382424264825
9223.0,403.9857270771745
9224.0,401.43688362969783
9225.0,394.3249339285345
9226.0,406.7261486372209
9227.0,1971.591569505757
9228.0,1506.1732910789547
9229.0,407.08901211804084
9230.0,406.40537809842516
9231.0,395.9623449036668
9232.0,392.79345689164836
9233.0,393.70327189480605
9234.0,401.0796854801272
9235.0,388.24332316021923
9236.0,406.15360375305556
9237.0,379.8209078910222
9238.0,390.556338339734
9239.0,405.4449020163918
9240.0,395.94239480319607
9241.0,370.5322270464514
9242.0,386.8211260538343
9243.0,394.41642131868673
9244.0,408.06793943422514
9245.0,395.7810657180214
9246.0,393.97023564375104
9247.0,371.9486915678908
9248.0,397.69791232072754
9249.0,361.32768244941644
9250.0,407.9835931894737
9251.0,408.3956405223639
9252.0,391.08676150515964
9253.0,401.07822788795806
9254.0,365.8619043132109
9255.0,404.21196178355524
9256.0,400.8160429630255
9257.0,395.8678447834506
9258.0,403.1291749342513
9259.0,405.5997621725603
9260.0,406.95192564883985
9261.0,405.48904834782434
9262.0,394.35946522783405
9263.0,361.65619652413596
9264.0,393.8582415953307
9265.0,387.4687439759939
9266.0,400.9718787310692
9267.0,409.7172193325754
9268.0,408.6851239304006
9269.0,398.6851687815667
9270.0,408.5903889911187
9271.0,406.830278247122
9272.0,394.5883553149093
9273.0,401.6526273181115
9274.0,408.19506823190954
9275.0,387.9504690182147
9276.0,377.06444971839875
9277.0,403.21774369622887
9278.0,388.85392889606663
9279.0,398.433452319652
9280.0,391.4095308409029
9281.0,310.7074412376929
9282.0,346.46821958614976
9283.0,359.0985358410913
9284.0,403.02614917003024
9285.0,390.1777042409625
9286.0,407.6940062282902
9287.0,341.132204227265
9288.0,351.8235395034118
9289.0,348.21025457161375
9290.0,399.0826476541468
9291.0,373.50105354943884
9292.0,380.1632320994823
9293.0,402.5905413965152
9294.0,353.56407533728066
9295.0,394.54946291964893
9296.0,380.22428308390744
9297.0,349.08160961847625
9298.0,324.7330608433224
9299.0,399.12208003359507
9300.0,295.34555746697606
9301.0,344.69608724016746
9302.0,406.1860286926961
9303.0,260.1822767101284
9304.0,302.66672290174944
9305.0,382.25315523197037
9306.0,308.8998781218186
9307.0,340.6055560674117
9308.0,407.804655678176
9309.0,7308.154145359491
9310.0,13969.141751671203
9311.0,245.97837271992364
9312.0,2744.693883109614
9313.0,1648.5819628983704
9314.0,346.02201690920174
9315.0,5379.566025043419
9316.0,27179.178687511045
9317.0,366.98122662190787
9318.0,206.4882049357152
9319.0,58.45790888631685
9320.0,1116.6160398314382
9321.0,519.5481899585096
9322.0,245.39058717343818
9323.0,341.9003953826995
9324.0,386.68368486813694
9325.0,3350.2255575377426
9326.0,24866.67270704443
9327.0,192.481778955726
9328.0,79.75779531267034
9329.0,372.14742596304797
9330.0,236.40551056040474
9331.0,326.40964312179403
9332.0,397.0224560862607
9333.0,403.9972315003467
9334.0,399.43750931614653
9335.0,376.67952029256656
9336.0,137.44470816471255
9337.0,146.0410914157032
9338.0,304.68192345659276
9339.0,276.93000673997864
9340.0,7327.264845280801
9341.0,243.37415181246607
9342.0,140.0511511198939
9343.0,367.80388996537505
9344.0,349.3219866331124
9345.0,76.97090512852215
9346.0,95.87306370017286
9347.0,123.50770831455264
9348.0,82.79394739928175
9349.0,294.9421468292465
9350.0,365.9035965905351
9351.0,406.9582192630411
9352.0,429.000035224188
9353.0,337.78062234581034
9354.0,393.71554884420755
9355.0,322.86228147622023
9356.0,96.345370065795
9357.0,77.08049831281325
9358.0,315.9729870945337
9359.0,355.8252699165994
9360.0,100.537418194438
9361.0,62.20852162593195
9362.0,323.60106534472374
9363.0,367.9940225537886
9364.0,333.4929567809969
9365.0,394.86688021157704
9366.0,376.2690743012608
9367.0,258.4338919353955
9368.0,267.9510190383679
9369.0,147.5019260325886
9370.0,344.08326708977745
9371.0,358.761125860874
9372.0,120.84238514845991
9373.0,271.3740328151431
9374.0,42.641015847783216
9375.0,304.3245735562377
9376.0,363.30177460508037
9377.0,6105.2626916326
9378.0,349.3714173513704
9379.0,62189.445650890164
9380.0,116.41424529659433
9381.0,293.6420538755462
9382.0,256.10885238680413
9383.0,256.2273432554907
9384.0,92.18563253171017
9385.0,1515.9007920673903
9386.0,1229.3131125607188
9387.0,397.01506107968294
9388.0,386.9707465167535
9389.0,202.96252477160837
9390.0,188.38350417555236
9391.0,388.55135944085373
9392.0,410.24797858185565
9393.0,402.61092087612457
9394.0,334.1712187537344
9395.0,395.0980170982201
9396.0,412.2402218370376
9397.0,368.89683775770527
9398.0,410.2018563272678
9399.0,369.16598809223984
9400.0,1349.8388738837866
9401.0,352.3670062981337
9402.0,272.1920824214604
9403.0,329.1766274903602
9404.0,307.0844647774112
9405.0,9605.079235189487
9406.0,352.3055083861081
9407.0,362.8605569773924
9408.0,393.98430512685667
9409.0,353.76167247519567
9410.0,374.3664311891066
9411.0,388.4142706224398
9412.0,311.2528398179396
9413.0,146.53306944771683
9414.0,351.0457078826888
9415.0,390.563360501258
9416.0,358.7823316598131
9417.0,376.2916591141116
9418.0,409.7444008025459
9419.0,683.4135563639638
9420.0,183.8501574974305
9421.0,356.7100380147747
9422.0,14177.814522516937
9423.0,372.9536320023782
9424.0,278.74722319707604
9425.0,3209.1579181318953
9426.0,405.72063072059603
9427.0,395.40233823870835
9428.0,379.7944090186668
9429.0,167.29553737238498
9430.0,140.43087382868111
9431.0,87.91722588547474
9432.0,352.2175586419877
9433.0,179.01709235194147
9434.0,363.20165796731635
9435.0,404.431719522907
9436.0,408.41982458238056
9437.0,409.6121424771765
9438.0,408.09642621989684
9439.0,391.4154056206223
9440.0,178.72525510053498
9441.0,227.84784309055266
9442.0,40943.304125238516
9443.0,112.54607292526178
9444.0,230.72963242801976
9445.0,286.5766374984279
9446.0,183.56995723528414
9447.0,320.6851674929897
9448.0,368.9020335998222
9449.0,299.0821968026493
9450.0,1356.582491700026
9451.0,409.54713284301687
9452.0,330.78488861387916
9453.0,305.85986196239236
9454.0,410.63085842800933
9455.0,404.492842391794
9456.0,376.32855884764064
9457.0,127.16562363756104
9458.0,328.4092275337028
9459.0,167.70232625905197
9460.0,376.9991876407065
9461.0,18335.643306634483
9462.0,272.2042116610867
9463.0,126.96934525342893
9464.0,130.6740196357633
9465.0,391.1453884380202
9466.0,408.01177404257527
9467.0,360.65283117988935
9468.0,307.6776709644453
9469.0,409.6056150549835
9470.0,342.2500017489841
9471.0,284.0115496405065
9472.0,206.24806989219582
9473.0,336.5877060079517
9474.0,414.6167007375902
9475.0,450.2157282721793
9476.0,400.256862634224
9477.0,224.17863051899874
9478.0,283.60070197226975
9479.0,12232.593566014093
9480.0,26153.366394556204
9481.0,526.1136876400262
9482.0,360.43786151376594
9483.0,137.3179985322664
9484.0,101.23993841104907
9485.0,208.29489050396614
9486.0,397.27170200496397
9487.0,407.2855105147836
9488.0,381.69383840212953
9489.0,353.4886416700199
9490.0,342.12241063963097
9491.0,422.5929848239258
9492.0,406.44050977104644
9493.0,414.7359730540386
9494.0,395.08878052609134
9495.0,398.9750972949107
9496.0,203.73693262039518
9497.0,86.60121916762334
9498.0,371.9731562192503
9499.0,374.334653642238
9500.0,189.71572199262778
9501.0,378.7359974523618
9502.0,270.91025727807175
9503.0,172.63752848563539
9504.0,65.69639711856946
9505.0,15509.918696339551
9506.0,409.55007123736215
9507.0,401.20363030532917
9508.0,356.500293884927
9509.0,406.01213475635114
9510.0,418.1144647840815
9511.0,406.6252352991943
9512.0,418.4637821828048
9513.0,378.0349671629843
9514.0,416.2197231753038
9515.0,385.57892743618703
9516.0,409.978816847484
9517.0,363.42802177432014
9518.0,414.1541429521454
9519.0,270.1825904079525
9520.0,167.2993103828269
9521.0,372.53881106210287
9522.0,20266.855260500957
9523.0,361.3069747035801
9524.0,347.7073330467821
9525.0,89.60917246543005
9526.0,357.0421011362034
9527.0,392.7872262071491
9528.0,276.1519834822249
9529.0,407.04793661678497
9530.0,340.30236067851354
9531.0,230.61232463043459
9532.0,304.8121714501707
9533.0,423.8320872625196
9534.0,355.3245251222561
9535.0,422.9219600193337
9536.0,381.6711977592687
9537.0,415.15946768431104
9538.0,333.1316434511344
9539.0,238.25246115813226
9540.0,422.2577450969473
9541.0,338.07375674711227
9542.0,424.36688468493605
9543.0,359.87335112334995
9544.0,330.68145266333397
9545.0,414.1017137814642
9546.0,285.11212307734377
9547.0,114.33109498637886
9548.0,356.0383960418698
9549.0,352.07915030767765
9550.0,408.02334098950365
9551.0,348.5991563679803
9552.0,414.0874320184143
9553.0,388.9128516738395
9554.0,412.91348702467303
9555.0,10297.733690849982
9556.0,187.42652778046966
9557.0,254.83640248803556
9558.0,408.02331901824266
9559.0,319.67988877476546
9560.0,184.6515259839411
9561.0,349.0914163348303
9562.0,422.8996779565271
9563.0,430.8241989561411
9564.0,428.62276133649647
9565.0,286.00604947116506
9566.0,351.38653279162247
9567.0,327.5733472315524
9568.0,264.73914506657695
9569.0,197.82085934393757
9570.0,21963.928636894518
9571.0,366.98665963693463
9572.0,350.26919059671525
9573.0,377.7270212667212
9574.0,293.4385841559891
9575.0,414.9454542047794
9576.0,430.8504119456105
9577.0,431.0446964466976
9578.0,411.4278206052084
9579.0,426.6569695332021
9580.0,380.3105268700887
9581.0,433.1117807673555
9582.0,329.51080974614416
9583.0,266.6524493415321
9584.0,189.80427466350957
9585.0,398.79012539953493
9586.0,423.14042495658356
9587.0,421.95303626687274
9588.0,414.40378350413647
9589.0,395.0932825588556
9590.0,361.91944351882614
9591.0,303.6281947828379
9592.0,243.8252665676997
9593.0,317.8570137151961
9594.0,302.9263343325028
9595.0,244.7645434832877
9596.0,419.6684863254427
9597.0,301.87830056677507
9598.0,409.1495949071141
9599.0,400.9183807621085
9600.0,361.7864068795589
9601.0,334.69294444813863
9602.0,359.38190519917407
9603.0,414.9378121648793
9604.0,405.00310442935233
9605.0,438.78789339075536
9606.0,410.8730117055873
9607.0,345.54387226304885
9608.0,263.83439908897157
9609.0,344.94289962297387
9610.0,4895.959345324305
9611.0,370.02332753425094
9612.0,416.00086844490966
9613.0,321.4135802816183
9614.0,435.6996401058699
9615.0,435.74230390756424
9616.0,435.9618006484308
9617.0,377.0193615211912
9618.0,274.60019283876517
9619.0,437.3442207138224
9620.0,430.8585927549026
9621.0,328.5147476669857
9622.0,423.3392424522639
9623.0,5361.7561668440385
9624.0,1239.7935369242284
9625.0,310.89078809208485
9626.0,418.05104817102267
9627.0,386.92809045757747
9628.0,353.93739454542964
9629.0,295.38282107816235
9630.0,435.29679853652556
9631.0,380.8357135783573
9632.0,427.26342874935324
9633.0,427.0476057046759
9634.0,440.34332190100844
9635.0,442.44887477355417
9636.0,429.6524467680757
9637.0,436.1479359839311
9638.0,395.9558582741383
9639.0,307.6400665334673
9640.0,218.25667577044848
9641.0,405.41578113524423
9642.0,439.80542473707726
9643.0,323.3789688887458
9644.0,430.92490226370313
9645.0,441.20655352666694
9646.0,411.04308781231225
9647.0,423.23033842241335
9648.0,205.36838849057207
9649.0,327.9228307788016
9650.0,438.39092892583034
9651.0,397.9681358452685
9652.0,424.17150805293664
9653.0,430.7784599831493
9654.0,474.3838137621404
9655.0,389.7340574681535
9656.0,685.6754976768253
9657.0,397.1529656650199
9658.0,590.4618496511525
9659.0,422.0812484179849
9660.0,385.38390169353175
9661.0,443.3801905945292
9662.0,1759.9213597154865
9663.0,398.09985715891855
9664.0,378.79608230042453
9665.0,912.3581622639143
9666.0,396.8389653921128
9667.0,354.39204976845093
9668.0,429.1148338023267
9669.0,423.1409271852506
9670.0,393.9267122201337
9671.0,5099.607928141781
9672.0,3015.492723008665
9673.0,285.8261682986065
9674.0,434.9048702570203
9675.0,446.4446725218283
9676.0,448.04874177523266
9677.0,3183.9291634967126
9678.0,446.56786467959927
9679.0,446.17743454501164
9680.0,447.67795916803817
9681.0,447.65668019276916
9682.0,440.61925986353526
9683.0,3876.067158347457
9684.0,404.2755761811462
9685.0,15664.848360398099
9686.0,447.77203998723104
9687.0,441.85052542145377
9688.0,445.1031903383829
9689.0,426.63533400371995
9690.0,449.1087909067527
9691.0,434.65661532310355
9692.0,445.82798502446065
9693.0,7672.112212081719
9694.0,433.22766668096614
9695.0,415.3072487526501
9696.0,448.08294825289215
9697.0,433.38003464419086
9698.0,442.85599087376676
9699.0,450.399124192532
9700.0,448.5187278194544
9701.0,420.52909164034355
9702.0,32454.829548363112
9703.0,425.21709727427583
9704.0,328.8005122629286
9705.0,443.55706577602643
9706.0,450.67109677478163
9707.0,450.73216370767926
9708.0,441.4806322526141
9709.0,451.510767818174
9710.0,451.3305024668529
9711.0,438.8791100638179
9712.0,407.4915956549599
9713.0,450.03564609695763
9714.0,13836.03279741549
9715.0,444.973908536946
9716.0,449.9346839559915
9717.0,445.31566851631777
9718.0,317.7149783864821
9719.0,443.893121958903
9720.0,450.1884694866564
9721.0,451.95513171230044
9722.0,20659.490508086114
9723.0,21094.884161227612
9724.0,451.5725927473305
9725.0,447.564205743991
9726.0,371.84006924471197
9727.0,389.84296878854474
9728.0,446.7360340497129
9729.0,440.6386660731805
9730.0,442.2590208947503
9731.0,441.47093348872914
9732.0,450.1494328275145
9733.0,408.6631984596347
9734.0,442.88762042343274
9735.0,453.2212383237414
9736.0,452.1833842390292
9737.0,709.8419196864024
9738.0,658.3308491424026
9739.0,345.6225263016229
9740.0,393.66304570330146
9741.0,15194.19182151448
9742.0,448.9034893676467
9743.0,452.0826285768928
9744.0,447.87243654460343
9745.0,447.155303494138
9746.0,296.2001486700776
9747.0,440.00570656703417
9748.0,995.2478333075172
9749.0,1021.1553089737345
9750.0,451.4295945328036
9751.0,446.2458208478061
9752.0,308.4516755211862
9753.0,448.84143400929815
9754.0,454.32406283062613
9755.0,451.7951863716767
9756.0,403.25288622234933
9757.0,397.3316833485747
9758.0,439.9724509901064
9759.0,435.8363702694198
9760.0,331.53398645988847
9761.0,407.0459166795406
9762.0,449.2726920434675
9763.0,455.49075596743944
9764.0,437.4276659818664
9765.0,395.2272517677658
9766.0,372.55785864196145
9767.0,441.94673111549224
9768.0,404.5086548524603
9769.0,454.8051464664258
9770.0,456.77247948520835
9771.0,435.15144507096363
9772.0,453.98284550866066
9773.0,457.79146992421715
9774.0,457.35642246601327
9775.0,456.09169910751365
9776.0,443.75504241647945
9777.0,413.83333698248805
9778.0,454.66676172122243
9779.0,436.84501927620875
9780.0,438.4201617533896
9781.0,453.4342045722161
9782.0,401.1953985933632
9783.0,455.0512353785836
9784.0,454.45496687883457
9785.0,335.48401710907245
9786.0,446.0439717954644
9787.0,458.2878285847483
9788.0,456.70941678408764
9789.0,454.33008581106446
9790.0,422.4403757681294
9791.0,458.183367965298
9792.0,11813.162157938832
9793.0,447.90339563801416
9794.0,84888.54470416898
9795.0,446.4605389176808
9796.0,354.4753615968476
9797.0,454.0488771265916
9798.0,445.66846021311045
9799.0,4075.395576528641
9800.0,459.236547131575
9801.0,457.35994124594947
9802.0,36343.39270917697
9803.0,456.2874553131201
9804.0,384.8175670966575
9805.0,435.0271512431566
9806.0,421.6140110149379
9807.0,460.3245219806862
9808.0,456.5263247207198
9809.0,458.7589678967196
9810.0,554.2371703538719
9811.0,1873.3779047944956
9812.0,460.98871970156756
9813.0,457.9824604891751
9814.0,461.71254455858104
9815.0,12629.221537341955
9816.0,435.2666274872864
9817.0,461.015500071066
9818.0,451.62885863742014
9819.0,577.5890983329427
9820.0,446.6412942231726
9821.0,588.4116441988057
9822.0,462.437587805486
9823.0,462.8181342915643
9824.0,448.5693492469662
9825.0,456.77700886961526
9826.0,458.70834268436846
9827.0,895.0049983835515
9828.0,394.81581516877026
9829.0,441.3996582411913
9830.0,460.33961412124705
9831.0,3725.8488386680833
9832.0,462.77043320002053
9833.0,462.49613481813327
9834.0,452.4200128998906
9835.0,428.85784699167965
9836.0,463.49377444219306
9837.0,463.8691727811856
9838.0,458.9856266250581
9839.0,460.3702475476929
9840.0,463.2251659005582
9841.0,462.0015007049735
9842.0,463.95637914348384
9843.0,459.0863975187348
9844.0,464.60780009664404
9845.0,440.94636053156813
9846.0,460.6268451898406
9847.0,568.9768416937259
9848.0,461.83199007232577
9849.0,459.14558021593405
9850.0,460.31304413174286
9851.0,25870.42739470193
9852.0,424.7220731227607
9853.0,458.7542555115015
9854.0,463.39862038032646
9855.0,464.5536909903846
9856.0,463.38777506976874
9857.0,464.7094099085969
9858.0,465.113124333645
9859.0,463.8918373391086
9860.0,460.90042102811606
9861.0,466.2626167723539
9862.0,466.5825770537873
9863.0,465.5023392842994
9864.0,464.7820232717291
9865.0,466.9277492757682
9866.0,466.9627770461508
9867.0,466.51254957664275
9868.0,461.9660763540346
9869.0,466.80922713646186
9870.0,464.2935306212967
9871.0,462.5164700631493
9872.0,493.2971301914464
9873.0,457.08848951325507
9874.0,467.3466473382462
9875.0,83707.8209901659
9876.0,517.193966082647
9877.0,457.20451177040997
9878.0,467.68361741138636
9879.0,468.2315227510704
9880.0,468.1018375827405
9881.0,462.088615695397
9882.0,466.93289761458436
9883.0,467.369004224213
9884.0,468.1806986286405
9885.0,468.8052788896639
9886.0,468.7871532971305
9887.0,467.4613453845994
9888.0,485.10266942208204
9889.0,485.26616536987757
9890.0,469.0749987246482
9891.0,468.10038935720524
9892.0,468.84952736393916
9893.0,468.7562460849566
9894.0,468.3107367532481
9895.0,469.5984341413358
9896.0,468.5382154758838
9897.0,30604.39043409993
9898.0,857.2068712929265
9899.0,494.6032794301992
9900.0,467.37007755949
9901.0,473.3049752926776
9902.0,459.3078921003139
9903.0,466.1263014450178
9904.0,487.3251193889513
9905.0,470.16540296369885
9906.0,470.61294838995786
9907.0,470.72640363153175
9908.0,469.2414225110923
9909.0,470.9268266434678
9910.0,470.9316344471434
9911.0,466.79591414489386
9912.0,471.05223751074885
9913.0,469.33788736571313
9914.0,470.85765802586985
9915.0,471.0961991223831
9916.0,471.39990580890355
9917.0,43509.76738746029
9918.0,43347.10926213186
9919.0,471.85600417196605
9920.0,472.01611397269727
9921.0,472.0974379220379
9922.0,470.8593617576124
9923.0,469.33437693484336
9924.0,472.3313685379458
9925.0,472.31488496343127
9926.0,471.4734287611363
9927.0,472.43991917505974
9928.0,472.54764622236814
9929.0,462.87994631773074
9930.0,467.59451667157924
9931.0,472.50852199080754
9932.0,470.99557553326093
9933.0,472.63568571251056
9934.0,471.9685233189936
9935.0,473.09648093269567
9936.0,473.4693880970747
9937.0,474.5657500653505
9938.0,473.40438338069663
9939.0,473.312678317927
9940.0,473.90083932882317
9941.0,473.99448791642897
9942.0,473.25662962270945
9943.0,473.4637527256703
9944.0,20045.149776949365
9945.0,9976.447936037017
9946.0,474.4568036058356
9947.0,474.51707776170196
9948.0,27932.32271921676
9949.0,31387.552205773412
9950.0,4770.15528349432
9951.0,8429.61091983012
9952.0,1899.704831409078
9953.0,948.9452933016833
9954.0,474.56912683077144
9955.0,474.714056335941
9956.0,475.1253898566108
9957.0,475.47537353866744
9958.0,474.3746540233758
9959.0,44704.19882200796
9960.0,474.1628035081302
9961.0,475.60747872988185
9962.0,475.97028697180536
9963.0,2270.5546175475365
9964.0,27932.302554684255
9965.0,28060.185888423573
9966.0,476.353002653372
9967.0,476.3432591950169
9968.0,476.34972682092666
9969.0,476.3419624918296
9970.0,474.08405538126516
9971.0,476.7433736100142
9972.0,476.4661837675975
9973.0,479.2424032400326
9974.0,478.2134511028855
9975.0,11676.234798936575
9976.0,477.2888451352767
9977.0,477.1497838009018
9978.0,477.4366213605539
9979.0,477.42159121525674
9980.0,648.685264411172
9981.0,783.9322788935715
9982.0,477.6827317637042
9983.0,482.72632001385443
9984.0,478.0339916532439
9985.0,478.1271348529995
9986.0,478.1644077297616
9987.0,476.0523388900424
9988.0,478.3813267986097
9989.0,477.9210079273121
9990.0,478.5808948141517
9991.0,478.27445958872914
9992.0,477.859629766174
9993.0,478.73910282824073
9994.0,478.94514184054253
9995.0,478.70264434955254
9996.0,475.1096521407833
9997.0,478.9206124050075
9998.0,479.1225177935209
9999.0,479.44279696925884
10000.0,479.1637142647752
10001.0,478.86988112753244
10002.0,476.0563303517424
10003.0,12394.768373872137
10004.0,518.1776878203735
10005.0,544.3991072114668
10006.0,480.0998401109256
10007.0,480.19505807360343
10008.0,480.28816352466237
10009.0,480.38093648859956
10010.0,480.4736368304796
10011.0,480.5646829482279
10012.0,480.63881905551904
10013.0,479.0894760385633
10014.0,8365.65329862354
10015.0,479.85580513460957
10016.0,87728.32707937562
10017.0,13194.326875186216
10018.0,480.7751247364161
10019.0,475.432613895267
10020.0,473.2094389082456
10021.0,478.7538759380164
10022.0,480.9346018838665
10023.0,481.6380692471764
10024.0,3010.0538998899406
10025.0,479.6034073056767
10026.0,478.7247835331187
10027.0,481.89289367551436
10028.0,30692.500890215466
10029.0,481.5854298206658
10030.0,482.33382737318385
10031.0,482.42401592212406
10032.0,482.52372719690584
10033.0,482.61624622496737
10034.0,489.88297627899243
10035.0,488.6605772612719
10036.0,488.8108111443291
10037.0,482.938079184135
10038.0,483.05981088303236
10039.0,482.9645312716008
10040.0,478.41099875932525
10041.0,1581.8622144704937
10042.0,483.4315310593829
10043.0,483.51682469243775
10044.0,481.31614938094674
10045.0,482.23311592211235
10046.0,12296.397189275209
10047.0,483.9194262208503
10048.0,484.0124039953415
10049.0,484.01286254426634
10050.0,483.8296950706379
10051.0,482.93384567312785
10052.0,484.357942715594
10053.0,484.4745448937535
10054.0,484.5526998778276
10055.0,484.37717288502023
10056.0,480.10387805573856
10057.0,484.7018065168812
10058.0,484.90676235817926
10059.0,485.0323865708944
10060.0,485.12189639981716
10061.0,485.13213204770057
10062.0,4986.364155968516
10063.0,8433.521031932118
10064.0,8886.141946974383
10065.0,485.512911713655
10066.0,485.5758362952889
10067.0,484.0816096044897
10068.0,485.8455697056045
10069.0,485.9595228786329
10070.0,4661.096751095948
10071.0,485.77377315580645
10072.0,485.92195783117467
10073.0,4874.589887340438
10074.0,4873.253088519992
10075.0,487.70597213227956
10076.0,485.882877233716
10077.0,486.3922982207592
10078.0,486.77909683611654
10079.0,486.84153276246195
10080.0,482.88846758098833
10081.0,485.26841191946113
10082.0,486.9096344947589
10083.0,487.2439291519127
10084.0,486.9616182746098
10085.0,53628.38439950984
10086.0,487.4897394072214
10087.0,487.6303310436873
10088.0,487.7061910908531
10089.0,487.61388135595814
10090.0,482.24904222461373
10091.0,487.8634531949621
10092.0,486.40624740509816
10093.0,662.5623993809461
10094.0,484.49013795185283
10095.0,484.1622713720224
10096.0,484.93447448287304
10097.0,488.17376957742226
10098.0,486.3238577456276
10099.0,1138.2040749950024
10100.0,1136.3815268408139
10101.0,488.6316803225869
10102.0,488.5358038536801
10103.0,486.07344644378986
10104.0,489.17432121332996
10105.0,488.9521947465325
10106.0,22170.333916463806
10107.0,489.4843925457005
10108.0,489.283187648472
10109.0,488.52346639346604
10110.0,489.6130625236073
10111.0,489.85886769755854
10112.0,489.7898313129112
10113.0,489.7676036236319
10114.0,490.1178881072924
10115.0,489.80722864800595
10116.0,490.32380924515144
10117.0,490.3947492675538
10118.0,488.78068012562943
10119.0,490.0424761491608
10120.0,490.601199779247
10121.0,490.4368604663107
10122.0,485.71449530375435
10123.0,490.8994252565596
10124.0,491.0613395716152
10125.0,1659.5329167979098
10126.0,600.5002549220029
10127.0,63381.39261473154
10128.0,546.1403610766747
10129.0,491.5725351139514
10130.0,491.62689533581965
10131.0,491.6879321684546
10132.0,489.6862029031418
10133.0,491.81882931815477
10134.0,491.9960744717041
10135.0,2000.5692079450698
10136.0,1648.9811087270027
10137.0,492.2845036037404
10138.0,492.3774391601089
10139.0,492.4702789339943
10140.0,492.5629355797877
10141.0,492.65393142588294
10142.0,492.7364102753286
10143.0,492.3148160652316
10144.0,491.0892140775951
10145.0,491.9775102650677
10146.0,839.9656322213737
10147.0,1200.6331179643223
10148.0,491.3570402511495
10149.0,993.357040721979
10150.0,505.46757931622574
10151.0,493.58344068147437
10152.0,4400.589992798958
10153.0,493.76404618606006
10154.0,493.8391124884928
10155.0,524.3013295782004
10156.0,21708.417762947847
10157.0,494.0445109143412
10158.0,496.6086677749658
10159.0,494.28374585095287
10160.0,494.41693817260665
10161.0,14638.677988641424
10162.0,494.60388585288916
10163.0,494.6965970533881
10164.0,494.7893946488118
10165.0,494.8817588917212
10166.0,494.9721071356844
10167.0,7657.697688429886
10168.0,493.6642884368616
10169.0,494.9742936713435
10170.0,501.41496561474435
10171.0,502.60007507581656
10172.0,495.52684983577086
10173.0,495.6121465196723
10174.0,25057.13507049784
10175.0,63199.697222598064
10176.0,495.8542067574499
10177.0,577.3277649776085
10178.0,496.0825425520781
10179.0,495.91692763981104
10180.0,496.2628039588163
10181.0,496.3643855806203
10182.0,496.45775600435786
10183.0,496.5500735356464
10184.0,18324.596477685867
10185.0,496.72562369347423
10186.0,496.074942636994
10187.0,496.76056801942707
10188.0,497.00687800224637
10189.0,497.1046539627736
10190.0,497.1973817211735
10191.0,497.2830319240789
10192.0,38751.75863077961
10193.0,38885.496618009434
10194.0,625.656934549042
10195.0,497.1717152564962
10196.0,497.7163173052023
10197.0,497.83888855849074
10198.0,497.93774113134094
10199.0,498.0314523975994
10200.0,498.12388231558754
10201.0,498.21557594339345
10202.0,732.7492481059325
10203.0,732.7968183583914
10204.0,497.2869929907678
10205.0,497.6050439994109
10206.0,31880.84071755806
10207.0,498.7674882112326
10208.0,498.8626151983141
10209.0,498.87093015199883
10210.0,499.01826224637637
10211.0,499.1389814165978
10212.0,13398.190084839707
10213.0,498.7847617413946
10214.0,95084.6474513051
10215.0,499.30067772575006
10216.0,498.69237555110817
10217.0,497.40548432447827
10218.0,498.79892051158373
10219.0,502.25221757815973
10220.0,499.9704722947054
10221.0,500.0665499107358
10222.0,500.15964063092076
10223.0,500.25215310213804
10224.0,500.34471085335616
10225.0,508.8097893627549
10226.0,508.90062120972084
10227.0,500.61314467320335
10228.0,15178.42930103142
10229.0,15168.632679637767
10230.0,499.64183166466165
10231.0,500.95516898438353
10232.0,501.076163607554
10233.0,26042.171557203652
10234.0,9014.9068634144
10235.0,500.19589070923865
10236.0,500.514360473509
10237.0,501.4508098906441
10238.0,499.81517828217017
10239.0,496.53727188044854
10240.0,497.12824514264827
10241.0,501.7239778439905
10242.0,501.98525975916664
10243.0,502.0965100827816
10244.0,502.19230202851116
10245.0,502.2849978166399
10246.0,502.3772743910791
10247.0,502.469395144604
10248.0,502.56058907870056
10249.0,502.5651245472947
10250.0,502.69594969964436
10251.0,502.8326930517453
10252.0,502.88916759698304
10253.0,501.8398630477941
10254.0,503.08872454416786
10255.0,503.2023217364013
10256.0,503.2904511647084
10257.0,503.2919847448418
10258.0,501.462434935738
10259.0,503.543614983506
10260.0,503.6638268749821
10261.0,503.7563823161185
10262.0,503.816784633558
10263.0,502.47591030980374
10264.0,503.7235571610364
10265.0,504.12339217941206
10266.0,538.3078834677581
10267.0,515.676868749371
10268.0,504.40710642164254
10269.0,504.4991317804558
10270.0,504.58987005435154
10271.0,504.67535277984047
10272.0,504.71729451447044
10273.0,539.1790339852314
10274.0,7246.776006264241
10275.0,541.8087176870922
10276.0,501.6171893996912
10277.0,504.79102069306293
10278.0,505.31600047479884
10279.0,505.37518686590784
10280.0,506.6757408282638
10281.0,506.7998360874358
10282.0,505.6962486683589
10283.0,505.78808775609906
10284.0,505.87669056372454
10285.0,505.9400573694613
10286.0,503.4727791470849
10287.0,506.03470795025055
10288.0,27283.830343362653
10289.0,254293.4149752998
10290.0,7520.217786786647
10291.0,506.4906172452173
10292.0,506.5994340311125
10293.0,506.70364904374424
10294.0,506.27095771692507
10295.0,8566.8735930906
10296.0,506.97980620736325
10297.0,507.0753559245658
10298.0,507.1667847898022
10299.0,88178.72043559278
10300.0,506.5974736034189
10301.0,507.26703214987987
10302.0,507.53032993575005
10303.0,507.62638101789065
10304.0,507.7187691882256
10305.0,507.81031522389213
10306.0,507.8939416087165
10307.0,507.9348298753204
10308.0,3617.3485845145387
10309.0,508.02479106516495
10310.0,507.72629259039553
10311.0,508.357118375116
10312.0,29127.783454460612
10313.0,508.54112299716087
10314.0,508.5797949741133
10315.0,507.1052466465284
10316.0,508.8046340312754
10317.0,508.90841925762044
10318.0,508.9129768058392
10319.0,509.01147079491415
10320.0,509.18437437780557
10321.0,509.7739580082675
10322.0,510.3626115751275
10323.0,510.9510800667963
10324.0,511.53947895588004
10325.0,512.1278258226808
10326.0,1588.9424927748437
10327.0,513.3044669845156
10328.0,513.892667332077
10329.0,514.4808498252467
10330.0,8550.75547468835
10331.0,515.6573178142896
10332.0,516.2448044405565
10333.0,516.8181204222269
10334.0,516.3633019588307
10335.0,518.000577256107
10336.0,518.5945914476266
10337.0,518.9129701764896
10338.0,519.7463145888146
10339.0,520.3613093049058
10340.0,520.9503473830695
10341.0,521.53834643799
10342.0,522.1262550919133
10343.0,3344.6243145740536
10344.0,525.6933868234634
10345.0,523.8826012826645
10346.0,524.4621411454963
10347.0,525.0087627881228
10348.0,831.518278482858
10349.0,526.2395696714166
10350.0,54495.32177882192
10351.0,532.0459274695208
10352.0,2410.150125983746
10353.0,528.592265804734
10354.0,529.1797416773637
10355.0,529.7656637872543
10356.0,3251.5374126069105
10357.0,3251.481155380714
10358.0,531.5206883498578
10359.0,532.00553194909
10360.0,532.694786814325
10361.0,532.8705098009658
10362.0,533.8385428805394
10363.0,534.4660315580113
10364.0,535.0527065734753
10365.0,535.5121241548851
10366.0,536.0715313641065
10367.0,536.6440959107155
10368.0,537.2732433930418
10369.0,537.8251577910139
10370.0,538.3921101584841
10371.0,538.934957048874
10372.0,539.5985147554635
10373.0,540.0585122962091
10374.0,540.6593344506266
10375.0,613.0426266959755
10376.0,180635.03741863128
10377.0,542.5857039942633
10378.0,543.1116422493948
10379.0,906.972766195805
10380.0,544.3934210644435
10381.0,545.0284999353526
10382.0,545.5991167257744
10383.0,546.2064109820321
10384.0,546.7753526921581
10385.0,547.1710696690376
10386.0,547.8392189862527
10387.0,548.5082352148495
10388.0,549.0331568551849
10389.0,549.716559850679
10390.0,550.1182772295351
10391.0,550.8899082733875
10392.0,551.3300883202181
10393.0,552.0445241047336
10394.0,552.4999562900852
10395.0,553.1704585258951
10396.0,553.6706864352701
10397.0,554.4011799208542
10398.0,554.8957313418917
10399.0,68012.57791195338
10400.0,556.167476240457
10401.0,556.6059735343957
10402.0,557.3407259317895
10403.0,557.7918182423609
10404.0,558.5048009458596
10405.0,559.0128164701164
10406.0,573.8896239051255
10407.0,560.2681245798378
10408.0,560.7412758673765
10409.0,561.4280274627188
10410.0,590.7004122497026
10411.0,591.1988973466233
10412.0,563.1481465933915
10413.0,563.4670632265553
10414.0,564.2032058336247
10415.0,564.9441736814924
10416.0,565.4800689022053
10417.0,566.0967939369204
10418.0,1045.9583782060458
10419.0,1046.4887232259252
10420.0,567.8704912626565
10421.0,190543.77252074995
10422.0,569.0012504492414
10423.0,569.3918418360894
10424.0,570.16522751491
10425.0,570.7644837951315
10426.0,571.3766483920242
10427.0,571.9626203317712
10428.0,572.4983479861476
10429.0,573.1106538025474
10430.0,573.7073655102166
10431.0,1444.250956683455
10432.0,1444.8091089615864
10433.0,575.418743306062
10434.0,576.0212583439203
10435.0,576.6172838955241
10436.0,577.2135362929025
10437.0,577.7964150591515
10438.0,578.3695958019437
10439.0,578.9613663873847
10440.0,579.5043606012156
10441.0,578.7789271715684
10442.0,579.2303655646019
10443.0,578.4846523654438
10444.0,576.5380928223806
10445.0,575.7815654978783
10446.0,578.6182582257162
10447.0,577.8652115342799
10448.0,573.5175334223762
10449.0,572.6855210135124
10450.0,572.0184214306526
10451.0,571.2652637512076
10452.0,570.5163413338321
10453.0,52313.9418868673
10454.0,569.0115846370024
10455.0,568.2418637383414
10456.0,567.3172677450459
10457.0,566.7518045681113
10458.0,565.9998191380829
10459.0,565.2469298717466
10460.0,564.4933236164501
10461.0,563.741438025517
10462.0,562.9889509406338
10463.0,562.2363212886785
10464.0,561.4833280402956
10465.0,560.7313157005544
10466.0,559.9786444242716
10467.0,559.22587967516
10468.0,558.4732060283112
10469.0,557.7205090500923
10470.0,556.9668908285407
10471.0,556.1499313505911
10472.0,126153.38863950015
10473.0,554.7067367476037
10474.0,553.8615119784743
10475.0,553.1846632374006
10476.0,552.4329637023383
10477.0,551.6896003398488
10478.0,550.9349956219911
10479.0,550.1789183589293
10480.0,549.3948871117221
10481.0,548.6691353953191
10482.0,547.9136214247219
10483.0,547.1578155851776
10484.0,546.4017532304273
10485.0,545.64555836704
10486.0,544.8890314331136
10487.0,544.1322987890607
10488.0,543.3702281874552
10489.0,542.6023684764539
10490.0,541.853462262006
10491.0,540.4840706438132
10492.0,539.7273590349636
10493.0,539.1787204205524
10494.0,538.2342180068391
10495.0,537.4451427812845
10496.0,536.8305176889485
10497.0,536.0717531848302
10498.0,535.3348495539369
10499.0,534.8559741263645
10500.0,533.94651679091
10501.0,666.7829781353838
10502.0,666.0555792889554
10503.0,531.9559309013202
10504.0,531.0179213042359
10505.0,530.3057352338764
10506.0,529.6814276209855
10507.0,528.907397526382
10508.0,528.1941807761453
10509.0,527.3381965394533
10510.0,526.6638528750286
10511.0,525.7207897585215
10512.0,28466.165497109043
10513.0,754.3209919561243
10514.0,753.8291138242535
10515.0,522.4665525404538
10516.0,522.0497287023197
10517.0,520.8899248552983
10518.0,520.5464794150143
10519.0,519.2422312256516
10520.0,518.9993612301502
10521.0,518.1937346818094
10522.0,517.1306848827255
10523.0,516.7256840102478
10524.0,515.4948087301965
10525.0,515.1919908392778
10526.0,514.0652715851818
10527.0,30605.182848969936
10528.0,30603.456593028895
10529.0,511.7617252467438
10530.0,511.35101499839294
10531.0,510.41533043128925
10532.0,509.65122284614563
10533.0,509.04064881375916
10534.0,507.98841879936447
10535.0,507.4899306733124
10536.0,506.72399153216764
10537.0,505.7102969791469
10538.0,505.1768965469761
10539.0,504.4020540749054
10540.0,503.4265224033667
10541.0,502.85350771287415
10542.0,502.075716439404
10543.0,501.1368943495253
10544.0,500.52398909736945
10545.0,499.7448366234756
10546.0,498.8209043532844
10547.0,498.13768902059746
10548.0,497.40919581353387
10549.0,496.52855710472653
10550.0,495.84923460397914
10551.0,495.06921504355137
10552.0,494.2108358385825
10553.0,493.5031782289222
10554.0,492.72340306977327
10555.0,491.92715230685417
10556.0,491.10923207622403
10557.0,490.3105467176132
10558.0,489.5540507976807
10559.0,488.7541975118604
10560.0,487.9747432222332
10561.0,487.20264337110643
10562.0,486.4218039149417
10563.0,485.64465287806087
10564.0,484.8706635996379
10565.0,484.08314726771766
10566.0,483.2730583553601
10567.0,482.5071686017957
10568.0,481.71956372907056
10569.0,480.9304473506659
10570.0,480.12536429241425
10571.0,479.2616303474269
10572.0,478.56542531415425
10573.0,477.77152705358054
10574.0,476.9003472645034
10575.0,6024.367891692468
10576.0,6023.397992401201
10577.0,474.6198455468965
10578.0,473.8389375530756
10579.0,473.05277712500083
10580.0,472.20807707718166
10581.0,471.34314848694163
10582.0,470.6955355353915
10583.0,469.9117473031436
10584.0,469.12503249804683
10585.0,468.22005339738985
10586.0,467.5612519090945
10587.0,466.78066431413686
10588.0,11352.490631003748
10589.0,11350.498646278858
10590.0,464.2505999539404
10591.0,463.4610395764559
10592.0,524.5350523516424
10593.0,462.11379942626843
10594.0,461.33610143168073
10595.0,460.56841279404256
10596.0,459.8024195376855
10597.0,459.0391413463569
10598.0,458.27641905621624
10599.0,457.5154777780598
10600.0,456.7529493296795
10601.0,455.70100081180163
10602.0,504.99900133943447
10603.0,454.47427880088605
10604.0,503.40392991571446
10605.0,452.9518334145092
10606.0,452.19925339435196
10607.0,451.44123359296736
10608.0,450.68094298575227
10609.0,449.9240028590998
10610.0,449.1660221666116
10611.0,448.2673879610324
10612.0,447.25358011376863
10613.0,446.89203603844715
10614.0,446.13697190618825
10615.0,445.37939216266784
10616.0,444.6190760670328
10617.0,443.8600066471141
10618.0,443.10229548004895
10619.0,442.3420993452232
10620.0,441.5840908529979
10621.0,442.41827726866404
10622.0,443.24793564468405
10623.0,443.6200946264629
10624.0,444.0298387746648
10625.0,445.73709001278974
10626.0,446.5834200843616
10627.0,447.282938140894
10628.0,447.5104178363624
10629.0,449.0524782408458
10630.0,449.4334066203303
10631.0,450.693302664806
10632.0,451.52240716945266
10633.0,452.1951143647313
10634.0,452.79452792416686
10635.0,453.52758022253335
10636.0,454.57939431555474
10637.0,455.6313735242846
10638.0,456.155827121632
10639.0,457.345196803001
10640.0,457.75069544955517
10641.0,458.95854024133786
10642.0,459.34065713153603
10643.0,2127.632844470703
10644.0,2128.002811339874
10645.0,462.25405043656934
10646.0,463.1260360159072
10647.0,461.88258191706126
10648.0,464.6410662560759
10649.0,465.0068112028045
10650.0,466.4849085764787
10651.0,466.35734987718325
10652.0,467.60953678242333
10653.0,468.87376463515704
10654.0,469.00692241991015
10655.0,3508.967725726508
10656.0,3509.7643233237577
10657.0,471.8222661301636
10658.0,473.16785789976984
10659.0,472.61912993793715
10660.0,474.8947243392027
10661.0,475.80639681638235
10662.0,476.5048385146767
10663.0,477.1584386200273
10664.0,478.37240429383706
10665.0,478.40487085376657
10666.0,480.11729992899444
10667.0,480.93162032907435
10668.0,481.8516063705448
10669.0,482.53117320389543
10670.0,482.30737657935975
10671.0,483.77615065333566
10672.0,485.42365677030193
10673.0,486.3910488316894
10674.0,487.25231792076806
10675.0,487.8105128704178
10676.0,486.28360406852164
10677.0,489.19531887382635
10678.0,489.414983275419
10679.0,490.4238651279776
10680.0,491.89112146287806
10681.0,492.43924359103664
10682.0,494.3752501817159
10683.0,494.4742595301928
10684.0,496.1100294250732
10685.0,496.27753549351166
10686.0,498.29049903102873
10687.0,2246.285493527095
10688.0,499.82302395345846
10689.0,1512.8323416839603
10690.0,507.6180983983018
10691.0,6970.847954994835
10692.0,503.39179866076773
10693.0,566.140640089631
10694.0,503.72966874791535
10695.0,3995.238331394014
10696.0,507.55396768726405
10697.0,508.4086519707948
10698.0,509.34252259110235
10699.0,518.1722185855959
10700.0,22484.149297193548
10701.0,521.648707890779
10702.0,508.49662029624363
10703.0,520.5142306323064
10704.0,515.0023072739381
10705.0,515.9381835413
10706.0,11350.915444684491
10707.0,714.9955117439807
10708.0,518.6668907543254
10709.0,519.6408759664635
10710.0,520.2315430245333
10711.0,521.2170710843727
10712.0,522.0950152024183
10713.0,523.3603458966458
10714.0,57609.737432373244
10715.0,524.4331138704775
10716.0,525.7129395909042
10717.0,1301.3739148942652
10718.0,527.5090697858074
10719.0,526.5788620277564
10720.0,529.587789033946
10721.0,529.0826015084323
10722.0,531.6020639897048
10723.0,26604.21620219979
10724.0,528.7607358493675
10725.0,534.2406393127216
10726.0,1196.2160448373843
10727.0,536.138698072065
10728.0,1204.911474545905
10729.0,537.8004548878841
10730.0,536.1032648890952
10731.0,539.4545617364269
10732.0,108849.16425713847
10733.0,541.2974954613309
10734.0,542.59626375693
10735.0,543.3091057341434
10736.0,544.4046290780384
10737.0,545.3226636335233
10738.0,546.2285255123784
10739.0,547.1328714189556
10740.0,548.037455572387
10741.0,548.9369503729838
10742.0,549.2052310384134
10743.0,550.4688927926732
10744.0,551.4898344208369
10745.0,552.2994299135152
10746.0,44452.43888435099
10747.0,549.5264795788657
10748.0,545.6319683304444
10749.0,552.5334883384594
10750.0,556.9327795952549
10751.0,557.9271940553884
10752.0,558.7244956641412
10753.0,559.2882114326695
10754.0,130464.16749426164
10755.0,560.9710240146472
10756.0,562.2089080418211
10757.0,563.1138461413769
10758.0,563.8390003305327
10759.0,565.0891183237085
10760.0,565.9811918934683
10761.0,566.8741991932882
10762.0,567.7168407213592
10763.0,567.9185540775142
10764.0,566.5943642063784
10765.0,569.5375111726257
10766.0,571.3015907667863
10767.0,572.2052453235992
10768.0,573.0999047874063
10769.0,573.9843799591227
10770.0,574.8523078659124
10771.0,575.4787698801276
10772.0,573.555683618815
10773.0,577.3862616702161
10774.0,576.0712099481913
10775.0,44844.1079663334
10776.0,568.6059648942858
10777.0,580.8445570070772
10778.0,581.8675617877178
10779.0,582.7972971655541
10780.0,583.7099674611642
10781.0,584.5110127721271
10782.0,581.4246682807959
10783.0,586.1764250223397
10784.0,585.9244386571311
10785.0,583.1314322032866
10786.0,588.9413892542506
10787.0,589.8868868841564
10788.0,590.7783001814583
10789.0,591.6601932729059
10790.0,592.5393056214377
10791.0,593.419461750687
10792.0,594.2537665471933
10793.0,595.1024654012408
10794.0,595.9407836241724
10795.0,660.1653161687876
10796.0,668.0904882627386
10797.0,599.7911415075548
10798.0,594.5237424727682
10799.0,600.3109523267046
10800.0,600.3670008027543
10801.0,601.9679988735388
10802.0,592.2656251093231
10803.0,574.069822450208
10804.0,719.183867212406
10805.0,721.5032445660399
10806.0,604.7632035676368
10807.0,601.1231748610443
10808.0,608.205487488889
10809.0,604.0324119990808
10810.0,609.3008082866878
10811.0,610.8933821837057
10812.0,610.6492241788959
10813.0,610.4891508757787
10814.0,587.574146746226
10815.0,610.5723770921225
10816.0,615.0999117506428
10817.0,616.1553872657959
10818.0,616.8705985649767
10819.0,610.2507935150102
10820.0,618.3128431779928
10821.0,615.6501996845219
10822.0,616.6845172788342
10823.0,615.9126764606877
10824.0,614.9197859219327
10825.0,612.3484592537591
10826.0,612.9452921552279
10827.0,612.0249371683705
10828.0,611.0563468056251
10829.0,610.0835291524322
10830.0,609.1096159595525
10831.0,608.1332325098757
10832.0,36417.80360476343
10833.0,606.0277409148429
10834.0,331626.0988838348
10835.0,557.3483606945573
10836.0,601.0535256413167
10837.0,585.5007478679339
10838.0,600.8457738493278
10839.0,600.2346959501612
10840.0,598.5559340456937
10841.0,11411.524485947817
10842.0,597.0447057528377
10843.0,595.9433566994214
10844.0,589.5068468118709
10845.0,121475.84176588524
10846.0,580.0357250521558
10847.0,591.7548210733866
10848.0,591.1906422903065
10849.0,590.334672060627
10850.0,589.404942448802
10851.0,588.4890020313698
10852.0,583.4991715843619
10853.0,582.2220223556695
10854.0,582.2001721365572
10855.0,4868.866274943927
10856.0,580.77026431854
10857.0,582.6862880588386
10858.0,581.659799535029
10859.0,580.1808922426465
10860.0,41213.48543687732
10861.0,571.5327039029621
10862.0,573.592483548489
10863.0,483.6668520478059
10864.0,573.2478850968809
10865.0,574.5324419253238
10866.0,568.9134070879913
10867.0,570.610564942855
10868.0,571.9449275336164
10869.0,570.9470227251054
10870.0,569.5458629999835
10871.0,549.6529604588341
10872.0,557.1036237378343
10873.0,566.3070658727564
10874.0,2105.7337602989555
10875.0,565.10427175146
10876.0,564.1364722047897
10877.0,562.7968714784186
10878.0,551.9242379557396
10879.0,12453.981414226992
10880.0,569.6828022909776
10881.0,559.2119306932652
10882.0,558.2050553391882
10883.0,557.2668926417398
10884.0,555.9608822618553
10885.0,541.9148392773089
10886.0,553.8748874267542
10887.0,568.8775966038856
10888.0,567.9281283950052
10889.0,549.9443470744676
10890.0,547.3219052606177
10891.0,545.0465027911125
10892.0,524.0297170071716
10893.0,544.4957768567753
10894.0,545.5100681088628
10895.0,521.5019860011032
10896.0,542.9623612469447
10897.0,543.2116007035052
10898.0,542.4388525524357
10899.0,73112.4033363016
10900.0,540.448019589208
10901.0,537.5665132945724
10902.0,525.8948333718805
10903.0,535.1231537382005
10904.0,2802.583232252976
10905.0,533.4942382960709
10906.0,532.1846867203285
10907.0,513.9585334595581
10908.0,531.0931428720521
10909.0,531.6645088859924
10910.0,530.8525113478571
10911.0,529.7988086078462
10912.0,525.4375904791395
10913.0,527.7596616700389
10914.0,526.4596096164295
10915.0,525.9505539493509
10916.0,524.9122336643862
10917.0,523.9986142789581
10918.0,521.1404607261454
10919.0,521.7784968037231
10920.0,518.2991711977577
10921.0,519.9921431835023
10922.0,519.0469155760964
10923.0,517.9307504925142
10924.0,515.7308498640928
10925.0,511.93005352421227
10926.0,139204.39231774773
10927.0,97248.76845567403
10928.0,548.1244184352831
10929.0,504.7175447714368
10930.0,508.3112562143744
10931.0,509.99617459292426
10932.0,508.8395265781961
10933.0,811.7996492092086
10934.0,791.4633838572216
10935.0,505.98704988740604
10936.0,505.23075896260383
10937.0,503.7238233078041
10938.0,484.3239789825637
10939.0,501.26043451043773
10940.0,501.3066187082684
10941.0,499.95126274723054
10942.0,497.55602495740567
10943.0,492.14548945913333
10944.0,497.0926580719511
10945.0,488.688361593606
10946.0,487.50856386389324
10947.0,477.7441562579565
10948.0,482.26116872173384
10949.0,444.48586622924034
10950.0,482.15833864802045
10951.0,92021.35800588528
10952.0,489.2324245752266
10953.0,484.57082413409057
10954.0,483.90413426697086
10955.0,486.603276732473
10956.0,485.5058709601575
10957.0,477.3560687908186
10958.0,471.9946286022729
10959.0,438.5039845262248
10960.0,443.5664170771847
10961.0,477.19589058237904
10962.0,473.449848792257
10963.0,465.0869585339435
10964.0,476.07696609199144
10965.0,470.0592638119125
10966.0,473.73696228846933
10967.0,474.8679951930736
10968.0,577.7974275603748
10969.0,472.9831289286862
10970.0,473.1913860130576
10971.0,470.915380930739
10972.0,466.54127041747853
10973.0,467.9346991534251
10974.0,467.82494161169893
10975.0,253929.71421151713
10976.0,5605.890069420766
10977.0,460.00751740303923
10978.0,454.56714795440325
10979.0,415.919158726868
10980.0,436.0947525275566
10981.0,457.00195925863056
10982.0,443.65929990832973
10983.0,458.87585610080293
10984.0,457.94656721415663
10985.0,441.74079982872473
10986.0,451.85374227804556
10987.0,444.1736516195277
10988.0,450.71128667209956
10989.0,421.4409664803986
10990.0,442.86860216394626
10991.0,429.76829570995784
10992.0,447.5902728330647
10993.0,448.8880892819311
10994.0,437.1368298027856
10995.0,431.101953500137
10996.0,437.27046727735797
10997.0,356.3531441622678
10998.0,421.5109142960144
10999.0,417.80873454109604
11000.0,421.9876326359771
