wav,flux
3000.0,5.333277764507718
3001.0,4.826768416130459
3002.0,4.806157025433621
3003.0,4.929479490954224
3004.0,5.339109931815599
3005.0,6.282989302748152
3006.0,6.915916319703167
3007.0,7.095940900513194
3008.0,7.098762119278849
3009.0,7.653792513815081
3010.0,8.91403741176581
3011.0,10.602404542355584
3012.0,11.440343258678341
3013.0,11.821112863811722
3014.0,12.50809231114421
3015.0,12.793138646487122
3016.0,12.762476678454943
3017.0,12.316589157656585
3018.0,11.475221462457753
3019.0,10.717221373806664
3020.0,10.139060401711134
3021.0,9.576698743710798
3022.0,10.153134261707619
3023.0,12.741609257686882
3024.0,15.246696308754908
3025.0,16.341260592965753
3026.0,17.170174454267816
3027.0,18.748365281408383
3028.0,23.73600663878973
3029.0,26.389248647741653
3030.0,27.3651100195801
3031.0,28.486074595538273
3032.0,29.155079434654528
3033.0,32.0631951755896
3034.0,33.44236723680593
3035.0,33.18469977939861
3036.0,33.54720555612556
3037.0,32.165349278268955
3038.0,28.728047505290025
3039.0,28.330715295287938
3040.0,30.125265223997157
3041.0,30.03178880459864
3042.0,29.87917032823785
3043.0,30.645779229494643
3044.0,34.012690188544006
3045.0,36.72757478643044
3046.0,38.97960072532937
3047.0,40.59018224383603
3048.0,38.078114389937575
3049.0,40.20651916820251
3050.0,46.64378147992669
3051.0,49.32026642555616
3052.0,52.93799275551204
3053.0,56.62241654253252
3054.0,52.74414030270655
3055.0,48.474125358978206
3056.0,48.25610050123266
3057.0,47.484187429150765
3058.0,42.302974627035724
3059.0,40.068882086409786
3060.0,41.15216542172787
3061.0,46.09468319956176
3062.0,49.78957582885843
3063.0,51.09408283365748
3064.0,50.463233752962715
3065.0,49.32509239410192
3066.0,52.193482147512185
3067.0,52.205000332715976
3068.0,51.934289799125295
3069.0,57.31940913904656
3070.0,64.92350290240772
3071.0,69.32781651270022
3072.0,71.77722688503404
3073.0,72.48687671932535
3074.0,75.58862628581149
3075.0,78.09078150244724
3076.0,75.341618606505
3077.0,78.39372443159802
3078.0,81.28503956768215
3079.0,78.18369495744028
3080.0,80.98827219570299
3081.0,82.19026185038146
3082.0,79.08466336927331
3083.0,76.89243662727193
3084.0,80.17660058287632
3085.0,88.12645620141554
3086.0,92.16938685519827
3087.0,88.95134035459701
3088.0,83.34772008392939
3089.0,80.3341239100098
3090.0,79.93378397505565
3091.0,76.32405802493433
3092.0,71.85168511302616
3093.0,69.18481281208773
3094.0,67.68417915070306
3095.0,74.98093203153394
3096.0,81.87038683560478
3097.0,78.77054591779061
3098.0,74.31928870424808
3099.0,78.0207624488758
3100.0,75.16788877650154
3101.0,70.15936032103419
3102.0,73.09398465377787
3103.0,82.52088778404502
3104.0,97.56976581405772
3105.0,110.53158880863245
3106.0,117.64228165982306
3107.0,124.68476175069875
3108.0,132.61422467152045
3109.0,140.80385526339722
3110.0,143.99395216804436
3111.0,141.562600410441
3112.0,143.17181125523564
3113.0,144.6552392313166
3114.0,142.7870165435066
3115.0,136.03650340598358
3116.0,138.19246136809548
3117.0,134.09899040969802
3118.0,127.30958705780954
3119.0,125.91552019924252
3120.0,123.73325907064124
3121.0,123.00375483142466
3122.0,124.3331529433253
3123.0,126.52884495032333
3124.0,135.06324024756205
3125.0,141.20255031634392
3126.0,136.39332084533848
3127.0,136.80400454081826
3128.0,141.9899144510657
3129.0,144.08340553396988
3130.0,145.7430136407991
3131.0,147.4688801041665
3132.0,146.65396365924823
3133.0,146.36069230044401
3134.0,144.25524601572224
3135.0,141.4299170393918
3136.0,147.14821743941195
3137.0,151.28488886353344
3138.0,158.29886048524813
3139.0,166.745372063561
3140.0,169.2024699854414
3141.0,166.4349476966339
3142.0,166.51357022719733
3143.0,159.73919235550852
3144.0,142.3851239746279
3145.0,131.40192492163925
3146.0,139.7398656489217
3147.0,152.22944103121145
3148.0,156.51211674868608
3149.0,165.5746280323199
3150.0,176.10261790831635
3151.0,176.0128764391751
3152.0,178.22333385797032
3153.0,176.58691443379212
3154.0,172.88170184043753
3155.0,160.9294451303269
3156.0,153.36943343504777
3157.0,142.9625774021252
3158.0,129.95621675958674
3159.0,123.24391013580528
3160.0,121.43447939901534
3161.0,124.34300287239843
3162.0,127.91471141268936
3163.0,137.73311006143223
3164.0,153.2237797785541
3165.0,160.31577304557138
3166.0,166.48316764446565
3167.0,174.93217012712182
3168.0,188.36074640602783
3169.0,192.3142161803563
3170.0,197.81597747990514
3171.0,212.34001824232126
3172.0,225.02701715890365
3173.0,231.87759146087978
3174.0,232.4531679027014
3175.0,224.06151693398138
3176.0,211.12487486485963
3177.0,208.60066617207167
3178.0,203.55659934228083
3179.0,185.36078131489225
3180.0,169.09396411357054
3181.0,161.2050234320156
3182.0,158.97564028522504
3183.0,161.04309178622736
3184.0,169.28930434512336
3185.0,178.06894612652087
3186.0,187.67725372277937
3187.0,196.41103385894743
3188.0,202.1748770579911
3189.0,210.5729196233755
3190.0,224.20890343995845
3191.0,220.43373649108585
3192.0,201.62835432804042
3193.0,183.7891297725425
3194.0,177.10717586732736
3195.0,182.3283601045176
3196.0,187.68115069940578
3197.0,194.992999443164
3198.0,204.3403602733441
3199.0,222.6451025428643
3200.0,226.40946848385062
3201.0,219.03139712333297
3202.0,231.83195040074358
3203.0,243.69692434814056
3204.0,251.7110903400902
3205.0,264.4817681673552
3206.0,262.0215884450355
3207.0,262.2995438328877
3208.0,261.90502023634156
3209.0,247.84638901622213
3210.0,229.95581214452505
3211.0,216.99426173929763
3212.0,204.19304445949228
3213.0,198.06874194625482
3214.0,196.06688281775072
3215.0,195.84283313738524
3216.0,209.37236147255263
3217.0,217.90796653878917
3218.0,221.86373847962696
3219.0,236.54675836252656
3220.0,232.5784480193046
3221.0,229.65979317681874
3222.0,227.3582681080116
3223.0,215.05305732417165
3224.0,217.1542577085356
3225.0,221.1480435421846
3226.0,201.65712158517488
3227.0,187.49346176009232
3228.0,182.69798748544426
3229.0,177.74644330132875
3230.0,179.21978224483195
3231.0,187.14627932530732
3232.0,202.56369946216154
3233.0,211.0062524305031
3234.0,207.7193008572609
3235.0,202.30919071693498
3236.0,209.494417882507
3237.0,215.60422356758386
3238.0,226.39549886480424
3239.0,241.4122307713068
3240.0,239.30684827773166
3241.0,253.29018149782962
3242.0,256.6340768138503
3243.0,253.38332065408366
3244.0,254.47427217586028
3245.0,254.35027806168557
3246.0,258.4382376652554
3247.0,254.388387409771
3248.0,236.2779829472254
3249.0,228.0155534805546
3250.0,233.05857400845147
3251.0,238.64437028280778
3252.0,245.2607303459859
3253.0,255.5905462796369
3254.0,262.4498441825777
3255.0,268.1839207528777
3256.0,292.6514311728521
3257.0,304.13426850972905
3258.0,308.9814595298831
3259.0,319.0514965580911
3260.0,330.2547212931948
3261.0,330.9689475486373
3262.0,328.20047928368757
3263.0,330.18504684747796
3264.0,329.31551695813994
3265.0,316.47442941952676
3266.0,312.8353828853833
3267.0,326.3099501172145
3268.0,329.7410530548321
3269.0,330.4096809832921
3270.0,326.2557124949573
3271.0,316.11234338148455
3272.0,302.28032634213463
3273.0,304.34580675821354
3274.0,312.03630445638703
3275.0,311.46061191356756
3276.0,316.6753329554899
3277.0,306.2505882897735
3278.0,295.63371135155205
3279.0,286.5410289639457
3280.0,275.5702639030261
3281.0,278.6061598723786
3282.0,283.99083329066235
3283.0,281.4143457735825
3284.0,285.68010148364147
3285.0,289.4875026384311
3286.0,283.4239631210862
3287.0,274.62486242958823
3288.0,274.343582967391
3289.0,291.7117995156894
3290.0,317.1218302354924
3291.0,341.99009033387705
3292.0,345.73130366139964
3293.0,349.5441038322817
3294.0,360.01642748351895
3295.0,365.704547619828
3296.0,361.80683523650936
3297.0,365.64738339736124
3298.0,366.2815280681239
3299.0,356.57780711642
3300.0,356.17878967241404
3301.0,361.2470502947713
3302.0,349.9357165266941
3303.0,324.9001228507221
3304.0,315.2915667577143
3305.0,309.47470496662964
3306.0,292.77817817360375
3307.0,276.884092939189
3308.0,283.22864799930295
3309.0,294.8031134297604
3310.0,297.76132383700707
3311.0,298.2861771079453
3312.0,303.14389883537046
3313.0,299.43451242370236
3314.0,297.93273539700954
3315.0,291.7058838317996
3316.0,291.97201639249863
3317.0,300.5879492080615
3318.0,303.26627583897334
3319.0,306.0801437975216
3320.0,308.4511552979302
3321.0,308.76032326794416
3322.0,308.6422256117746
3323.0,298.55825893948605
3324.0,292.84460558434193
3325.0,302.15777809847003
3326.0,315.547147328151
3327.0,315.2508401064558
3328.0,303.7308337233692
3329.0,302.4007581505987
3330.0,292.8158996318406
3331.0,295.91112003405766
3332.0,305.7924956322711
3333.0,301.64914639439826
3334.0,303.0443181684223
3335.0,289.488208829675
3336.0,272.2011343187079
3337.0,259.166214999691
3338.0,264.79395928272055
3339.0,280.11051046270927
3340.0,287.83829989962146
3341.0,289.97221381240536
3342.0,296.66844914835474
3343.0,294.16295844422183
3344.0,307.66899739336526
3345.0,316.43452191249645
3346.0,319.08578766981555
3347.0,317.8480254019598
3348.0,311.6562546976052
3349.0,303.78553640675665
3350.0,283.04500584886785
3351.0,291.3079685804226
3352.0,312.57382453272356
3353.0,321.97271556706954
3354.0,325.9767510386981
3355.0,322.36732350602455
3356.0,325.3241778289494
3357.0,319.132138924669
3358.0,305.1045328036255
3359.0,272.3943932968293
3360.0,236.3498004096189
3361.0,217.05522720289875
3362.0,212.73931312685102
3363.0,232.915061797502
3364.0,258.54946240871914
3365.0,274.05610465400343
3366.0,282.6924695593243
3367.0,270.74269239019765
3368.0,250.53269499408182
3369.0,237.8464109246214
3370.0,229.21475185978753
3371.0,230.7665100545556
3372.0,234.76003926929252
3373.0,233.71190723704802
3374.0,246.35336436674461
3375.0,263.4514571029156
3376.0,285.92435602522846
3377.0,304.8468773009619
3378.0,311.2237173011619
3379.0,301.7685051943294
3380.0,284.68816459232863
3381.0,265.6162890281889
3382.0,271.5199385475536
3383.0,288.9868089251541
3384.0,284.1718558509288
3385.0,287.04812891956925
3386.0,301.53234206460064
3387.0,311.4259095485513
3388.0,307.15895739166314
3389.0,297.06981774983865
3390.0,309.0453375862526
3391.0,310.62176222222763
3392.0,292.756289507344
3393.0,279.43505210827465
3394.0,270.9914468987332
3395.0,282.55164997961424
3396.0,298.06247786181035
3397.0,310.23985793896037
3398.0,324.3055902917903
3399.0,335.5043326839841
3400.0,339.8461690685843
3401.0,352.54761025113623
3402.0,347.8342107020506
3403.0,333.590188235608
3404.0,327.0946459054615
3405.0,316.4731811764992
3406.0,307.4538314757146
3407.0,306.0432939631085
3408.0,290.47826280274404
3409.0,289.92019346217467
3410.0,285.570142072337
3411.0,284.64696999742586
3412.0,291.27088770123953
3413.0,285.81656646490615
3414.0,268.3320225922396
3415.0,257.58706221643
3416.0,260.51235181824904
3417.0,279.9651966358726
3418.0,289.2630825898907
3419.0,298.09483708009964
3420.0,315.89629845599273
3421.0,326.38165035815507
3422.0,321.89965206558054
3423.0,312.6526481631271
3424.0,300.06265415453856
3425.0,296.94029961104746
3426.0,306.3983717063409
3427.0,305.4682812046207
3428.0,302.192838544532
3429.0,314.252277321063
3430.0,330.13030998754965
3431.0,340.7229909026302
3432.0,332.12956955414865
3433.0,317.6676296557891
3434.0,302.4126415679465
3435.0,304.5587217756362
3436.0,319.56917378598155
3437.0,306.84198809780133
3438.0,285.2145295296166
3439.0,269.53947557557194
3440.0,250.0298151093441
3441.0,216.1230334759808
3442.0,190.98403333601803
3443.0,189.07997674218467
3444.0,190.23363904301164
3445.0,198.92829114511744
3446.0,222.1378519417622
3447.0,230.96588392260173
3448.0,245.62803626107822
3449.0,266.4671752977137
3450.0,275.3314254933278
3451.0,290.3015768455706
3452.0,298.55889383535765
3453.0,284.8648241654842
3454.0,277.32137091472305
3455.0,294.36052364556645
3456.0,300.46930234696003
3457.0,288.778527909991
3458.0,278.8801673929752
3459.0,265.1308047889983
3460.0,256.84699860472097
3461.0,252.25098051750751
3462.0,249.24533306453642
3463.0,255.67752732655694
3464.0,276.1166623126041
3465.0,287.8833333750894
3466.0,280.9316516733499
3467.0,266.288918858148
3468.0,279.1271221635916
3469.0,295.9848464106921
3470.0,299.139224594314
3471.0,307.8347653527374
3472.0,300.55543391850995
3473.0,279.8675765886396
3474.0,267.19999229040565
3475.0,247.1392072274076
3476.0,232.03516584416468
3477.0,227.05685679976847
3478.0,235.5629513055706
3479.0,254.96196725185496
3480.0,273.0534049673126
3481.0,282.9856718912683
3482.0,283.2610194512763
3483.0,280.6002232779594
3484.0,269.28897893838126
3485.0,267.8771368851135
3486.0,269.12710626048977
3487.0,278.1093245265978
3488.0,291.1667642325578
3489.0,283.51825314433256
3490.0,264.0382755203028
3491.0,249.48974824092335
3492.0,249.17864213678928
3493.0,249.83051654809702
3494.0,244.44053512156998
3495.0,264.2925906508831
3496.0,271.09532882778626
3497.0,262.3394973995725
3498.0,264.49626277223433
3499.0,281.94560576431365
3500.0,315.3872232963593
3501.0,326.4905049122805
3502.0,329.37519597313724
3503.0,334.0956233181161
3504.0,341.3589373439542
3505.0,346.0012250523372
3506.0,318.25339245239246
3507.0,300.119986401879
3508.0,295.14128860955253
3509.0,300.58825328022465
3510.0,295.8206809932267
3511.0,275.2922053065607
3512.0,271.5380163034245
3513.0,264.91252538368553
3514.0,250.12122640605784
3515.0,242.6010437324661
3516.0,251.03659284599317
3517.0,278.0245774334601
3518.0,298.6575988078502
3519.0,309.50637127348256
3520.0,300.84832553469977
3521.0,280.272155730927
3522.0,258.4072439640655
3523.0,251.20286171705908
3524.0,240.3054884812899
3525.0,219.49688117295736
3526.0,218.01540266114048
3527.0,218.24623341937541
3528.0,239.3335073770985
3529.0,270.69728074209024
3530.0,292.3290015101107
3531.0,298.9784704142521
3532.0,305.01957791494556
3533.0,296.3434012387738
3534.0,295.95522090864097
3535.0,317.34816748869963
3536.0,318.77078843583865
3537.0,313.45459988307454
3538.0,314.05289616640897
3539.0,319.31333016561734
3540.0,337.060156504191
3541.0,335.1079525531851
3542.0,318.4554781316337
3543.0,316.8221549752131
3544.0,323.3388538308815
3545.0,326.9646406918628
3546.0,321.2494842768404
3547.0,314.80392095792246
3548.0,312.58641523126005
3549.0,303.6163106608275
3550.0,320.62133629096354
3551.0,325.8368851199013
3552.0,315.73083277118735
3553.0,300.5280678464738
3554.0,283.70802828309223
3555.0,276.16580540891545
3556.0,288.1826625570592
3557.0,308.06104396398763
3558.0,304.44895722497563
3559.0,299.974160074889
3560.0,292.97098041149303
3561.0,299.38402211856203
3562.0,296.3442445770383
3563.0,299.9574693824208
3564.0,299.67566237793983
3565.0,270.8719060287449
3566.0,228.97975675332802
3567.0,210.14746157655503
3568.0,220.32131662515582
3569.0,230.02357766915438
3570.0,214.98945872508364
3571.0,200.27132269700252
3572.0,222.2893785514947
3573.0,224.21085876298946
3574.0,237.67026845456235
3575.0,240.00086573771384
3576.0,243.8776331362376
3577.0,248.7555437121017
3578.0,251.52133102311407
3579.0,235.395989852108
3580.0,217.80510517285623
3581.0,203.63998009776162
3582.0,175.29896380761625
3583.0,175.00527962164375
3584.0,191.84601278198224
3585.0,193.6952650551551
3586.0,178.52473992135694
3587.0,180.08092744851396
3588.0,189.1641876033463
3589.0,209.46143555359825
3590.0,225.68626766555604
3591.0,246.14712457584918
3592.0,277.0899705884369
3593.0,290.4544306225695
3594.0,282.8824779992283
3595.0,289.4325185942818
3596.0,306.1392570888451
3597.0,319.91488398112443
3598.0,326.7136874675319
3599.0,324.070109628038
3600.0,325.20998428749544
3601.0,331.03478715841834
3602.0,328.0259350002596
3603.0,299.9758343185991
3604.0,281.6022737511256
3605.0,275.33773802118105
3606.0,264.25602637547775
3607.0,262.70359365209816
3608.0,264.9661675039371
3609.0,243.09765291764967
3610.0,224.6266094686871
3611.0,233.50132754591547
3612.0,248.31089122827365
3613.0,262.683341078467
3614.0,255.04627289764866
3615.0,258.33372529835503
3616.0,274.1868597151004
3617.0,276.7151524190717
3618.0,263.7015729313
3619.0,234.70155267159112
3620.0,215.20632692628917
3621.0,236.29231074215951
3622.0,259.02208266794656
3623.0,276.5550944873959
3624.0,293.4937907865904
3625.0,288.96259571419455
3626.0,303.9307253172882
3627.0,328.0801643154221
3628.0,335.30690725423506
3629.0,328.85594925690185
3630.0,322.014934435771
3631.0,294.1902805691159
3632.0,256.39503248206677
3633.0,247.75256100692016
3634.0,267.7280438562939
3635.0,273.57598269924466
3636.0,273.37872644539874
3637.0,290.5405078952356
3638.0,294.6219137851647
3639.0,304.3436027711704
3640.0,318.92662838589837
3641.0,324.18010544878257
3642.0,321.7943440187109
3643.0,313.2909066667878
3644.0,300.92589880089946
3645.0,292.6804060230549
3646.0,279.33923684991504
3647.0,281.9595558148702
3648.0,274.2378359503546
3649.0,258.63703150292434
3650.0,275.929523748059
3651.0,286.27158232015285
3652.0,303.7417262179033
3653.0,318.6930235126563
3654.0,341.63046109378485
3655.0,343.62196034915604
3656.0,346.9565788021929
3657.0,350.634766751004
3658.0,362.8431958500331
3659.0,365.0055776076114
3660.0,375.68794231336756
3661.0,371.6546048961347
3662.0,370.9172962046657
3663.0,367.8844433740529
3664.0,357.3952131854363
3665.0,349.0519212732358
3666.0,354.8221546894072
3667.0,357.95464924139077
3668.0,348.62146267739
3669.0,352.42565240837615
3670.0,338.5446785391417
3671.0,332.1909979991175
3672.0,346.46736823259437
3673.0,362.95425896454947
3674.0,360.5329017829939
3675.0,350.33683681087916
3676.0,352.1943717783898
3677.0,350.98450138400494
3678.0,331.8006929214093
3679.0,314.05770964225695
3680.0,316.0914587794201
3681.0,300.8257877205012
3682.0,307.0203896889886
3683.0,318.9407175357719
3684.0,322.8464598835125
3685.0,331.4627856398502
3686.0,321.86907761290564
3687.0,312.0698980619342
3688.0,305.2884291973286
3689.0,303.9189982615695
3690.0,323.89732471025354
3691.0,342.4264012462799
3692.0,366.6394127429251
3693.0,378.8170727810026
3694.0,367.3429685333387
3695.0,352.04708113791264
3696.0,359.65458899647837
3697.0,363.30521135423203
3698.0,364.50961438227984
3699.0,370.86073878199
3700.0,379.4730200060928
3701.0,387.47428747399687
3702.0,377.10352978978125
3703.0,364.1509060127373
3704.0,353.65288800722635
3705.0,323.4691175508589
3706.0,305.7526334022966
3707.0,290.31991190158516
3708.0,299.313820331244
3709.0,300.8245226918721
3710.0,304.2991494781545
3711.0,316.7411652006867
3712.0,346.6135774399745
3713.0,360.7905143146613
3714.0,379.0256770810879
3715.0,395.40863807204175
3716.0,395.70857294774515
3717.0,380.38094417010603
3718.0,374.4234695030446
3719.0,359.10645135969355
3720.0,315.928463297108
3721.0,272.57114112718887
3722.0,267.969874444349
3723.0,272.9444142803199
3724.0,294.75377504565216
3725.0,329.8344857739162
3726.0,345.9334454072022
3727.0,361.0781647855549
3728.0,338.26333760461284
3729.0,314.9553160716727
3730.0,342.6012552123078
3731.0,336.2793852853406
3732.0,321.9817303700259
3733.0,308.08787177739146
3734.0,273.5672813154557
3735.0,243.03830411212354
3736.0,220.6605381361026
3737.0,226.22291790646844
3738.0,230.8147727906978
3739.0,251.20557193876212
3740.0,290.2371072076025
3741.0,308.1080692612969
3742.0,324.14789596416955
3743.0,317.05667134030426
3744.0,293.10923032047805
3745.0,269.12914465724015
3746.0,263.39840492613945
3747.0,240.36540498983345
3748.0,252.2978850442601
3749.0,250.25796396887617
3750.0,230.8125368324922
3751.0,240.30200692450637
3752.0,279.9638805823863
3753.0,321.17972207573905
3754.0,340.22711679639315
3755.0,360.0039728971232
3756.0,381.35417523586415
3757.0,385.39934899571875
3758.0,362.6864544554385
3759.0,312.8197957306447
3760.0,296.32214161521887
3761.0,321.15204605076445
3762.0,337.04333645612576
3763.0,336.77169084755354
3764.0,335.7015993914884
3765.0,318.588338741664
3766.0,338.68546486048155
3767.0,343.91243213849805
3768.0,324.6665266601409
3769.0,330.1003119103557
3770.0,353.04189154105234
3771.0,352.1634924190277
3772.0,352.6757727997075
3773.0,378.29772660946696
3774.0,397.925669262172
3775.0,405.91838672729193
3776.0,409.11076619737844
3777.0,411.6093224653845
3778.0,421.26989438483815
3779.0,422.4544015716728
3780.0,424.7785017051804
3781.0,442.24692813903386
3782.0,447.95069715124754
3783.0,443.2228649161969
3784.0,442.7208506372035
3785.0,442.4460641343863
3786.0,436.7127595128495
3787.0,395.4488900760928
3788.0,371.72233073477827
3789.0,361.67794934205284
3790.0,350.3186944153824
3791.0,337.470676309179
3792.0,347.8979540928273
3793.0,357.27698037463637
3794.0,340.086822323247
3795.0,324.3128222336912
3796.0,312.75710593843337
3797.0,317.77922241701594
3798.0,313.0493575239628
3799.0,293.8376983920187
3800.0,297.0331660379736
3801.0,322.3278798248594
3802.0,356.65534721894886
3803.0,365.93578791310887
3804.0,391.1896903296635
3805.0,405.2062615379477
3806.0,402.47265844805366
3807.0,396.6400436724414
3808.0,376.995727266475
3809.0,382.29529473009535
3810.0,401.4659006187635
3811.0,409.4576837981334
3812.0,405.30514007018354
3813.0,392.1243890172144
3814.0,359.25494884279175
3815.0,332.4823159245198
3816.0,315.1909168767285
3817.0,293.07514649983267
3818.0,309.8570250572406
3819.0,323.6321527935684
3820.0,307.90497090873475
3821.0,265.7724041585874
3822.0,250.22287259970534
3823.0,275.11297327235405
3824.0,286.6864842802119
3825.0,261.98282157362127
3826.0,232.07682573319485
3827.0,215.93513875338985
3828.0,217.36570824074136
3829.0,217.15663977120334
3830.0,220.45550578511276
3831.0,224.53517361123724
3832.0,230.5940725026059
3833.0,212.5529302950157
3834.0,200.87425347758264
3835.0,204.47818927643056
3836.0,214.64138688026964
3837.0,229.653948315214
3838.0,233.19777259455293
3839.0,220.95779686759488
3840.0,221.0878589780728
3841.0,235.21858672407325
3842.0,246.64770173895457
3843.0,290.5896523878664
3844.0,319.22923858608726
3845.0,331.1586654772454
3846.0,345.43754031864756
3847.0,345.84729156427983
3848.0,351.956500925378
3849.0,364.7431908033333
3850.0,356.3214466827351
3851.0,331.51485061017763
3852.0,336.2090557497841
3853.0,354.6118123648638
3854.0,347.3122532242418
3855.0,331.94706308079134
3856.0,322.9950562462685
3857.0,309.3964023446683
3858.0,307.3311591184673
3859.0,303.95003826686167
3860.0,274.6900210784653
3861.0,262.68850233903885
3862.0,281.35575590093566
3863.0,318.7925368536345
3864.0,351.3047484593693
3865.0,355.5236893063516
3866.0,351.58626914634175
3867.0,342.36953814934583
3868.0,346.56635078766885
3869.0,339.82060003473885
3870.0,333.37987811602
3871.0,314.7249055796484
3872.0,294.0119747412341
3873.0,288.443801894158
3874.0,298.46992698612735
3875.0,330.4959232599653
3876.0,357.30722641721377
3877.0,355.7600367781506
3878.0,339.9141430168195
3879.0,309.37596714137777
3880.0,301.7819070877355
3881.0,319.46843623392846
3882.0,314.64722033536714
3883.0,301.5025043748275
3884.0,301.8603292479223
3885.0,332.93564442759333
3886.0,327.61742007657114
3887.0,300.16521646162647
3888.0,298.23092000100723
3889.0,313.69888391229495
3890.0,307.80968028738744
3891.0,331.77803558559117
3892.0,362.30209976828604
3893.0,386.12614868477385
3894.0,392.21365378550905
3895.0,395.5052592557248
3896.0,396.33693558935016
3897.0,395.71351307131994
3898.0,420.78906459881625
3899.0,411.7985943863829
3900.0,407.97977700119463
3901.0,401.0199906262058
3902.0,415.6802897404853
3903.0,416.3729767240357
3904.0,388.06599585374096
3905.0,389.7198767047269
3906.0,383.2603198237414
3907.0,371.59613520206324
3908.0,402.1397928371893
3909.0,428.4708896647441
3910.0,441.2817545923388
3911.0,441.97589355070494
3912.0,447.6513007300681
3913.0,463.2511041683566
3914.0,462.1433059913045
3915.0,447.8692507392054
3916.0,451.1231993498416
3917.0,439.75251872678575
3918.0,431.30894683640645
3919.0,424.36047734958464
3920.0,404.4627876910104
3921.0,383.292627832944
3922.0,356.73758283973046
3923.0,358.8682949670321
3924.0,352.1125380627629
3925.0,354.46972233418313
3926.0,339.75946108076573
3927.0,313.0529703727019
3928.0,288.28498141336496
3929.0,251.05447661778712
3930.0,223.1453995593737
3931.0,198.96264907652917
3932.0,175.60290927829902
3933.0,156.36922762638565
3934.0,138.55077525572705
3935.0,133.04541747715461
3936.0,143.6151286554708
3937.0,163.02796467671683
3938.0,188.39212430601577
3939.0,217.64586201662513
3940.0,249.5652001183138
3941.0,279.7078107150959
3942.0,296.52440245600735
3943.0,313.42462369147813
3944.0,323.1696694699937
3945.0,323.70289090290976
3946.0,351.68330042991994
3947.0,392.3771324350636
3948.0,404.5455637076437
3949.0,406.8920733322761
3950.0,423.6989527905808
3951.0,443.5793249115622
3952.0,454.89374196669183
3953.0,449.2824926012899
3954.0,436.8720067833377
3955.0,457.27771444158066
3956.0,454.3757293151857
3957.0,433.98253985004425
3958.0,428.9524909701533
3959.0,431.20879798643404
3960.0,425.70210063363464
3961.0,396.68276609719186
3962.0,342.85911874808784
3963.0,301.9705925646841
3964.0,287.7420750866263
3965.0,268.00056678180306
3966.0,243.04890382043916
3967.0,209.84771255616536
3968.0,184.05843926049678
3969.0,164.884640157065
3970.0,162.37402350138535
3971.0,180.85597955116268
3972.0,207.096356651929
3973.0,234.3171958690027
3974.0,265.3632232333096
3975.0,293.7691163552154
3976.0,335.43841149914965
3977.0,364.2335872656539
3978.0,393.4173158563454
3979.0,425.7574783543203
3980.0,455.13473683647544
3981.0,480.9581077408366
3982.0,489.1698920595214
3983.0,488.3424259413686
3984.0,492.509966455378
3985.0,493.9439408356108
3986.0,505.4666516114712
3987.0,506.2125360324087
3988.0,508.9419233297489
3989.0,537.6157200183725
3990.0,538.2704207141782
3991.0,533.8642879524149
3992.0,544.5527889839007
3993.0,549.2244662238152
3994.0,554.2911051780388
3995.0,547.203370834274
3996.0,540.7155234542383
3997.0,537.4872228098853
3998.0,524.6217213857057
3999.0,524.6614376575511
4000.0,551.3585012536363
4001.0,559.1066535124951
4002.0,551.4400394394794
4003.0,557.7749701290722
4004.0,563.0319717527575
4005.0,546.175424971748
4006.0,505.08682391765063
4007.0,501.23791865003636
4008.0,518.051155979019
4009.0,541.4486656667989
4010.0,545.8825711705393
4011.0,548.1972375231993
4012.0,555.1488738150217
4013.0,558.3982834925027
4014.0,563.7121391250705
4015.0,558.7431600451688
4016.0,564.4934919366034
4017.0,567.6593095271521
4018.0,552.6850059611877
4019.0,552.2183601437624
4020.0,574.9303923781449
4021.0,572.7127403322316
4022.0,568.5512057537273
4023.0,568.3940576858996
4024.0,572.6447856245937
4025.0,565.244933159014
4026.0,557.8457447872737
4027.0,566.885027082646
4028.0,572.8070674389095
4029.0,572.6054202437606
4030.0,565.4670266435085
4031.0,534.6647572744577
4032.0,511.8851418218203
4033.0,514.556780851432
4034.0,506.04941838013804
4035.0,515.5428269212838
4036.0,525.6337289372871
4037.0,547.2231459092994
4038.0,566.7975206619543
4039.0,576.9783722709772
4040.0,573.7704024692806
4041.0,562.6965317645515
4042.0,551.4102885370573
4043.0,561.9054790058932
4044.0,558.6348646634425
4045.0,524.1195636905401
4046.0,472.05348446298143
4047.0,453.54870403574756
4048.0,502.4648191324592
4049.0,535.8891996024227
4050.0,543.6342015479335
4051.0,557.0928631337677
4052.0,560.6695504882217
4053.0,546.3779845147684
4054.0,539.3546112054051
4055.0,536.292476613849
4056.0,524.7404164331525
4057.0,528.5836116231956
4058.0,517.9968380714366
4059.0,501.3953510163542
4060.0,510.019086930403
4061.0,528.889095986952
4062.0,531.7614383109662
4063.0,511.3749057393732
4064.0,476.21773050483483
4065.0,457.411308658056
4066.0,494.68988447744795
4067.0,498.2525042726448
4068.0,494.9960678422329
4069.0,520.2829729701166
4070.0,549.8483635023318
4071.0,543.7693757881534
4072.0,492.23930345830433
4073.0,476.5676402744663
4074.0,524.9299846406917
4075.0,537.8852187343476
4076.0,526.7520288207995
4077.0,507.4891254160726
4078.0,480.50622695913955
4079.0,480.73814194766084
4080.0,504.27741106541447
4081.0,531.4424798280145
4082.0,558.4956582228446
4083.0,562.8979613335453
4084.0,548.8606204270346
4085.0,533.1546265002671
4086.0,532.5268022142536
4087.0,551.6872389974676
4088.0,575.8170860688133
4089.0,598.7417032778783
4090.0,604.0446661527451
4091.0,600.337452119484
4092.0,584.701455588361
4093.0,607.8664912571444
4094.0,594.848816452507
4095.0,577.8071722227801
4096.0,568.45689429385
4097.0,574.4789778350141
4098.0,541.0897771481484
4099.0,519.6050109687736
4100.0,490.9716168394596
4101.0,455.93411780199955
4102.0,440.73695975607967
4103.0,439.15630900595016
4104.0,443.23797953261567
4105.0,492.97061729684367
4106.0,544.1035569152665
4107.0,568.9323415287189
4108.0,581.6335911186428
4109.0,591.2443847594302
4110.0,585.1732541058163
4111.0,586.6596069504802
4112.0,573.8339724485147
4113.0,586.9166053826646
4114.0,585.372447149761
4115.0,588.260745085567
4116.0,599.5133059165885
4117.0,623.371869423716
4118.0,597.919163479373
4119.0,609.7937365009348
4120.0,610.2154708969136
4121.0,592.535170855326
4122.0,573.1913589879925
4123.0,587.9156301017756
4124.0,594.2183960309427
4125.0,573.2236412223319
4126.0,586.523236250329
4127.0,569.0725434672623
4128.0,576.8242245748843
4129.0,562.7042406951674
4130.0,570.4338964386301
4131.0,528.9414552158634
4132.0,535.0944885494054
4133.0,518.369344608076
4134.0,498.7131397223854
4135.0,505.8162366639113
4136.0,518.2674061439901
4137.0,548.557467457151
4138.0,569.1854932611689
4139.0,591.1724209378849
4140.0,586.9717708383649
4141.0,572.0313850617612
4142.0,549.9776130794912
4143.0,489.3683097883999
4144.0,490.4306811603455
4145.0,490.53972194875706
4146.0,500.39194612780324
4147.0,511.6196410933441
4148.0,558.8850235122796
4149.0,538.4247393900955
4150.0,547.934281411224
4151.0,531.6072367788278
4152.0,555.114709281614
4153.0,511.1737037473127
4154.0,522.6892882447893
4155.0,528.7738053926987
4156.0,511.82431442620043
4157.0,491.9003417458821
4158.0,501.89803413352917
4159.0,542.3545330434902
4160.0,524.5696534362893
4161.0,546.6373812264749
4162.0,554.3174160262389
4163.0,563.3301900122864
4164.0,552.398302397076
4165.0,560.7350715610665
4166.0,547.4529826552085
4167.0,524.5909417451523
4168.0,525.5558773624816
4169.0,525.4463558051564
4170.0,515.8681967746982
4171.0,491.61675663191016
4172.0,496.47011488437744
4173.0,482.0702832709787
4174.0,469.6983812508817
4175.0,462.7328097097114
4176.0,464.5992430568046
4177.0,474.623703912133
4178.0,493.9189511776846
4179.0,515.4609645501355
4180.0,517.319235958002
4181.0,504.19490648697865
4182.0,518.8970092857513
4183.0,527.5798458831001
4184.0,508.3627644686223
4185.0,501.81402063901015
4186.0,490.78590836097516
4187.0,485.06688964234417
4188.0,470.6832601508149
4189.0,474.9151511726049
4190.0,476.4934127926959
4191.0,491.0018395229624
4192.0,541.6810692417248
4193.0,531.2188180852622
4194.0,526.885294874629
4195.0,496.15705395035013
4196.0,505.6769288653915
4197.0,481.77907033563963
4198.0,457.63766335022774
4199.0,469.04067029522776
4200.0,482.7105727776301
4201.0,465.34644306265676
4202.0,454.8131874749729
4203.0,481.4696290464237
4204.0,473.70691627185136
4205.0,501.75163906447057
4206.0,505.3531890888517
4207.0,538.9972446965589
4208.0,556.2746452850708
4209.0,546.8451588396464
4210.0,537.714974208236
4211.0,550.2215621366361
4212.0,539.9141067878664
4213.0,516.0406213987787
4214.0,502.2552101741754
4215.0,483.3826544307616
4216.0,471.41736796942655
4217.0,475.20518805482874
4218.0,482.8661487383601
4219.0,481.96575697607096
4220.0,528.7405345998102
4221.0,536.5249948942388
4222.0,546.846274529599
4223.0,539.2243807917368
4224.0,529.4949541296162
4225.0,482.2700703446113
4226.0,407.1320350668319
4227.0,391.0556175104471
4228.0,384.83070989477994
4229.0,388.5943962533116
4230.0,435.4262588799828
4231.0,512.8877589948407
4232.0,521.1876030626172
4233.0,519.7459368495378
4234.0,546.6237348314307
4235.0,498.8048668278438
4236.0,467.0801252883272
4237.0,469.8331732558013
4238.0,470.12807322366365
4239.0,428.97079513567587
4240.0,458.5579292359767
4241.0,495.7379686862185
4242.0,483.6192984980101
4243.0,498.3935288615213
4244.0,524.7952448349839
4245.0,536.3169945973506
4246.0,510.5050065242615
4247.0,516.7518215631425
4248.0,502.2410182703866
4249.0,463.8450411868432
4250.0,435.3933313105015
4251.0,462.7864083226469
4252.0,483.4809020211285
4253.0,481.20410587790883
4254.0,480.5643474713561
4255.0,500.48669099608145
4256.0,505.0804612283892
4257.0,495.33574720779416
4258.0,481.74522966260525
4259.0,464.5645823629922
4260.0,450.37720815282205
4261.0,420.7467088212595
4262.0,421.03673082865583
4263.0,437.50763746055975
4264.0,461.2617615249142
4265.0,516.374628556252
4266.0,535.5606714802578
4267.0,508.49884748671093
4268.0,514.2127007711277
4269.0,508.609428769251
4270.0,475.527176399028
4271.0,423.73240857009216
4272.0,441.79493878982015
4273.0,415.0870329582376
4274.0,399.05282112348647
4275.0,407.10979018694394
4276.0,460.16676128904896
4277.0,469.3097403282776
4278.0,498.0455153713756
4279.0,494.69961549317156
4280.0,487.77412146499114
4281.0,482.26896253290323
4282.0,468.6531721032038
4283.0,465.9247157793794
4284.0,466.55190412665854
4285.0,470.9289933849586
4286.0,462.22706402949865
4287.0,480.2463912629827
4288.0,439.42385346908213
4289.0,416.21532547658563
4290.0,405.97693279374414
4291.0,410.4987293440045
4292.0,407.9868310033946
4293.0,407.30423898310744
4294.0,426.6259018981891
4295.0,457.2788304582834
4296.0,456.6102056755774
4297.0,447.20239915897554
4298.0,413.3696220868681
4299.0,389.21753153363306
4300.0,359.3651185067184
4301.0,347.24861171083865
4302.0,327.3245359382535
4303.0,329.25288941706197
4304.0,343.6801236185671
4305.0,368.08609071116024
4306.0,355.80141863045185
4307.0,333.19674697884614
4308.0,318.1916414555098
4309.0,303.835505884318
4310.0,293.99573202835734
4311.0,276.87955116213897
4312.0,303.13307061541303
4313.0,340.09152211414704
4314.0,365.26134475683307
4315.0,412.9871558911132
4316.0,460.1167242519703
4317.0,525.2793453441399
4318.0,551.3841730465663
4319.0,588.7903585723384
4320.0,590.78680569726
4321.0,609.0838023515419
4322.0,563.8274150646383
4323.0,521.7360751125938
4324.0,465.3213046944331
4325.0,417.06829925945414
4326.0,389.41810614738057
4327.0,387.492077025253
4328.0,441.9316324619878
4329.0,475.389905667056
4330.0,525.2362527750976
4331.0,564.6221896537835
4332.0,563.3904418774644
4333.0,556.5248185867496
4334.0,548.1148687886775
4335.0,569.2347078424477
4336.0,539.6144632559367
4337.0,507.95992537255165
4338.0,480.6768873705045
4339.0,430.4898937600017
4340.0,378.11979226806267
4341.0,361.33335390823805
4342.0,376.1142796444832
4343.0,380.418022969527
4344.0,421.64140021737103
4345.0,469.62588276934497
4346.0,494.77089981385564
4347.0,486.737768749563
4348.0,504.7782102904758
4349.0,518.9921345667614
4350.0,493.31678399061974
4351.0,457.2741379563961
4352.0,450.4256324306364
4353.0,464.87071594762784
4354.0,454.2917527403763
4355.0,456.90647193573795
4356.0,513.1099831231945
4357.0,554.9314081354379
4358.0,544.8786040735953
4359.0,541.4763845630766
4360.0,553.3286101582714
4361.0,566.9995468695219
4362.0,537.1464664218423
4363.0,547.1767780855838
4364.0,579.2743116631138
4365.0,583.9059356135673
4366.0,557.3000988976395
4367.0,538.6322679205297
4368.0,556.3896932424176
4369.0,527.0905331356952
4370.0,500.4817431845919
4371.0,500.544745746303
4372.0,512.7059428626394
4373.0,491.80779908993435
4374.0,481.22459595457116
4375.0,463.4596164914308
4376.0,466.87112436304096
4377.0,467.2471642433091
4378.0,474.1163495106138
4379.0,492.7838644560951
4380.0,521.1739148664697
4381.0,536.100253822485
4382.0,492.9450188040896
4383.0,443.35841660918936
4384.0,402.24212192157415
4385.0,408.8017434833086
4386.0,391.7621697009734
4387.0,415.3143110567758
4388.0,484.5715912965934
4389.0,516.9653174437071
4390.0,511.6425698083866
4391.0,502.49501339436046
4392.0,517.4383600149745
4393.0,508.5169672559295
4394.0,508.4858569798032
4395.0,513.5779932535165
4396.0,512.3216254726661
4397.0,510.69238916209315
4398.0,518.1847006287335
4399.0,504.72860902495245
4400.0,499.6874537904703
4401.0,505.15149770099026
4402.0,509.6774828477943
4403.0,494.4411127844664
4404.0,461.1245696211283
4405.0,474.6948632821257
4406.0,486.81880023156566
4407.0,460.73130455172986
4408.0,457.44733704730317
4409.0,510.07489672011985
4410.0,528.925713663452
4411.0,536.7058154431566
4412.0,557.611973955304
4413.0,566.5293791277335
4414.0,531.9124371487227
4415.0,518.1509769106885
4416.0,505.6858196688146
4417.0,500.5505163384807
4418.0,519.7524877588755
4419.0,557.0827557650709
4420.0,595.8701635429878
4421.0,595.7420131073943
4422.0,588.6652735415673
4423.0,572.4679234422988
4424.0,565.7121161318365
4425.0,548.8190325428263
4426.0,541.6271087309624
4427.0,550.6064690922378
4428.0,559.9309883375897
4429.0,535.041938931799
4430.0,531.9627361929371
4431.0,536.534796934692
4432.0,543.8923072492337
4433.0,530.0093857568928
4434.0,521.6373163172536
4435.0,534.0649153818689
4436.0,522.3722630208017
4437.0,529.9297149725384
4438.0,552.9280099118624
4439.0,564.5732786195789
4440.0,582.7335774840421
4441.0,577.4606613089867
4442.0,550.9692873359154
4443.0,531.0517518503501
4444.0,535.8100146866515
4445.0,550.124546478736
4446.0,548.0463320553305
4447.0,565.6076055455933
4448.0,588.23717405521
4449.0,578.3272898163186
4450.0,557.5820426873913
4451.0,559.247983026342
4452.0,564.6636460559748
4453.0,549.5461652223961
4454.0,514.4823769510466
4455.0,511.2682332281556
4456.0,501.8643514161689
4457.0,491.7616115328148
4458.0,473.68576649276577
4459.0,493.7504041849574
4460.0,500.93122244669553
4461.0,479.61687963687746
4462.0,492.98515651460133
4463.0,514.586329094032
4464.0,518.7151554835277
4465.0,524.15813819436
4466.0,543.8944794126974
4467.0,559.093441589957
4468.0,538.3277179575845
4469.0,535.3202350490977
4470.0,526.7057605870372
4471.0,550.1884420413612
4472.0,538.8036603729693
4473.0,556.481696213372
4474.0,578.6179199159636
4475.0,573.5793195375413
4476.0,572.4636128521452
4477.0,585.4007437568005
4478.0,586.9440953384166
4479.0,560.8311027881565
4480.0,555.038441909761
4481.0,545.772760142404
4482.0,529.5865184373215
4483.0,514.5126952531003
4484.0,530.7630755147048
4485.0,543.7438716466072
4486.0,568.0188916078314
4487.0,580.2969642483317
4488.0,568.4059090357559
4489.0,552.5300461070584
4490.0,547.1554882732111
4491.0,544.9506431564646
4492.0,552.9273682780371
4493.0,550.4888160930849
4494.0,555.1855831467714
4495.0,554.7456242836346
4496.0,546.8165924217953
4497.0,540.385310841738
4498.0,534.1830706748589
4499.0,557.0775995523803
4500.0,558.8174713736673
4501.0,558.9558676781783
4502.0,560.2724498449569
4503.0,575.1140098086263
4504.0,570.3222222980424
4505.0,576.3206335217894
4506.0,592.6310086452368
4507.0,598.7796853113082
4508.0,593.795873115239
4509.0,594.661211666223
4510.0,588.5638651326079
4511.0,586.8104081963447
4512.0,581.8181679709879
4513.0,583.1377492397867
4514.0,572.6007454336843
4515.0,578.0086569755014
4516.0,578.9621516624824
4517.0,563.2166394760127
4518.0,555.8656415219253
4519.0,556.2104908751844
4520.0,565.3797486599168
4521.0,553.3884594385612
4522.0,547.6906845743204
4523.0,570.7637716142184
4524.0,559.5514178304733
4525.0,554.4655715125092
4526.0,525.189759974059
4527.0,526.5447927529598
4528.0,498.09368905657345
4529.0,502.695612529411
4530.0,477.0687536423731
4531.0,494.7548613073924
4532.0,496.87287242066884
4533.0,509.13497466498296
4534.0,500.93240807068213
4535.0,481.5245765167192
4536.0,512.2169149352998
4537.0,521.4106559946083
4538.0,537.74184529894
4539.0,550.0022231079582
4540.0,564.9189457735555
4541.0,566.4696985409495
4542.0,561.9762401038874
4543.0,556.6033623493472
4544.0,537.0425057523264
4545.0,538.6062013593115
4546.0,541.5969171718057
4547.0,536.1516594983838
4548.0,512.6788252661087
4549.0,510.8226834413748
4550.0,531.5341057569132
4551.0,535.4054290453583
4552.0,545.2332913842573
4553.0,537.2769919756827
4554.0,554.2378011771929
4555.0,524.4447242003027
4556.0,522.8424541034176
4557.0,524.3372139420667
4558.0,522.0309342832037
4559.0,527.6839433380551
4560.0,547.3241352265449
4561.0,568.9951661516927
4562.0,563.5083207290488
4563.0,564.536907807521
4564.0,560.2374415484537
4565.0,552.2161170802802
4566.0,541.3995491478906
4567.0,542.174778804389
4568.0,547.6930239523541
4569.0,554.6584889269177
4570.0,566.3868201607703
4571.0,552.2693637794155
4572.0,550.3671509611589
4573.0,556.4394398132282
4574.0,553.754908916217
4575.0,555.38991789668
4576.0,575.1050279261874
4577.0,578.3111216792789
4578.0,567.5323793590138
4579.0,554.255911865597
4580.0,537.0460487546625
4581.0,521.4306420308436
4582.0,508.46089940491
4583.0,498.94927000220105
4584.0,508.9044065038356
4585.0,510.37525614538293
4586.0,525.6574456450841
4587.0,523.6546449693501
4588.0,542.1469993031765
4589.0,544.6397769872598
4590.0,549.2425651125961
4591.0,545.9397326601842
4592.0,544.1663375361725
4593.0,546.2135300544084
4594.0,538.5169442255432
4595.0,524.874720318941
4596.0,529.5511758626817
4597.0,540.9317819657557
4598.0,535.5055196253915
4599.0,533.1995731206504
4600.0,528.0166353119677
4601.0,530.133284994358
4602.0,518.4568704458154
4603.0,526.0537551225393
4604.0,513.1576925011396
4605.0,524.9957536180901
4606.0,532.7742767420414
4607.0,537.909984476822
4608.0,551.5145428779406
4609.0,564.7348016592889
4610.0,567.1046080931532
4611.0,562.2158543015807
4612.0,565.6940801545094
4613.0,548.1769241092654
4614.0,546.2949575508686
4615.0,548.6751577351256
4616.0,559.2867411274083
4617.0,546.9679016534046
4618.0,541.5781757086829
4619.0,537.0052434870267
4620.0,532.1928381413617
4621.0,537.4510542499328
4622.0,540.9456339806343
4623.0,563.8362557958594
4624.0,568.1306775037876
4625.0,566.2723606533459
4626.0,557.1628883736274
4627.0,560.9145696639991
4628.0,553.8839292816521
4629.0,538.8019331662889
4630.0,541.9738546237585
4631.0,548.8471532660259
4632.0,537.183389727817
4633.0,534.444965446437
4634.0,553.0655149652384
4635.0,542.3034782250589
4636.0,531.904038006899
4637.0,518.861471179608
4638.0,514.7330500399588
4639.0,498.6309874195208
4640.0,513.2799040801815
4641.0,527.8316198559319
4642.0,546.1147521876967
4643.0,549.3292838933008
4644.0,559.2227846119416
4645.0,549.8958796874824
4646.0,535.4883196425678
4647.0,522.6425875216161
4648.0,508.2611518779008
4649.0,504.54067062347383
4650.0,496.5470818625591
4651.0,495.61500889439867
4652.0,503.11397806449855
4653.0,509.6429413355813
4654.0,508.52535693726435
4655.0,510.55200182465074
4656.0,507.2159906785917
4657.0,505.49151544819557
4658.0,508.45143246751906
4659.0,533.2849432195064
4660.0,537.7363726195109
4661.0,539.8177787800529
4662.0,538.8315764364988
4663.0,532.5799897729504
4664.0,523.4895335441258
4665.0,511.59540788409254
4666.0,505.60369528445005
4667.0,487.24012829733795
4668.0,482.9004026475072
4669.0,478.51791233075943
4670.0,478.4709327248608
4671.0,490.17160165414396
4672.0,503.4851720484365
4673.0,514.9077227976928
4674.0,520.1422001768336
4675.0,525.9251877759546
4676.0,527.4720475556887
4677.0,531.1571767635983
4678.0,531.963673106128
4679.0,520.3344282335105
4680.0,519.1123819402432
4681.0,509.86253106838024
4682.0,503.495936676153
4683.0,500.66349114019204
4684.0,508.2681397492362
4685.0,514.7238038561762
4686.0,511.2889978167387
4687.0,509.8033797865132
4688.0,515.7486209395037
4689.0,518.2836628569345
4690.0,516.4171318086136
4691.0,511.04580978651
4692.0,521.031908313869
4693.0,525.6199932632813
4694.0,531.5590366664
4695.0,534.3519036395447
4696.0,541.5022406234284
4697.0,535.924603690437
4698.0,521.7092125874392
4699.0,515.8657627139894
4700.0,507.56757884688386
4701.0,502.98138243795245
4702.0,488.4109214138528
4703.0,496.43228625670184
4704.0,494.23135858945386
4705.0,494.05725372438326
4706.0,491.00696575455413
4707.0,491.1518887278663
4708.0,494.4329944822994
4709.0,485.9989797676224
4710.0,498.4706092165927
4711.0,502.4626943965049
4712.0,523.6733669328794
4713.0,522.898142988961
4714.0,528.9701748701849
4715.0,528.4181291793398
4716.0,525.9311428671602
4717.0,526.0758128567525
4718.0,526.4980937505738
4719.0,545.5298718861523
4720.0,547.1468802045509
4721.0,546.3594321030364
4722.0,537.7947918262346
4723.0,540.7574943850561
4724.0,543.2400049485451
4725.0,545.2950569743113
4726.0,542.4889404438474
4727.0,541.2511292011119
4728.0,534.9991745251488
4729.0,529.0664250130965
4730.0,518.7146061144159
4731.0,510.40527271773885
4732.0,523.4281048909393
4733.0,524.1313423310747
4734.0,534.5270666273262
4735.0,530.7017394893107
4736.0,528.2296158152175
4737.0,531.1166625101404
4738.0,532.5471353140301
4739.0,530.2668244212665
4740.0,529.2243636052347
4741.0,536.5474068728295
4742.0,546.6350252467209
4743.0,548.9797913511827
4744.0,550.5196762237267
4745.0,538.4678369203806
4746.0,544.4339564023704
4747.0,542.5414074042111
4748.0,545.5629956382855
4749.0,538.491065493149
4750.0,552.6607079622071
4751.0,554.7104659493368
4752.0,556.4998057630594
4753.0,545.7520274260743
4754.0,547.9381429773279
4755.0,542.0052985888522
4756.0,535.4817119261292
4757.0,533.8912349036309
4758.0,531.3464543354011
4759.0,540.3492743153192
4760.0,539.6541029317073
4761.0,543.3534318170349
4762.0,536.1186348376726
4763.0,529.915197537177
4764.0,528.5754360585049
4765.0,511.46914018592975
4766.0,505.2177986838954
4767.0,511.39208148605775
4768.0,511.23509237739916
4769.0,519.0008347471055
4770.0,525.990377281882
4771.0,538.2775383357717
4772.0,534.7864743522505
4773.0,546.9121638444548
4774.0,549.4971630262638
4775.0,549.9370564215441
4776.0,547.9655283185355
4777.0,557.9849137419923
4778.0,563.4398772688545
4779.0,555.495963427069
4780.0,555.949155577784
4781.0,562.5451770743894
4782.0,558.1402009975061
4783.0,552.0335756836015
4784.0,559.7304506499776
4785.0,555.5362286825542
4786.0,542.1501295610993
4787.0,541.2462251706603
4788.0,537.1330258873357
4789.0,521.8816919684923
4790.0,521.6400614135622
4791.0,534.028537363104
4792.0,528.4837279719331
4793.0,533.1475144597387
4794.0,549.3816652435787
4795.0,555.4497315045542
4796.0,558.9591446311067
4797.0,568.2456114309683
4798.0,561.2124176323192
4799.0,555.2971535424782
4800.0,544.1292539313101
4801.0,544.7777151866993
4802.0,536.3336161656223
4803.0,545.5137558009869
4804.0,547.3425945817759
4805.0,555.1826427742053
4806.0,551.0763089723741
4807.0,548.2667214131199
4808.0,546.1542005137003
4809.0,545.1391946566768
4810.0,544.8451037092585
4811.0,540.6724394007149
4812.0,542.323829937662
4813.0,539.8440310720391
4814.0,538.3408730499274
4815.0,547.4579310432359
4816.0,551.9915638176639
4817.0,546.865091105694
4818.0,552.873388618889
4819.0,561.1194797537737
4820.0,553.9443488537134
4821.0,549.6390932160399
4822.0,554.2380796618338
4823.0,541.6626960807503
4824.0,537.7527060612063
4825.0,541.2441471062738
4826.0,540.7322683986159
4827.0,542.1966278474318
4828.0,549.375767052457
4829.0,549.347673034209
4830.0,541.7263472700962
4831.0,537.7493596969422
4832.0,529.9149406379196
4833.0,532.4602313029034
4834.0,539.306656453166
4835.0,535.3781493095975
4836.0,541.4921643574015
4837.0,546.3582389022669
4838.0,538.4849768113942
4839.0,526.5620558098157
4840.0,519.8262743678671
4841.0,521.4298040519122
4842.0,510.3449892843107
4843.0,511.02706150434955
4844.0,522.5122549958778
4845.0,537.0424811237998
4846.0,543.8565520472753
4847.0,536.761140475799
4848.0,538.4903013517292
4849.0,536.6449022591652
4850.0,530.4338796379305
4851.0,519.3694098089838
4852.0,524.5300073698335
4853.0,528.9720880582136
4854.0,515.1005111277296
4855.0,495.3833613778277
4856.0,494.46133853628004
4857.0,488.850243307464
4858.0,474.10541456964404
4859.0,448.97231359270114
4860.0,422.5553227483471
4861.0,384.31727010990073
4862.0,367.43416167982485
4863.0,354.905124582948
4864.0,370.3721716291366
4865.0,396.9855057535922
4866.0,442.2896435928942
4867.0,461.4830052101358
4868.0,476.1938142701066
4869.0,486.6724651852725
4870.0,477.18342589013287
4871.0,461.535272385648
4872.0,461.5377896596616
4873.0,463.0882035412695
4874.0,463.14267236459835
4875.0,459.5513144972529
4876.0,484.6635868604189
4877.0,489.7811030378877
4878.0,493.14594791538735
4879.0,502.86963268584327
4880.0,513.8938899652551
4881.0,510.78436551015454
4882.0,515.8470808151743
4883.0,527.827939878624
4884.0,519.1848261081656
4885.0,509.0670919072829
4886.0,506.98215001806966
4887.0,508.8395289559441
4888.0,494.5686277010089
4889.0,492.0699351946266
4890.0,470.34067609653704
4891.0,461.9269030259142
4892.0,463.56375868858385
4893.0,462.9655911914734
4894.0,472.1598379693517
4895.0,487.58533986381906
4896.0,521.7108697160836
4897.0,530.9458282056231
4898.0,545.0742973819288
4899.0,542.0475889296403
4900.0,541.1059801474448
4901.0,543.5457834309819
4902.0,530.5398280296105
4903.0,521.3039363787206
4904.0,520.3055632454511
4905.0,532.1019599519353
4906.0,534.4254857525978
4907.0,528.495043378727
4908.0,536.6563619256259
4909.0,523.6420559959518
4910.0,508.1020322462825
4911.0,488.15467674380807
4912.0,484.6119696304236
4913.0,487.84340862003705
4914.0,497.6656210946474
4915.0,520.4495895148796
4916.0,530.3203070830143
4917.0,523.0720136123476
4918.0,499.85594447437836
4919.0,480.03696619213065
4920.0,455.8578805080333
4921.0,446.0212459992606
4922.0,451.51535012034714
4923.0,462.14301602519055
4924.0,461.9986163990292
4925.0,486.89145124280844
4926.0,492.74472608688296
4927.0,494.7299860713695
4928.0,498.07163731520274
4929.0,506.56016639105525
4930.0,520.429756648601
4931.0,524.3154334726615
4932.0,522.7248624960889
4933.0,508.37975908059514
4934.0,510.2880386830639
4935.0,509.4722307795509
4936.0,499.92484812865655
4937.0,492.8623219647871
4938.0,490.8269349634874
4939.0,489.2740579348667
4940.0,495.0442731087778
4941.0,503.2250145747993
4942.0,505.5165510333433
4943.0,521.2880651933696
4944.0,540.0738040356574
4945.0,531.2285994451912
4946.0,523.3804269885931
4947.0,529.4885702019225
4948.0,527.605576010355
4949.0,512.0272277362595
4950.0,518.1720279138653
4951.0,529.0942199262914
4952.0,522.4095313616527
4953.0,518.1330940612764
4954.0,521.0831756547431
4955.0,528.4212612747345
4956.0,503.79541095621545
4957.0,474.5557063728532
4958.0,483.3921839063096
4959.0,487.2964342124733
4960.0,491.12313870913897
4961.0,489.0810172406179
4962.0,529.1484069468469
4963.0,546.6169642645276
4964.0,539.1962864651152
4965.0,522.6175183931267
4966.0,516.2775002281122
4967.0,507.34625289089877
4968.0,497.44836126958035
4969.0,489.8270589633827
4970.0,496.77288756090763
4971.0,505.32422564984
4972.0,508.98031904365376
4973.0,525.8713593341583
4974.0,532.2233228880842
4975.0,539.675489406315
4976.0,537.6370735733334
4977.0,532.3809658920537
4978.0,523.5162888907083
4979.0,508.2419017660111
4980.0,500.4522600551143
4981.0,488.7714121593085
4982.0,466.9791368990311
4983.0,458.09435186545016
4984.0,449.2246427825589
4985.0,446.8710768805403
4986.0,448.62211556772013
4987.0,468.63787074494957
4988.0,488.1278819138393
4989.0,504.8946008367841
4990.0,511.09476967937576
4991.0,513.1388248836255
4992.0,508.73402638300274
4993.0,497.81957623613295
4994.0,500.988395060689
4995.0,504.7917341781735
4996.0,518.3471709897585
4997.0,515.6133117628415
4998.0,513.5840864108745
4999.0,501.4724562032875
5000.0,483.80855757841647
5001.0,464.2404044837058
5002.0,447.5594788107891
5003.0,446.2219655374501
5004.0,455.080098828993
5005.0,447.2568515342411
5006.0,441.7774672360818
5007.0,441.90247162866353
5008.0,448.8204573601084
5009.0,452.47673832256834
5010.0,465.3784527680576
5011.0,469.9653320305444
5012.0,469.36941879156944
5013.0,454.1975242228737
5014.0,438.59319443399846
5015.0,436.91066763241764
5016.0,440.36855874243264
5017.0,444.4267044939233
5018.0,440.67889955910385
5019.0,448.42741134763946
5020.0,449.37000577287284
5021.0,438.663753433863
5022.0,436.0036802216934
5023.0,451.33360882926286
5024.0,451.87883856729843
5025.0,450.9304858162289
5026.0,453.3062587425272
5027.0,454.4043717900306
5028.0,458.02334196948954
5029.0,458.1577289888716
5030.0,458.6170165105153
5031.0,459.7935277778411
5032.0,478.5025706407154
5033.0,481.9746190171463
5034.0,484.317237997381
5035.0,473.3577074709783
5036.0,473.9880139690501
5037.0,472.60158485242323
5038.0,463.1034097406875
5039.0,450.8974723547377
5040.0,441.1688640905584
5041.0,421.0058463593197
5042.0,419.2878584300548
5043.0,426.32306277999623
5044.0,433.5346935887829
5045.0,455.0196864489789
5046.0,495.9575016523065
5047.0,499.90213593283715
5048.0,484.02314035125784
5049.0,474.75873427547884
5050.0,462.7066223150197
5051.0,438.7126115595469
5052.0,435.8553429957562
5053.0,451.5516543053634
5054.0,463.4779046021865
5055.0,473.14257209316327
5056.0,492.10164931545785
5057.0,496.7869729324463
5058.0,496.0361236798015
5059.0,493.98306021760794
5060.0,494.72309557233825
5061.0,497.634786192551
5062.0,502.40434932311814
5063.0,502.29164534988803
5064.0,485.2832308023427
5065.0,481.4433131686108
5066.0,475.74280200925915
5067.0,467.1582293756812
5068.0,453.00086327792474
5069.0,457.969361271431
5070.0,471.70834007043106
5071.0,468.18897263222567
5072.0,463.5670369061956
5073.0,474.3839408822138
5074.0,473.1430990985819
5075.0,466.44008942226253
5076.0,463.9472975802122
5077.0,477.5873855896149
5078.0,465.77101423366474
5079.0,451.5920268599911
5080.0,445.77722813059717
5081.0,443.7452892522475
5082.0,429.37314317872665
5083.0,419.04308526786446
5084.0,436.54828275496106
5085.0,451.59745517211957
5086.0,455.769332391765
5087.0,458.83783920625353
5088.0,469.8360713623677
5089.0,477.42546029817754
5090.0,472.64621182845065
5091.0,476.870185818638
5092.0,484.69856167797406
5093.0,488.71024911038324
5094.0,489.05536668322776
5095.0,494.3408618679179
5096.0,488.08669771262174
5097.0,480.73974547132957
5098.0,459.3528305436085
5099.0,449.80792597633837
5100.0,443.5105050970955
5101.0,443.5610850209239
5102.0,445.85000759901857
5103.0,457.98016147327934
5104.0,468.95583733520664
5105.0,471.97549581936437
5106.0,469.12079448589105
5107.0,456.9565932871095
5108.0,460.6518566011697
5109.0,452.1465637537726
5110.0,445.7726598171856
5111.0,449.11949600118
5112.0,465.14131072597326
5113.0,467.41401686455436
5114.0,472.3169336443397
5115.0,483.10437207396586
5116.0,486.3139660112995
5117.0,487.3518538544842
5118.0,492.47841086740164
5119.0,491.18892295878743
5120.0,492.9719336048619
5121.0,488.65741162266005
5122.0,483.0721631038438
5123.0,468.80836434926556
5124.0,455.99909191527604
5125.0,441.05416673079816
5126.0,432.54295431597797
5127.0,426.07910689170455
5128.0,429.3546644736137
5129.0,428.3426431701891
5130.0,440.5606767661841
5131.0,446.41745819552625
5132.0,452.36175729117144
5133.0,444.51093250102787
5134.0,457.3542981746684
5135.0,464.0139141294781
5136.0,460.1342938113477
5137.0,457.5360099994322
5138.0,454.4380277497081
5139.0,442.17926498486423
5140.0,443.8388316550224
5141.0,435.8102342576192
5142.0,423.8576478256705
5143.0,427.00648790158897
5144.0,450.6208063078944
5145.0,439.49564257223585
5146.0,428.77468787764946
5147.0,438.43392133529255
5148.0,447.01528906988636
5149.0,444.14804196136197
5150.0,439.27662173658337
5151.0,440.58964692505555
5152.0,442.4345362489852
5153.0,444.5158183854594
5154.0,437.3157828533321
5155.0,438.9342735285183
5156.0,450.3915036061924
5157.0,459.930942709268
5158.0,464.009433359207
5159.0,463.6253661970138
5160.0,471.09473672416016
5161.0,466.5760199365615
5162.0,459.74800744413415
5163.0,459.5718321999861
5164.0,454.11595574417015
5165.0,438.2506913400357
5166.0,404.6944784295818
5167.0,378.7323198151124
5168.0,351.01282566281674
5169.0,346.2928310564011
5170.0,352.7976165205436
5171.0,332.4040875827401
5172.0,322.32096995882927
5173.0,326.3000110121166
5174.0,348.7013854436157
5175.0,348.60969052837567
5176.0,364.8427674422201
5177.0,416.3095135922317
5178.0,458.72080004330536
5179.0,467.1131971408294
5180.0,463.0630656252169
5181.0,456.57534879728166
5182.0,421.94983075829646
5183.0,365.9334437359757
5184.0,345.0072767097786
5185.0,343.4178056621879
5186.0,346.7104093579292
5187.0,359.10991936527165
5188.0,398.34121427947844
5189.0,445.9103382195447
5190.0,453.95530619243084
5191.0,437.22352126899483
5192.0,424.20341392306335
5193.0,436.73190461204393
5194.0,425.6199646374961
5195.0,404.2941816679364
5196.0,409.6216575963171
5197.0,421.83386658218853
5198.0,419.9192234699361
5199.0,420.2723033783925
5200.0,440.9186670031858
5201.0,447.2527679797885
5202.0,452.0790672788675
5203.0,458.81854686798465
5204.0,452.1858755109704
5205.0,439.16518289847164
5206.0,431.4387469821245
5207.0,428.9427483932187
5208.0,408.06628286385387
5209.0,416.7774106940902
5210.0,421.57393499337803
5211.0,438.260404152662
5212.0,438.840276007056
5213.0,457.3583929317826
5214.0,454.8926706668453
5215.0,445.8183193182441
5216.0,436.2402101862578
5217.0,428.6809577593104
5218.0,430.7236617022885
5219.0,432.81328094029925
5220.0,442.7095143600859
5221.0,456.49794544642776
5222.0,465.3809710994937
5223.0,469.99198275502897
5224.0,460.7608493834639
5225.0,453.7582713629288
5226.0,420.4693677092335
5227.0,408.23872205055943
5228.0,406.51755464724295
5229.0,400.3564381325854
5230.0,406.88557141859
5231.0,423.84514068077203
5232.0,438.5581227120325
5233.0,438.5014016027285
5234.0,431.9823981634249
5235.0,431.640456495707
5236.0,427.30059522519656
5237.0,429.422099246196
5238.0,443.88499435619883
5239.0,449.7894460072539
5240.0,464.88469619275486
5241.0,467.25427672320444
5242.0,463.8547663648968
5243.0,464.8367538617849
5244.0,466.06293236902155
5245.0,461.80059570366075
5246.0,452.22711425241187
5247.0,452.4445144681895
5248.0,460.16820290988505
5249.0,453.1649827991655
5250.0,448.44940294417376
5251.0,451.8950174404361
5252.0,459.6498004668779
5253.0,456.6210350573426
5254.0,444.53370691441046
5255.0,447.2524386908099
5256.0,454.1069939149457
5257.0,455.5027286643114
5258.0,447.00940677387734
5259.0,447.5786719072768
5260.0,460.7193502676503
5261.0,452.19539732753117
5262.0,437.61155485307097
5263.0,424.87237553951616
5264.0,428.1982708209015
5265.0,408.21716490889537
5266.0,398.7972301598265
5267.0,406.8857091741024
5268.0,392.9681242418434
5269.0,371.4085861240385
5270.0,364.0993966179487
5271.0,386.8420706182596
5272.0,383.1339429753002
5273.0,381.98101267867423
5274.0,408.014804054934
5275.0,415.14636983871304
5276.0,409.8136395987771
5277.0,416.05584544097024
5278.0,435.5872255509175
5279.0,437.4644074717632
5280.0,449.05271110927333
5281.0,450.9382424857544
5282.0,443.9621526831345
5283.0,426.6993962888972
5284.0,421.3709725561595
5285.0,429.7653692792748
5286.0,440.95019988700255
5287.0,449.6811176241975
5288.0,462.3224701674393
5289.0,472.26548134044
5290.0,470.1502558893484
5291.0,470.1471898943171
5292.0,469.23969269107874
5293.0,471.5192598514326
5294.0,471.71027525944476
5295.0,472.0410084323712
5296.0,459.8235588578985
5297.0,440.7485914342592
5298.0,425.6436928390815
5299.0,424.54797144360356
5300.0,419.20118698802634
5301.0,421.324239974228
5302.0,430.96801439174277
5303.0,450.3831704162581
5304.0,453.51107073236903
5305.0,459.446501782695
5306.0,462.28861069292856
5307.0,464.34772227011575
5308.0,462.15734144756783
5309.0,460.36131817192637
5310.0,461.3234300985692
5311.0,463.8729142084982
5312.0,467.7256609299667
5313.0,469.0731551985232
5314.0,468.4759216316136
5315.0,464.2355442212243
5316.0,450.5911585736456
5317.0,445.4297906119567
5318.0,446.28056414187387
5319.0,446.912842584287
5320.0,446.3496110629812
5321.0,449.32530329498906
5322.0,456.8941463606618
5323.0,449.2379608918035
5324.0,440.0695437340691
5325.0,436.4589735919751
5326.0,437.4970440663125
5327.0,414.04047201141674
5328.0,384.67405510442677
5329.0,390.36975296462293
5330.0,396.522114546896
5331.0,405.11500506933686
5332.0,406.5966820185612
5333.0,433.7394363557571
5334.0,449.9402457644665
5335.0,454.05298369278495
5336.0,448.9119600566619
5337.0,438.5962262029808
5338.0,447.34269399110406
5339.0,437.3447707507363
5340.0,423.06298915927044
5341.0,418.96031334948145
5342.0,429.3798695778017
5343.0,446.0533263206659
5344.0,451.89859190967854
5345.0,447.49399892808015
5346.0,443.75187952609764
5347.0,438.8079559895324
5348.0,427.91461033650995
5349.0,418.0946215074826
5350.0,427.1758717299183
5351.0,443.57399987395775
5352.0,442.4596053772742
5353.0,444.69038145797236
5354.0,455.1006462076848
5355.0,462.051265915685
5356.0,462.21529743628935
5357.0,461.4963449378472
5358.0,461.882528970137
5359.0,456.3589813550555
5360.0,452.96430965423696
5361.0,446.90890836810775
5362.0,440.40693428323783
5363.0,439.406796822949
5364.0,435.67951880029693
5365.0,432.5244917271656
5366.0,433.99815270226276
5367.0,433.15649387960565
5368.0,437.62243032952443
5369.0,431.9465352296571
5370.0,427.12437719897605
5371.0,405.67151594284695
5372.0,410.5456668055582
5373.0,407.717865641292
5374.0,413.50033130599843
5375.0,422.4907956325493
5376.0,440.72065177704525
5377.0,446.3590960427062
5378.0,445.40037513923136
5379.0,443.7226944138536
5380.0,442.05486449925854
5381.0,440.60148845256873
5382.0,431.977354485373
5383.0,424.95303134998255
5384.0,430.3721789380498
5385.0,432.4910382567233
5386.0,430.660863174624
5387.0,435.0544845136447
5388.0,445.70835650560434
5389.0,442.25547866031593
5390.0,439.03678033141813
5391.0,437.5625911521679
5392.0,435.19270925902146
5393.0,430.0420900444114
5394.0,431.1501022524691
5395.0,431.6309683631082
5396.0,420.7002101351427
5397.0,409.7333384219483
5398.0,413.7075505717537
5399.0,412.1685369000784
5400.0,406.76568256383115
5401.0,413.9920278925591
5402.0,433.6393582965006
5403.0,426.01699014776426
5404.0,407.0537989273616
5405.0,396.7257940149028
5406.0,393.2869653978658
5407.0,388.35123066721815
5408.0,389.86392302657885
5409.0,397.0374565422729
5410.0,407.2760977444851
5411.0,419.686685951781
5412.0,419.4013479737602
5413.0,414.9840961069947
5414.0,416.45301416761777
5415.0,421.72564881777504
5416.0,423.53867113328755
5417.0,422.85365167379575
5418.0,425.2216449072805
5419.0,426.8256267121645
5420.0,433.141040093247
5421.0,434.5558208144883
5422.0,438.2121632679639
5423.0,432.24953501975415
5424.0,424.64218680045997
5425.0,427.6347206474265
5426.0,433.40336423416886
5427.0,435.70094722998
5428.0,430.3635229789762
5429.0,420.1366906671577
5430.0,419.4485687001554
5431.0,415.4899358290449
5432.0,407.8591848113372
5433.0,398.9772402525492
5434.0,407.3136955421263
5435.0,416.30531393509096
5436.0,409.2887803109271
5437.0,411.77611994986864
5438.0,417.32665818776036
5439.0,428.9569271276697
5440.0,435.8682838779632
5441.0,443.83343978446743
5442.0,450.5777606364473
5443.0,450.6844503237012
5444.0,443.63254746739386
5445.0,436.6441820552673
5446.0,419.4554287059552
5447.0,411.58422415146174
5448.0,409.9004707203477
5449.0,412.65469390142965
5450.0,420.267374065938
5451.0,433.1472823993686
5452.0,450.5014169140026
5453.0,453.3476874550608
5454.0,445.2572700231544
5455.0,420.46188564884756
5456.0,416.00501488996
5457.0,418.4495936009366
5458.0,421.114314661271
5459.0,422.78060387725213
5460.0,441.26523788699865
5461.0,456.71595198237094
5462.0,445.37069116954535
5463.0,433.1308604829569
5464.0,429.7006349517246
5465.0,426.8180303826566
5466.0,420.1628261329236
5467.0,421.86475185118576
5468.0,435.4467172011688
5469.0,437.9510851519753
5470.0,435.4986554721696
5471.0,441.5578187855006
5472.0,443.81087724013247
5473.0,439.325388603424
5474.0,436.61178070604524
5475.0,431.6180603704467
5476.0,410.17605498045805
5477.0,404.90484849423353
5478.0,410.57454933469825
5479.0,419.1465991026289
5480.0,411.0443260479374
5481.0,418.40976850987704
5482.0,434.43560938158777
5483.0,438.3486247208633
5484.0,439.56342688051774
5485.0,441.76559721121436
5486.0,451.6954061126639
5487.0,444.6838421779803
5488.0,438.14510503239825
5489.0,431.8505858893487
5490.0,428.94049933554373
5491.0,426.03325330621846
5492.0,430.8208780118961
5493.0,431.4021168997343
5494.0,431.535292946339
5495.0,435.20831411629183
5496.0,432.1503714720077
5497.0,425.09215021604757
5498.0,431.91729736278626
5499.0,445.58915021548813
5500.0,444.07983678663294
5501.0,433.06325153010215
5502.0,439.18068889460017
5503.0,442.89189985873486
5504.0,439.06267075298405
5505.0,429.4742546359394
5506.0,424.5375255446425
5507.0,429.9356291791136
5508.0,430.73423854917024
5509.0,428.2355922407135
5510.0,429.1539426775149
5511.0,432.8362113746537
5512.0,425.19556139393893
5513.0,416.5477125431022
5514.0,413.0608059931838
5515.0,415.0781278199503
5516.0,411.8876631144553
5517.0,420.09568299171906
5518.0,431.6803422211267
5519.0,437.8217337564962
5520.0,436.0267047010572
5521.0,433.74239406478483
5522.0,434.2934772343611
5523.0,433.7224303553703
5524.0,427.86877409861626
5525.0,423.67523760276106
5526.0,421.4793960046295
5527.0,412.7105937352537
5528.0,402.54587220170566
5529.0,403.8154482660295
5530.0,407.60016406010953
5531.0,410.2043355324171
5532.0,410.42782882543094
5533.0,422.8176456711796
5534.0,421.43659043181896
5535.0,415.93925068958964
5536.0,414.7875021645873
5537.0,415.49761150968146
5538.0,417.4873919563432
5539.0,415.03111133498305
5540.0,424.5025733692885
5541.0,428.8147457024394
5542.0,428.3222106504008
5543.0,423.1716855263672
5544.0,425.2076600300936
5545.0,427.17961849347074
5546.0,423.0491188700142
5547.0,422.8693179602172
5548.0,427.27236282170617
5549.0,428.6116336988538
5550.0,428.01092524205546
5551.0,429.0007958290095
5552.0,429.1476479390771
5553.0,423.72961953892496
5554.0,418.85504494774807
5555.0,418.18276153832994
5556.0,419.77613523064264
5557.0,417.73168263340466
5558.0,421.89240503572336
5559.0,425.8721670251575
5560.0,433.42734169340025
5561.0,430.6615410011389
5562.0,421.77670745259184
5563.0,417.47304633678465
5564.0,415.6280087899643
5565.0,412.3304230386793
5566.0,408.1913276296895
5567.0,407.4922598631512
5568.0,412.09618370036327
5569.0,408.24924225012126
5570.0,411.9937287693485
5571.0,415.4631473601913
5572.0,406.06677579594424
5573.0,403.35819955263946
5574.0,407.93325275009147
5575.0,406.0532304198188
5576.0,400.7114048825888
5577.0,405.1339457493782
5578.0,414.0807745847002
5579.0,413.63404109089106
5580.0,417.0141015081142
5581.0,417.6896367420641
5582.0,417.8708977095827
5583.0,414.7702784661259
5584.0,412.8933110376268
5585.0,409.06820496367004
5586.0,398.32733265404113
5587.0,396.4250143789749
5588.0,385.3093548446169
5589.0,382.90050580116923
5590.0,384.2993707453363
5591.0,389.71133252835466
5592.0,397.60627814994433
5593.0,402.38225347228814
5594.0,400.74642802784905
5595.0,403.1535022507182
5596.0,405.7547884047157
5597.0,406.7896615806702
5598.0,400.42790691273126
5599.0,407.85694922267487
5600.0,408.1646972660256
5601.0,402.6186488782887
5602.0,390.1956034680742
5603.0,393.407026512309
5604.0,399.58094255924465
5605.0,404.4591630391283
5606.0,408.9576278961513
5607.0,418.3612867404926
5608.0,426.87261484910795
5609.0,424.61877889091585
5610.0,422.49142790752865
5611.0,421.32171687864314
5612.0,424.0758012735351
5613.0,426.5813295404871
5614.0,419.3973177589859
5615.0,402.0004979689295
5616.0,395.83955398904106
5617.0,393.9216587843985
5618.0,389.8621793908591
5619.0,389.4407902917902
5620.0,405.3783841142644
5621.0,413.6254321239359
5622.0,414.9417917003983
5623.0,413.174491592777
5624.0,408.18001052976496
5625.0,408.12263400982624
5626.0,412.4197884352876
5627.0,412.00436292934006
5628.0,409.94552252643797
5629.0,418.9524578668713
5630.0,425.7190955843527
5631.0,425.31182234048185
5632.0,424.520898472099
5633.0,422.1252733605608
5634.0,420.015048946447
5635.0,417.1820073699634
5636.0,413.2513678884051
5637.0,409.30827461434967
5638.0,407.96351068870337
5639.0,410.43998221356776
5640.0,407.4819668720134
5641.0,404.23423743240136
5642.0,406.0875455573393
5643.0,407.71118530609687
5644.0,408.0119860265952
5645.0,409.3320051671283
5646.0,416.08036333758423
5647.0,419.17512006631966
5648.0,420.81446742462487
5649.0,418.7195368310244
5650.0,414.12908295611385
5651.0,411.20679150317375
5652.0,410.480857099078
5653.0,409.86709538719003
5654.0,406.7368696426925
5655.0,406.1428465469968
5656.0,410.91012421614147
5657.0,407.32924914851947
5658.0,390.46787582677274
5659.0,386.47385403234097
5660.0,391.1351492610358
5661.0,389.00212308233455
5662.0,380.5585137522372
5663.0,393.49428338126233
5664.0,406.76648304124825
5665.0,410.7318372447912
5666.0,410.3325924978711
5667.0,411.8395211035592
5668.0,413.74172852332066
5669.0,408.61384429261904
5670.0,407.2432953226246
5671.0,408.6119117976289
5672.0,414.43534386765253
5673.0,418.41375989512346
5674.0,420.68146882600496
5675.0,420.6373794821685
5676.0,421.11646387171345
5677.0,421.03753325877716
5678.0,417.0478273924508
5679.0,414.89142361549324
5680.0,417.7947337417265
5681.0,415.5263470542921
5682.0,408.6269685946755
5683.0,406.7086658916294
5684.0,406.45874195720074
5685.0,405.2900063777062
5686.0,402.10224021972107
5687.0,403.4284126878202
5688.0,400.70500556096636
5689.0,400.0075214983273
5690.0,400.475701413569
5691.0,401.25378013198537
5692.0,402.786574732428
5693.0,410.79111891751455
5694.0,411.501065033498
5695.0,411.21267502594407
5696.0,414.053841369382
5697.0,414.61662084651675
5698.0,411.60907489766623
5699.0,411.90207647250156
5700.0,409.69921421820055
5701.0,402.38444068256746
5702.0,398.5786425370599
5703.0,402.01819371334744
5704.0,402.438798776601
5705.0,397.6305061785505
5706.0,399.7639588694929
5707.0,401.2786588191452
5708.0,393.00848236849265
5709.0,383.65623047996166
5710.0,381.2301114827412
5711.0,377.6395268998731
5712.0,377.33075461239747
5713.0,383.74812015984753
5714.0,391.6885543020011
5715.0,395.7587394415571
5716.0,404.3150105229117
5717.0,408.66609647622784
5718.0,406.43636583186776
5719.0,406.77622782842354
5720.0,409.10146018547084
5721.0,406.15479804741113
5722.0,408.9981665435927
5723.0,413.6950218554638
5724.0,414.1366908077821
5725.0,415.834351592868
5726.0,417.5010201839577
5727.0,417.53831746432957
5728.0,416.85152710822086
5729.0,417.4927150152947
5730.0,416.2471848376025
5731.0,411.8046572463104
5732.0,411.7930772750477
5733.0,412.01648142645
5734.0,412.17038002786757
5735.0,411.0462497627159
5736.0,412.13196376433723
5737.0,414.66453212664436
5738.0,414.21942264563756
5739.0,410.5012928436214
5740.0,410.07145303830697
5741.0,409.48629382528077
5742.0,409.377917157044
5743.0,409.924426915101
5744.0,412.2434489218498
5745.0,414.86760835276107
5746.0,414.83485457955754
5747.0,409.0653331422658
5748.0,408.44907588037427
5749.0,408.5969810276455
5750.0,408.9895256535435
5751.0,407.0327091223163
5752.0,403.3744489928049
5753.0,397.5985400741524
5754.0,392.0937194823925
5755.0,389.36333727226116
5756.0,389.3607852415226
5757.0,393.2288534096684
5758.0,402.4984199955749
5759.0,409.5248028126289
5760.0,409.3465138655226
5761.0,405.61061010980444
5762.0,397.40910450684845
5763.0,393.18639471221627
5764.0,394.9813351417794
5765.0,398.3517905864389
5766.0,402.9429814020099
5767.0,408.25410613649444
5768.0,414.0218570264936
5769.0,410.76821312758426
5770.0,409.62409359533626
5771.0,407.06506233703885
5772.0,405.3295395393894
5773.0,404.857660547757
5774.0,404.4205543666778
5775.0,404.9200314239817
5776.0,405.9879333627391
5777.0,407.30986975951976
5778.0,406.3404131740106
5779.0,407.3382200081036
5780.0,405.6771835078892
5781.0,401.0141808618213
5782.0,396.46855219529976
5783.0,394.17960604268995
5784.0,388.3322342332583
5785.0,384.5319098088993
5786.0,389.4571349524541
5787.0,392.15970998134605
5788.0,394.79016209318434
5789.0,399.26334789640975
5790.0,402.3904879189464
5791.0,401.69125527751027
5792.0,401.11132689978785
5793.0,400.4066269344478
5794.0,399.81859603707323
5795.0,400.7270135581785
5796.0,405.84771008149255
5797.0,404.60900444997185
5798.0,405.1271174001455
5799.0,407.8498351378317
5800.0,407.4112160835176
5801.0,407.3241460035292
5802.0,409.40266307919643
5803.0,411.5602487524577
5804.0,408.81053900924366
5805.0,405.85160001450043
5806.0,403.09004166633787
5807.0,400.40451651735236
5808.0,398.29579860531163
5809.0,399.6874985749871
5810.0,403.7128604252401
5811.0,406.97205488362454
5812.0,409.54068901672264
5813.0,410.26681522732264
5814.0,410.5987159900361
5815.0,407.2910381522848
5816.0,402.7747363809515
5817.0,403.5088909125179
5818.0,404.30851349073515
5819.0,406.7986028356176
5820.0,409.2009597012557
5821.0,413.8982541957387
5822.0,415.33671465056625
5823.0,413.11861059789805
5824.0,412.3645877703465
5825.0,412.4533768429404
5826.0,412.39200049070115
5827.0,412.60484567670545
5828.0,414.4283948224849
5829.0,415.93796828196525
5830.0,412.94132661662184
5831.0,410.4511008319111
5832.0,410.9923990349647
5833.0,410.74040095833266
5834.0,409.20469299908183
5835.0,409.18190775319823
5836.0,413.08433391047384
5837.0,413.3323449522024
5838.0,412.24916103914666
5839.0,411.78000073679334
5840.0,412.1554004283055
5841.0,413.3266634809129
5842.0,413.4142908250015
5843.0,414.8887078304076
5844.0,415.63461586891447
5845.0,417.1295775271561
5846.0,416.4950524541491
5847.0,412.4747978309267
5848.0,410.94341809465107
5849.0,411.5375345736781
5850.0,412.4070000762034
5851.0,411.16461716813393
5852.0,410.477148263541
5853.0,411.05541041227355
5854.0,410.9262608956883
5855.0,408.4393556378256
5856.0,401.92921877801507
5857.0,394.5651550151761
5858.0,393.62193213148055
5859.0,390.47393307924125
5860.0,390.0096329838463
5861.0,386.91170851791713
5862.0,390.0058204403931
5863.0,396.1108132825845
5864.0,401.06134826662634
5865.0,403.79971437931675
5866.0,399.7716934541343
5867.0,400.6088381070752
5868.0,404.03052094134046
5869.0,403.918534274487
5870.0,402.85669528971493
5871.0,403.6301802730073
5872.0,406.91292080064903
5873.0,408.58683397368094
5874.0,409.4089374995062
5875.0,410.3074051508015
5876.0,412.48731336791565
5877.0,412.60828008272654
5878.0,413.5297814939863
5879.0,415.3579274626841
5880.0,414.16288113351555
5881.0,410.5444803522125
5882.0,412.70846124726836
5883.0,408.2848950560009
5884.0,407.307194804842
5885.0,409.592996610341
5886.0,411.19938997511366
5887.0,411.43967660678067
5888.0,398.7612298393598
5889.0,373.47923562925564
5890.0,356.6011303763116
5891.0,350.75125930186033
5892.0,343.3764478529792
5893.0,337.86481948775474
5894.0,346.9420406206459
5895.0,351.7071877592678
5896.0,352.8862462170219
5897.0,355.6808130631605
5898.0,355.86956357056573
5899.0,354.55608078519595
5900.0,360.17004765214404
5901.0,382.35808120225096
5902.0,384.56149566540284
5903.0,385.6386465639042
5904.0,390.45197177708604
5905.0,388.73377031122783
5906.0,390.33012689230077
5907.0,390.6186503614414
5908.0,393.986074835656
5909.0,390.949601673989
5910.0,395.1246787189501
5911.0,398.5204385697332
5912.0,396.93372036143614
5913.0,395.543488205162
5914.0,390.56253195766607
5915.0,390.63322702076846
5916.0,388.7480158126994
5917.0,387.39152808077114
5918.0,391.43512467295835
5919.0,398.1648791988268
5920.0,395.90710483800405
5921.0,391.74715761829015
5922.0,403.60775232239524
5923.0,404.9602637963904
5924.0,401.69016145364293
5925.0,400.65312381577303
5926.0,398.6030763797115
5927.0,396.7193429442753
5928.0,397.7997003947537
5929.0,393.2282794912351
5930.0,386.4811816700473
5931.0,389.24879099814547
5932.0,394.43363221587134
5933.0,396.5792845556508
5934.0,387.79998309463707
5935.0,398.07358823585474
5936.0,400.18950271271285
5937.0,398.6994994766819
5938.0,398.63812249990764
5939.0,400.43899739740704
5940.0,401.55862698859164
5941.0,400.8936533871338
5942.0,396.43119473391613
5943.0,388.9935738309962
5944.0,390.6222932366241
5945.0,399.3209176498685
5946.0,396.2184091164003
5947.0,396.41283329237507
5948.0,390.1018919602626
5949.0,390.06214282212346
5950.0,393.96770193094767
5951.0,388.2084406497963
5952.0,387.4045676642806
5953.0,387.8569438432341
5954.0,395.68132240318107
5955.0,395.58422824296076
5956.0,391.79427002110975
5957.0,389.85370854653894
5958.0,394.0857533502043
5959.0,395.13971528760436
5960.0,387.7342596226506
5961.0,394.67229043448987
5962.0,397.7607799864391
5963.0,398.7308288656729
5964.0,398.31667867416456
5965.0,398.28768277221525
5966.0,398.7697888053976
5967.0,399.4289743074379
5968.0,397.24611870797924
5969.0,397.73952489475414
5970.0,397.597378620593
5971.0,403.639799085306
5972.0,404.34968714290494
5973.0,403.92831137857405
5974.0,401.41146159832607
5975.0,396.89014482748064
5976.0,391.44778155378816
5977.0,385.1944532622308
5978.0,384.6969361461111
5979.0,382.2600763643515
5980.0,391.3456280509855
5981.0,398.5696061549093
5982.0,400.4987478666171
5983.0,400.1156716998633
5984.0,396.8361473742384
5985.0,393.2423272461591
5986.0,389.69512814965015
5987.0,384.9473354222375
5988.0,386.76613958905983
5989.0,389.01849932904827
5990.0,390.44611764323935
5991.0,389.6340303165631
5992.0,391.6557309451058
5993.0,392.5169755976745
5994.0,391.4873299448906
5995.0,392.59423769750924
5996.0,391.17180481049127
5997.0,389.55430646201916
5998.0,389.6806569727716
5999.0,390.1176276429555
6000.0,390.769046676002
6001.0,392.0221399498487
6002.0,394.10034178871615
6003.0,393.5145311774484
6004.0,392.3774600091407
6005.0,391.2763596924784
6006.0,389.39962343491595
6007.0,387.0281138460244
6008.0,384.68533491456344
6009.0,382.52116789656355
6010.0,383.5491945356337
6011.0,384.64023424780885
6012.0,384.62210588483464
6013.0,387.0630177298728
6014.0,390.17232456340594
6015.0,388.6705833790236
6016.0,382.5491008635466
6017.0,380.23287935334304
6018.0,383.61420507890574
6019.0,382.3144697352613
6020.0,377.25319668122836
6021.0,377.4872190910485
6022.0,380.11322536578973
6023.0,376.5021008902315
6024.0,374.36045804502794
6025.0,378.6138788570898
6026.0,380.6208496086545
6027.0,380.88227497680276
6028.0,382.288232852197
6029.0,381.9970096003261
6030.0,379.7029513949024
6031.0,381.14991525641005
6032.0,384.40585723352586
6033.0,385.17112339800843
6034.0,387.74710479307055
6035.0,392.412585803073
6036.0,393.04597019072713
6037.0,392.6684745955825
6038.0,392.5906732051457
6039.0,392.70276531527566
6040.0,392.84001830801986
6041.0,392.93536490850283
6042.0,393.12158322510834
6043.0,392.53571751131454
6044.0,392.176114853835
6045.0,392.26566194987225
6046.0,392.4461170731274
6047.0,392.57188562729186
6048.0,392.96051549068443
6049.0,393.7912685312597
6050.0,394.1473773214732
6051.0,394.43279158503134
6052.0,394.35423605550585
6053.0,393.6037319235526
6054.0,393.0382031971384
6055.0,390.0224079206959
6056.0,387.21512296521973
6057.0,387.0774620290507
6058.0,387.4969747605745
6059.0,388.0220124130328
6060.0,389.6522951722449
6061.0,393.0455286135147
6062.0,393.3826514394807
6063.0,392.9665087031582
6064.0,390.2737817053789
6065.0,384.0475386390197
6066.0,381.5999492116768
6067.0,382.0144534720869
6068.0,383.04168473257164
6069.0,384.1216027826779
6070.0,390.2692605595027
6071.0,395.4370731512042
6072.0,395.83357399168494
6073.0,396.0388300753177
6074.0,395.94857945324185
6075.0,395.6833243692035
6076.0,395.3038063797272
6077.0,393.1208777076647
6078.0,387.45434860623834
6079.0,383.9453546648325
6080.0,383.22436490736345
6081.0,382.3533331361199
6082.0,380.2161011858751
6083.0,381.5633250839163
6084.0,383.31435731701487
6085.0,381.2842120489379
6086.0,379.9335866264537
6087.0,380.4155544023156
6088.0,381.5009725258194
6089.0,381.51268883802334
6090.0,381.86173185126984
6091.0,382.0114279894013
6092.0,381.3127492429163
6093.0,380.049757168973
6094.0,380.9190506884264
6095.0,383.1742768726575
6096.0,383.3693939966446
6097.0,383.73410677114686
6098.0,385.5512380162845
6099.0,387.3950453334221
6100.0,387.55061427769897
6101.0,384.580245237352
6102.0,376.11120718901685
6103.0,371.4815078280428
6104.0,371.2636261815373
6105.0,370.22028359252676
6106.0,368.2482103754789
6107.0,370.98860473539725
6108.0,377.60046033853763
6109.0,379.9646172118897
6110.0,380.18179638535315
6111.0,381.0073411003872
6112.0,384.08075432970946
6113.0,387.57392098967836
6114.0,388.90455639726645
6115.0,387.2179598266153
6116.0,385.3058416396759
6117.0,386.0446156256674
6118.0,387.77716382215834
6119.0,387.3261981850334
6120.0,386.80368194426586
6121.0,384.3227575282676
6122.0,379.77867923614895
6123.0,378.79185068249717
6124.0,377.53309326332317
6125.0,376.1437173055118
6126.0,377.5993525180527
6127.0,380.9307710654809
6128.0,380.52311506587654
6129.0,379.5717939089823
6130.0,381.371203107978
6131.0,380.21095252151804
6132.0,381.510304716126
6133.0,386.7782498406874
6134.0,390.8140497196527
6135.0,390.49124770527084
6136.0,379.6864828248191
6137.0,368.2523545072561
6138.0,364.21581909127656
6139.0,365.077845298753
6140.0,362.70290203112677
6141.0,361.5104856701688
6142.0,371.662662126701
6143.0,380.18002463461147
6144.0,378.1079728485694
6145.0,374.42548920605867
6146.0,377.5238873379361
6147.0,381.5493829813354
6148.0,380.3815734346559
6149.0,380.0604661732167
6150.0,382.88375050381904
6151.0,382.81330640652385
6152.0,384.56112770094
6153.0,388.2959073071556
6154.0,386.21512311117357
6155.0,382.4214995408973
6156.0,383.31710263401845
6157.0,383.51561736856064
6158.0,381.02001314587665
6159.0,381.6260956286099
6160.0,382.02129517245754
6161.0,372.13498363853074
6162.0,362.95830105327815
6163.0,358.58980702763967
6164.0,356.33063849822173
6165.0,355.6715852632447
6166.0,359.39823780476866
6167.0,369.72333060409784
6168.0,372.864568359392
6169.0,366.1525501870061
6170.0,361.6201027497976
6171.0,364.35542493636547
6172.0,363.61900941884693
6173.0,360.86868116107775
6174.0,367.2090033314657
6175.0,374.82824425934825
6176.0,375.09973821442793
6177.0,373.0954324598829
6178.0,375.94015192796667
6179.0,376.1073068482362
6180.0,375.66719887576454
6181.0,378.89172027415924
6182.0,381.90187869652374
6183.0,383.34113428200396
6184.0,384.60406043367726
6185.0,387.3551802376631
6186.0,387.97322980263374
6187.0,385.18928991325635
6188.0,383.5232707948
6189.0,383.54444779037465
6190.0,377.5595294961668
6191.0,368.9632517933377
6192.0,368.5937546615943
6193.0,370.717547692525
6194.0,370.49259089915756
6195.0,370.4824936450875
6196.0,378.26490452535256
6197.0,385.75959003342433
6198.0,385.5788913488376
6199.0,382.50834621970046
6200.0,379.5960344092886
6201.0,379.3019056350424
6202.0,379.02380037253675
6203.0,378.76553814534674
6204.0,380.1351009774033
6205.0,384.5366064519894
6206.0,387.50047781463377
6207.0,388.11526696026704
6208.0,388.15643647284736
6209.0,388.36049678633464
6210.0,389.93069633656853
6211.0,390.8740086624214
6212.0,388.5152803638257
6213.0,384.49343046085704
6214.0,381.4194202448155
6215.0,378.4096402661146
6216.0,377.6364115692272
6217.0,377.9791466579573
6218.0,378.9971339823001
6219.0,378.28647752584135
6220.0,376.34664240635806
6221.0,375.1208443952138
6222.0,374.23844452994115
6223.0,373.94109385920416
6224.0,376.9240807292959
6225.0,381.57816954882094
6226.0,384.74335915312577
6227.0,386.8633708909033
6228.0,385.4566602023585
6229.0,381.53747488473215
6230.0,373.6321170974684
6231.0,368.7607727545436
6232.0,366.5924435417401
6233.0,365.09243141317097
6234.0,366.9515913119436
6235.0,373.04597821185286
6236.0,377.1418120780387
6237.0,376.8634224907773
6238.0,377.7606899593442
6239.0,374.50037707410854
6240.0,370.63412170502266
6241.0,370.4020193706688
6242.0,371.95840372397214
6243.0,369.6305367104012
6244.0,365.343597821556
6245.0,363.9593912335499
6246.0,361.09313118179415
6247.0,357.9712874586212
6248.0,360.0705955300036
6249.0,367.7001024768041
6250.0,373.65645373120725
6251.0,376.241964350534
6252.0,375.91029055247844
6253.0,369.0741621190975
6254.0,362.40336760578293
6255.0,359.2022750654174
6256.0,354.2732743213311
6257.0,354.2029885329163
6258.0,356.9122210287584
6259.0,362.282721311716
6260.0,365.4551611487523
6261.0,367.3359229801348
6262.0,371.1294019613821
6263.0,373.1334158002093
6264.0,372.0546865861443
6265.0,369.17387304107564
6266.0,370.13919652986334
6267.0,369.9522815706088
6268.0,369.0868306127073
6269.0,367.69027794190043
6270.0,369.2693799480196
6271.0,371.3563093896221
6272.0,370.93601048061544
6273.0,371.87076172277307
6274.0,371.921430379136
6275.0,375.71691542248556
6276.0,378.4944863791569
6277.0,378.9720772541579
6278.0,378.4471793070741
6279.0,342.66470371236517
6280.0,349.85087076516544
6281.0,350.2655753096013
6282.0,350.70795088944175
6283.0,360.56041826901117
6284.0,356.5037154453237
6285.0,371.3149570155719
6286.0,370.08710536504043
6287.0,377.321007237005
6288.0,377.2723192590952
6289.0,374.8675009524142
6290.0,374.9136039311828
6291.0,368.87190586834254
6292.0,367.647750194249
6293.0,375.24014764485946
6294.0,366.3823257780252
6295.0,366.5034539342376
6296.0,376.6264842843399
6297.0,365.9592942364075
6298.0,362.71820751638774
6299.0,371.86403018922846
6300.0,360.3208119364459
6301.0,352.4785719300512
6302.0,359.32362458495595
6303.0,361.2580514784414
6304.0,351.8961203200461
6305.0,358.156782675863
6306.0,366.7041155205957
6307.0,373.1368438322589
6308.0,368.0994333491034
6309.0,379.875485834546
6310.0,379.514705978634
6311.0,379.27528785615914
6312.0,370.73196259291154
6313.0,378.73849919294145
6314.0,371.9367647068118
6315.0,365.4031418455579
6316.0,361.9677665964962
6317.0,357.94569483664304
6318.0,350.950977281951
6319.0,348.7053573091292
6320.0,357.0229500467781
6321.0,356.42670420851823
6322.0,356.7364560173992
6323.0,361.7553068026635
6324.0,369.2112338230912
6325.0,371.30617758891447
6326.0,368.4386640156529
6327.0,372.1115764921121
6328.0,376.0326418884568
6329.0,376.8310319376092
6330.0,375.6932426103116
6331.0,372.9162024294786
6332.0,374.5295533971745
6333.0,376.46506809401296
6334.0,372.82272509090967
6335.0,368.62111878991976
6336.0,365.6147776746156
6337.0,364.7329227604361
6338.0,362.3881095641452
6339.0,359.11404170614276
6340.0,362.50135084864445
6341.0,367.7463687026523
6342.0,369.3914958182085
6343.0,367.0626669488765
6344.0,365.46561653982815
6345.0,366.9638260454486
6346.0,364.863961359302
6347.0,363.9393471173955
6348.0,366.54639768630307
6349.0,370.04679656829455
6350.0,374.3399506836186
6351.0,375.602409137854
6352.0,376.6166339391496
6353.0,375.6005701515601
6354.0,372.06296838636496
6355.0,370.2294146336067
6356.0,371.1179628703385
6357.0,369.40024853451047
6358.0,365.4432980883868
6359.0,364.4244207901285
6360.0,366.1998610573098
6361.0,365.22595992771545
6362.0,361.2245124357383
6363.0,359.8645054568763
6364.0,362.5473488283658
6365.0,363.09952862517594
6366.0,364.00235762148117
6367.0,366.07817439352516
6368.0,366.8836572409779
6369.0,367.87658644509054
6370.0,368.4960506944709
6371.0,368.73072827641306
6372.0,369.24214676734385
6373.0,369.8438997414944
6374.0,372.4200039789857
6375.0,373.5137888202842
6376.0,375.2437154454165
6377.0,376.105484577276
6378.0,375.6980548640257
6379.0,374.87083865317226
6380.0,373.3535880608733
6381.0,372.8781542845594
6382.0,373.6723761021544
6383.0,374.0594016493742
6384.0,372.1912564328749
6385.0,371.43690645440074
6386.0,373.61541228119285
6387.0,374.3833438942283
6388.0,374.2081196442851
6389.0,374.59321122225856
6390.0,377.3965879908648
6391.0,378.6763795533899
6392.0,374.58860161662824
6393.0,367.7456075576548
6394.0,364.51398433514197
6395.0,364.7609772293971
6396.0,364.19454781414294
6397.0,365.0118694174891
6398.0,369.800908846963
6399.0,366.06077574390736
6400.0,360.1039203152184
6401.0,361.4018617273646
6402.0,361.64034598427025
6403.0,361.2366168483984
6404.0,363.225815027119
6405.0,372.5128919759837
6406.0,378.666989859482
6407.0,372.9549761567304
6408.0,368.9631950866977
6409.0,368.9853818120733
6410.0,365.6824213945314
6411.0,359.00894577687825
6412.0,357.01772568327397
6413.0,362.0998617815545
6414.0,363.2678943480508
6415.0,360.3594003013625
6416.0,361.24535786508466
6417.0,365.023340290445
6418.0,366.68909601374475
6419.0,362.75418430673915
6420.0,356.7391623915693
6421.0,354.4950994364223
6422.0,357.127853585505
6423.0,359.5523487719593
6424.0,360.7984359638139
6425.0,364.272800930593
6426.0,371.6138685294548
6427.0,376.46313680567033
6428.0,377.2338325636594
6429.0,375.0606797008637
6430.0,369.75438879503844
6431.0,366.19275502947903
6432.0,365.14069789125585
6433.0,363.8508752773361
6434.0,363.1457465976851
6435.0,365.072694819001
6436.0,369.99028137731506
6437.0,372.0528032630526
6438.0,365.1033134452339
6439.0,359.5362124460962
6440.0,360.07784531915297
6441.0,359.8411168672561
6442.0,359.16768157258446
6443.0,360.17248936002426
6444.0,368.14910185685505
6445.0,374.63914389165785
6446.0,374.80628167416194
6447.0,374.9512221619571
6448.0,374.6081198834999
6449.0,369.3221612705048
6450.0,364.0808359458064
6451.0,364.3529694072708
6452.0,364.48098706039747
6453.0,363.5304894129143
6454.0,363.25034794579835
6455.0,364.45146377687956
6456.0,363.86450382553227
6457.0,363.3803069498998
6458.0,363.7160926879776
6459.0,363.3928271385789
6460.0,366.2371003916231
6461.0,365.54375882338445
6462.0,360.702066893778
6463.0,354.76690347054483
6464.0,352.1382217899507
6465.0,349.51506759462154
6466.0,347.88291332572715
6467.0,356.71631519020866
6468.0,362.0462233756029
6469.0,363.5220852150583
6470.0,363.07588540909455
6471.0,359.9819921058896
6472.0,359.0380656508267
6473.0,361.0795395046106
6474.0,359.6070558047679
6475.0,358.14575850147634
6476.0,361.190246529395
6477.0,357.62705388497295
6478.0,358.7907356233974
6479.0,362.4234995681885
6480.0,366.9486819686543
6481.0,363.35594636343694
6482.0,356.8841535784247
6483.0,358.4435574174202
6484.0,358.7468007775358
6485.0,353.22341874875576
6486.0,355.85152586149184
6487.0,364.0488288435039
6488.0,369.50443091856874
6489.0,368.4303628521512
6490.0,370.55133919135073
6491.0,368.7077827100561
6492.0,367.5404250579184
6493.0,355.6673028418892
6494.0,348.8275118435597
6495.0,332.1504855944113
6496.0,328.93970637591264
6497.0,326.085614092102
6498.0,322.39062534335613
6499.0,329.01056620563156
6500.0,337.53508901843804
6501.0,346.9907520754531
6502.0,351.8676783564625
6503.0,350.8547668602933
6504.0,351.36784061763296
6505.0,353.92394355834773
6506.0,354.3616523701659
6507.0,355.4654016246768
6508.0,355.470213324247
6509.0,356.89326618398053
6510.0,356.63664421800837
6511.0,359.12367682551394
6512.0,359.4325441281734
6513.0,359.8481087972329
6514.0,358.528077023838
6515.0,360.64168171232717
6516.0,355.7183220219236
6517.0,352.85589826004286
6518.0,342.91788420390543
6519.0,348.4939214400994
6520.0,349.7692353698553
6521.0,347.95307928401434
6522.0,353.6721635801424
6523.0,356.2073522836892
6524.0,357.82087119796427
6525.0,357.5440517799011
6526.0,354.5104107937762
6527.0,357.3566462129371
6528.0,356.76560018458144
6529.0,356.40979755231564
6530.0,356.29899237697583
6531.0,356.98696098340844
6532.0,356.1726259420308
6533.0,354.81037902577566
6534.0,348.82169218413185
6535.0,352.573862334529
6536.0,349.5039574746379
6537.0,351.01118840682454
6538.0,350.5504599015536
6539.0,351.0949206618278
6540.0,352.312945139617
6541.0,351.2896636047811
6542.0,350.7649442723198
6543.0,352.16343873851145
6544.0,351.4980103963203
6545.0,349.67034733154765
6546.0,339.1718058463883
6547.0,342.29770684691437
6548.0,340.6524070368847
6549.0,339.3164443988119
6550.0,336.1205598675838
6551.0,342.4455934486696
6552.0,347.05992887550434
6553.0,347.7175295027302
6554.0,341.68445417561696
6555.0,342.5389065512104
6556.0,339.49445722062876
6557.0,338.4004770177668
6558.0,335.2149992382249
6559.0,327.4119912198103
6560.0,321.37682504423276
6561.0,308.82917236620176
6562.0,282.36031312184275
6563.0,257.4934029544256
6564.0,248.11025940494835
6565.0,246.47648941199506
6566.0,249.58792733813314
6567.0,270.9876049222988
6568.0,294.5015189664493
6569.0,309.0997887573791
6570.0,313.63241631708803
6571.0,315.9622722900565
6572.0,319.24775129786514
6573.0,321.4658098592333
6574.0,320.6490885346738
6575.0,326.0953293071731
6576.0,328.0417967983101
6577.0,325.8396879728223
6578.0,333.13759284367916
6579.0,337.6756645080821
6580.0,341.7061943565437
6581.0,343.7473856496862
6582.0,345.15994616542525
6583.0,344.8480585870606
6584.0,346.4246496934106
6585.0,345.4580003153076
6586.0,346.50613335152707
6587.0,346.67001663330643
6588.0,345.6250947911749
6589.0,348.3373822685202
6590.0,349.3017896173934
6591.0,349.7757080151542
6592.0,345.32562261870476
6593.0,337.84920238008885
6594.0,333.9635368602945
6595.0,332.2831682439511
6596.0,331.0906026262976
6597.0,333.21649693232223
6598.0,337.61305641327294
6599.0,342.32375311087947
6600.0,344.37516577511366
6601.0,343.4483634261383
6602.0,346.19263564401103
6603.0,348.2869841103838
6604.0,348.3440339714503
6605.0,349.19675143983426
6606.0,349.1818445454317
6607.0,347.8413800967397
6608.0,345.5284828624439
6609.0,342.66207195690606
6610.0,341.9955175213062
6611.0,342.57526849108115
6612.0,342.83140134878573
6613.0,343.8822935037442
6614.0,346.6283415438288
6615.0,350.4845058493554
6616.0,350.8694659784037
6617.0,350.31223007863474
6618.0,350.30476493825347
6619.0,350.53961324928844
6620.0,350.2126182402979
6621.0,349.60312262102656
6622.0,349.1531924236027
6623.0,348.79126358074495
6624.0,348.0040090477211
6625.0,347.2314487490583
6626.0,346.9231604536374
6627.0,346.35453825660136
6628.0,345.7288333346132
6629.0,345.69656327626893
6630.0,344.59503455900705
6631.0,343.6757104056151
6632.0,342.11074995409274
6633.0,338.2857474454943
6634.0,334.5429676452324
6635.0,334.05732672229647
6636.0,334.8946365861635
6637.0,335.8203753075485
6638.0,339.1840218263404
6639.0,341.9842570692623
6640.0,343.41299297677386
6641.0,344.04278254069544
6642.0,342.7755327489223
6643.0,339.82943074481415
6644.0,338.5164353692791
6645.0,339.9767385683032
6646.0,339.4367704971199
6647.0,337.6772099611622
6648.0,339.3172925271282
6649.0,342.1888728462783
6650.0,342.90520392490504
6651.0,342.8499569843478
6652.0,343.74766057786275
6653.0,344.21638481903284
6654.0,343.67947812014387
6655.0,343.08054057248745
6656.0,342.7802049808988
6657.0,343.1199688217981
6658.0,343.8892644697583
6659.0,343.20279734080015
6660.0,342.11897309793113
6661.0,341.79267971922775
6662.0,338.56985297670496
6663.0,333.24776023814377
6664.0,329.99795241074844
6665.0,330.8649039540531
6666.0,330.53153265268105
6667.0,329.86777769957285
6668.0,333.91121053194803
6669.0,339.5984411987928
6670.0,341.63605656868634
6671.0,342.88302458207687
6672.0,344.34133895013383
6673.0,345.23639738638593
6674.0,345.20160076603867
6675.0,344.74473610123874
6676.0,343.6583106437359
6677.0,338.51585254422395
6678.0,333.61196699729413
6679.0,332.30537355418073
6680.0,332.52440144485143
6681.0,332.2968092591646
6682.0,334.25672816166013
6683.0,339.07546941737996
6684.0,342.8736401978023
6685.0,343.35987970051457
6686.0,343.4417381770119
6687.0,342.92741344872593
6688.0,342.57256162509793
6689.0,343.0816670498038
6690.0,343.4257256091155
6691.0,343.22536940883776
6692.0,343.4246159856052
6693.0,344.35607389585317
6694.0,344.7924912747768
6695.0,342.80559775139244
6696.0,340.5876129477979
6697.0,340.1725438838965
6698.0,339.25066963471767
6699.0,337.4336695335041
6700.0,337.43166908133907
6701.0,339.7266187089441
6702.0,341.4916996843995
6703.0,340.76010836694286
6704.0,340.19408217224776
6705.0,340.33541859147243
6706.0,339.95218636578875
6707.0,339.3800178810817
6708.0,340.103634853684
6709.0,341.88611307405796
6710.0,342.99880245917564
6711.0,343.0025570685656
6712.0,340.11816551625554
6713.0,337.24428265797627
6714.0,336.3939709113815
6715.0,336.189928232569
6716.0,334.832051839157
6717.0,333.715387298549
6718.0,335.27069710582106
6719.0,337.96136450990736
6720.0,338.5934211895848
6721.0,338.49681100032456
6722.0,340.45365295516734
6723.0,342.802378983014
6724.0,342.29939608280137
6725.0,339.65386085215766
6726.0,336.6598686608915
6727.0,335.5377040038948
6728.0,336.32260079241445
6729.0,336.61456162244974
6730.0,337.54790597653096
6731.0,339.6072884733074
6732.0,340.5871610138798
6733.0,340.51421766279077
6734.0,340.2945826550113
6735.0,340.03802573605736
6736.0,339.6741779855391
6737.0,339.4920991706361
6738.0,338.94691128639323
6739.0,338.13393453340996
6740.0,337.2032541067575
6741.0,336.9884315087622
6742.0,336.14643487895694
6743.0,335.4095005316913
6744.0,336.1120770183822
6745.0,336.654957339171
6746.0,336.2277528429279
6747.0,336.02931125155663
6748.0,336.0794158555133
6749.0,334.42612121246947
6750.0,332.16305776935684
6751.0,330.38241072309745
6752.0,329.2897585175847
6753.0,328.576796252086
6754.0,329.1986484751062
6755.0,331.7317931135773
6756.0,334.16289564090965
6757.0,335.4862812102089
6758.0,336.87000724128126
6759.0,337.3571557718187
6760.0,336.41427285802365
6761.0,335.52630079066756
6762.0,335.5448145666403
6763.0,335.6506556183727
6764.0,334.64305934233806
6765.0,333.4693169697517
6766.0,332.2581311157312
6767.0,330.37745674341494
6768.0,328.5105753442764
6769.0,328.1395685014751
6770.0,327.9200225373605
6771.0,326.77431421347757
6772.0,327.3929991398539
6773.0,329.1233766367846
6774.0,330.26823636297263
6775.0,330.56389971416917
6776.0,330.9862769253507
6777.0,332.163258198468
6778.0,332.7422056272969
6779.0,332.3858750896378
6780.0,332.37964806975896
6781.0,332.1475493651049
6782.0,330.53823275698943
6783.0,328.8519166451655
6784.0,327.5103759957024
6785.0,326.49547530889834
6786.0,324.6865824678192
6787.0,323.6973651681677
6788.0,324.8532417426141
6789.0,325.9194687929547
6790.0,325.6727356458908
6791.0,325.85179724208166
6792.0,325.3636406169317
6793.0,323.706985904906
6794.0,321.95554269119424
6795.0,320.7898219868808
6796.0,319.86014144370756
6797.0,319.28787495419874
6798.0,319.0231204583791
6799.0,319.04140494358825
6800.0,319.3516514819077
6801.0,320.46986540483914
6802.0,321.5131156158659
6803.0,321.6113612665884
6804.0,322.34474472095667
6805.0,323.1667529731983
6806.0,320.86682781506505
6807.0,319.1774482358301
6808.0,319.8625010986848
6809.0,319.4958860380742
6810.0,318.78694278712766
6811.0,320.55249440221473
6812.0,323.6144235312478
6813.0,324.97405910377125
6814.0,323.49880267539027
6815.0,323.3709376494892
6816.0,323.9519340660282
6817.0,323.10891645564976
6818.0,322.2730420687019
6819.0,322.044117725694
6820.0,321.81004775814006
6821.0,321.2952877090552
6822.0,320.6287871269681
6823.0,320.04859180795205
6824.0,319.72372267500214
6825.0,320.2022947450787
6826.0,321.0746959245974
6827.0,320.38619953765505
6828.0,318.35097481097415
6829.0,317.01016103426537
6830.0,317.3254102772027
6831.0,317.3591591769428
6832.0,317.0811253601194
6833.0,318.39371227919423
6834.0,320.6494289560124
6835.0,322.2035713083271
6836.0,322.0773108972403
6837.0,322.08755036746373
6838.0,322.7303165789501
6839.0,322.36492306591646
6840.0,319.11758865420876
6841.0,315.85800032723085
6842.0,313.1801750908234
6843.0,311.19888212831603
6844.0,309.96931088026946
6845.0,311.2339393704554
6846.0,314.401402743792
6847.0,318.2855536799485
6848.0,321.67990042434485
6849.0,324.4632306476971
6850.0,325.0484504573855
6851.0,323.73437007502196
6852.0,322.559838480851
6853.0,322.02135001927667
6854.0,319.02280696626184
6855.0,314.6069101761388
6856.0,313.2977549924338
6857.0,313.48313581301056
6858.0,312.98842940281514
6859.0,313.2952902572116
6860.0,315.7963066096451
6861.0,315.89717524047774
6862.0,315.3019922250857
6863.0,316.6536236299537
6864.0,317.2585346143877
6865.0,316.46932977599306
6866.0,317.61604521554193
6867.0,321.00689485352837
6868.0,323.1631979646482
6869.0,234.32390492255638
6870.0,177.89232121639134
6871.0,207.31773009009774
6872.0,213.46183145377006
6873.0,187.47662963288184
6874.0,241.97355960290685
6875.0,236.75672165268932
6876.0,225.26055431963343
6877.0,227.5093924939382
6878.0,274.00164247960356
6879.0,240.39362147192293
6880.0,275.09358422410384
6881.0,262.74723655218025
6882.0,279.66086347094347
6883.0,312.56660541137103
6884.0,312.20783274964566
6885.0,309.80372806171636
6886.0,261.61848965066804
6887.0,306.19370348305705
6888.0,252.01589073534902
6889.0,248.99558270116415
6890.0,308.7137645521889
6891.0,244.2372097977048
6892.0,239.9377712048926
6893.0,312.049737262901
6894.0,244.26498594249415
6895.0,233.78235126769667
6896.0,307.9617315078299
6897.0,308.1689814909741
6898.0,239.64852377919567
6899.0,237.211883631853
6900.0,308.08469167742527
6901.0,307.90861530147583
6902.0,245.4275336136179
6903.0,244.95645454658066
6904.0,309.61661045349405
6905.0,308.68748870380574
6906.0,252.64907558327428
6907.0,250.5325783213783
6908.0,306.83292045315494
6909.0,308.14902548196767
6910.0,273.5966633423264
6911.0,251.74190210787555
6912.0,306.94288316309337
6913.0,307.8879696731738
6914.0,306.2798416470825
6915.0,265.61035071873573
6916.0,263.75967668585236
6917.0,300.7513086480095
6918.0,300.7868489157594
6919.0,301.4603703704144
6920.0,273.9819723863679
6921.0,274.4199371204808
6922.0,305.96968980773386
6923.0,305.80729599570225
6924.0,302.2548518062136
6925.0,278.21981086265697
6926.0,278.5975554495855
6927.0,302.43738428132053
6928.0,302.54825299601276
6929.0,300.1622979588621
6930.0,304.4389968037984
6931.0,275.16885121529515
6932.0,294.9283781551959
6933.0,299.5932047524339
6934.0,297.6713317692582
6935.0,299.2638187913499
6936.0,287.46457343500305
6937.0,293.7342412642927
6938.0,302.60054278375685
6939.0,305.1495277483691
6940.0,294.82654631435736
6941.0,304.6031424282485
6942.0,285.3622192769
6943.0,297.1132636853814
6944.0,291.27622985643904
6945.0,301.55410655739684
6946.0,289.3280354109977
6947.0,300.306841372013
6948.0,299.25341648784087
6949.0,287.5583661133429
6950.0,294.9531394433345
6951.0,293.82489805314395
6952.0,303.98251309454236
6953.0,299.61971010158254
6954.0,304.0597978885096
6955.0,301.2832455366253
6956.0,298.93268224495597
6957.0,305.854011081272
6958.0,284.42466639587747
6959.0,302.88126962449223
6960.0,304.05222963390344
6961.0,296.16151744941953
6962.0,303.7835843449856
6963.0,291.173346258489
6964.0,304.6026745888743
6965.0,305.1217691163767
6966.0,302.2806224295202
6967.0,303.32680373492263
6968.0,305.58856945397184
6969.0,305.15514744202176
6970.0,304.7398465471766
6971.0,304.260112171418
6972.0,303.2305280272863
6973.0,300.409412441569
6974.0,302.4635008140081
6975.0,301.8558391883521
6976.0,301.0820782647787
6977.0,299.55423577690743
6978.0,297.12727601051307
6979.0,290.65983635738905
6980.0,292.50588017203455
6981.0,292.4760879380475
6982.0,293.479203822157
6983.0,293.1163076625267
6984.0,298.3426568973709
6985.0,301.7546981437762
6986.0,302.06731277673464
6987.0,300.38113372936056
6988.0,297.4052239864739
6989.0,294.7121180145659
6990.0,299.2105223745079
6991.0,288.5249804011762
6992.0,296.4902343726042
6993.0,299.89141134825945
6994.0,301.2114294176875
6995.0,295.9974036037611
6996.0,295.47656565192017
6997.0,302.1483980089637
6998.0,302.64971095951114
6999.0,300.0005123986112
7000.0,294.54462203899413
7001.0,284.19725133939266
7002.0,295.63806502722076
7003.0,293.54519944795584
7004.0,290.815089149955
7005.0,292.97836302693383
7006.0,291.11357717692874
7007.0,281.6180721202215
7008.0,291.5532812287615
7009.0,294.4294417818569
7010.0,295.3945241388063
7011.0,295.9058779175544
7012.0,293.89603508009725
7013.0,288.396884687925
7014.0,296.39404892135053
7015.0,292.9148457178256
7016.0,288.45548020945614
7017.0,284.88640342217826
7018.0,274.43955365122235
7019.0,288.1040535679045
7020.0,290.23298492428705
7021.0,289.97461843172965
7022.0,294.37104184641447
7023.0,292.6933347337163
7024.0,292.4460959827711
7025.0,283.5908720610683
7026.0,290.11123498800936
7027.0,289.3506881683549
7028.0,288.9316844549609
7029.0,279.9025112206452
7030.0,290.58441131204705
7031.0,294.62977808318226
7032.0,295.352262819063
7033.0,295.6796242298121
7034.0,295.78649897542994
7035.0,296.47777502388544
7036.0,297.1990649162564
7037.0,295.70592916733654
7038.0,292.77205603765805
7039.0,286.83066687352357
7040.0,291.12740215565015
7041.0,292.12310035102684
7042.0,285.7468052428087
7043.0,295.4614650656616
7044.0,295.63392405912657
7045.0,297.96607059022676
7046.0,297.10571355679343
7047.0,297.71761038276736
7048.0,297.9344802644625
7049.0,295.1811830216306
7050.0,298.05004943046276
7051.0,297.9843360323532
7052.0,296.2202580244981
7053.0,290.5936819500447
7054.0,292.85421350141377
7055.0,288.87150150868524
7056.0,292.2615724119637
7057.0,291.45736185172507
7058.0,292.4037680058489
7059.0,288.81418341144877
7060.0,290.51638665824845
7061.0,291.66975017293584
7062.0,291.6175364551596
7063.0,292.0395589768599
7064.0,293.394518151753
7065.0,292.8108806402931
7066.0,295.3492254392463
7067.0,292.27640955396464
7068.0,287.0591275208201
7069.0,287.9128029425992
7070.0,287.41558562042354
7071.0,286.7323828194653
7072.0,286.4211323987246
7073.0,289.8078857599451
7074.0,292.6253844818488
7075.0,295.7319921779374
7076.0,296.90665272619793
7077.0,296.67743058378045
7078.0,297.82094179277374
7079.0,297.89063891683645
7080.0,294.09652254293934
7081.0,294.58144453790595
7082.0,294.6142171091892
7083.0,292.50401113974806
7084.0,289.5516067322587
7085.0,286.38155892800046
7086.0,285.0190933390459
7087.0,283.90120983579044
7088.0,283.65572728407807
7089.0,284.9297316421391
7090.0,281.62821259446116
7091.0,284.4463035007152
7092.0,284.2256613775077
7093.0,283.3537007997814
7094.0,284.5062912291435
7095.0,285.1433872047164
7096.0,286.0485962243998
7097.0,286.74673760104196
7098.0,286.65156379200045
7099.0,287.17459603360874
7100.0,287.5951963098816
7101.0,287.6081926881145
7102.0,288.6016272770203
7103.0,288.9638736499572
7104.0,288.71539293789994
7105.0,289.6886756161258
7106.0,289.07223785106294
7107.0,288.5995542841729
7108.0,286.09790011116775
7109.0,287.8232166262145
7110.0,286.8414808291524
7111.0,284.41198672917335
7112.0,283.98070779325633
7113.0,283.0454524362345
7114.0,281.7692550091282
7115.0,282.08110207240304
7116.0,281.8837111068749
7117.0,283.1300684634436
7118.0,283.82725942328204
7119.0,285.2117297487099
7120.0,283.44829357499026
7121.0,283.65911857894844
7122.0,281.6509500707945
7123.0,281.76230993233185
7124.0,281.09791544555156
7125.0,280.8345343418578
7126.0,281.5721939993463
7127.0,283.5559377529836
7128.0,285.254611222624
7129.0,284.41838496843076
7130.0,280.279525689112
7131.0,278.9944757243107
7132.0,277.78295941129414
7133.0,276.7848073475606
7134.0,276.97180914536244
7135.0,279.16086179737783
7136.0,280.56116439433185
7137.0,283.7748442414534
7138.0,284.8065929313424
7139.0,283.10385022078844
7140.0,283.6735621608628
7141.0,284.35996411094453
7142.0,282.8513695952049
7143.0,283.19122560397426
7144.0,283.2601051343325
7145.0,281.64597918917013
7146.0,282.7043293743724
7147.0,278.47867358375413
7148.0,274.0827420889703
7149.0,271.73962039778905
7150.0,268.5066486814138
7151.0,270.68246116264146
7152.0,270.09325968312646
7153.0,271.7473680372696
7154.0,279.69359105292006
7155.0,278.69609191248884
7156.0,278.4636495041508
7157.0,279.1531231049678
7158.0,277.3210803094363
7159.0,278.65250457741314
7160.0,278.7499038243318
7161.0,275.6772804048672
7162.0,281.5368392754673
7163.0,280.0026199884843
7164.0,272.63759291767224
7165.0,270.435503233372
7166.0,264.0910854733756
7167.0,269.9059832773719
7168.0,268.10724447151216
7169.0,265.2129090341308
7170.0,259.29030789901674
7171.0,281.6515356401462
7172.0,270.54252529186317
7173.0,273.4959805228211
7174.0,282.2392549787258
7175.0,244.215953013373
7176.0,259.7221156956609
7177.0,281.12733213410417
7178.0,264.8667571888565
7179.0,238.7108892982947
7180.0,254.44141933536702
7181.0,269.859106283068
7182.0,272.8315087722225
7183.0,258.5781804254763
7184.0,240.76520811367436
7185.0,273.7386799284236
7186.0,239.4908561597694
7187.0,235.5236934797242
7188.0,221.10373523660638
7189.0,211.36122755629356
7190.0,260.708644044585
7191.0,264.69945006016474
7192.0,268.8541993095621
7193.0,234.7455447331879
7194.0,231.41292274021183
7195.0,258.41380013422736
7196.0,232.9035640140561
7197.0,255.70903334399947
7198.0,266.0436988555523
7199.0,262.29720678056344
7200.0,250.2804188485388
7201.0,274.94351245955295
7202.0,254.41571116802947
7203.0,211.1445343663164
7204.0,275.56218373427384
7205.0,278.2522394972106
7206.0,226.85968425398852
7207.0,269.4528210932914
7208.0,227.6790743378831
7209.0,258.51797575155683
7210.0,266.11514207609747
7211.0,258.68223954600074
7212.0,260.8967934970191
7213.0,268.88757898179614
7214.0,274.8036625461017
7215.0,276.67794576739675
7216.0,275.5078974555011
7217.0,274.421823958489
7218.0,269.830842841095
7219.0,266.197315543885
7220.0,271.2031634069416
7221.0,273.705370516833
7222.0,273.27358874152316
7223.0,270.1368359075959
7224.0,268.6290339389422
7225.0,264.0834774932716
7226.0,249.36735542233058
7227.0,270.3679060833095
7228.0,273.0705789411435
7229.0,265.7645721312631
7230.0,264.6608069051193
7231.0,278.0501506718752
7232.0,278.32936825864147
7233.0,275.7365013970511
7234.0,264.20544889165353
7235.0,232.17950713237786
7236.0,261.2827938277297
7237.0,222.0084796982297
7238.0,248.70341439740724
7239.0,272.4307198739088
7240.0,270.3274992117752
7241.0,271.84564824783763
7242.0,258.31538470531603
7243.0,213.56632039832706
7244.0,272.17243342753653
7245.0,258.0835428663859
7246.0,228.65621524120624
7247.0,268.2649659739181
7248.0,251.20054282657847
7249.0,256.43132954257504
7250.0,271.3447726991422
7251.0,262.0463035467698
7252.0,259.2274072685259
7253.0,267.6032480517112
7254.0,232.88247259535953
7255.0,233.62627583184437
7256.0,244.8389058017968
7257.0,273.46888265008556
7258.0,273.9566838523286
7259.0,261.26917142171703
7260.0,256.6331026731862
7261.0,266.5582991104404
7262.0,263.84522811489654
7263.0,255.52273978338175
7264.0,258.75751769127686
7265.0,258.60316433395286
7266.0,261.35543918074995
7267.0,245.8104055918981
7268.0,233.15863498261749
7269.0,275.6490764811959
7270.0,273.86394553020506
7271.0,273.9760697042231
7272.0,257.9344928410258
7273.0,273.3132189029626
7274.0,272.4781779203878
7275.0,224.30660299131102
7276.0,269.1095627097468
7277.0,249.7958956367619
7278.0,253.2638232317026
7279.0,218.36150239373538
7280.0,252.61256648541715
7281.0,266.811094229504
7282.0,265.59790943468647
7283.0,262.74278200819765
7284.0,257.6780452114989
7285.0,262.3682866184235
7286.0,264.622015034499
7287.0,264.7901111518276
7288.0,262.35538433180324
7289.0,238.15641516231196
7290.0,241.85867685521026
7291.0,259.30039082016134
7292.0,220.31916304421898
7293.0,238.71417102867431
7294.0,249.05333197578392
7295.0,251.30442101376266
7296.0,261.6693672284453
7297.0,254.06893940324483
7298.0,263.7366964455202
7299.0,270.3328275975559
7300.0,268.24144078145576
7301.0,269.717265068904
7302.0,251.47562882957902
7303.0,266.0573823710233
7304.0,262.15887980711386
7305.0,243.24373995015623
7306.0,238.0374434220916
7307.0,265.3605490436874
7308.0,262.939526703237
7309.0,264.92516623990167
7310.0,262.871169667985
7311.0,245.79518684853673
7312.0,241.2974492180203
7313.0,257.1454830286505
7314.0,265.3930276479389
7315.0,253.7315880291734
7316.0,269.6794868889525
7317.0,266.3379251808379
7318.0,263.6902047620823
7319.0,255.47993639297133
7320.0,256.82412071141437
7321.0,248.4985683381012
7322.0,266.50018005311745
7323.0,262.6758238789827
7324.0,266.894640063283
7325.0,265.6519775708379
7326.0,258.21899368735313
7327.0,262.32996319380123
7328.0,264.04452546992627
7329.0,253.21914195123466
7330.0,261.1445574119538
7331.0,264.63078278694735
7332.0,267.1802211243997
7333.0,260.05477683319987
7334.0,266.7106332426998
7335.0,260.47421497229175
7336.0,258.34190804953886
7337.0,262.4244933452332
7338.0,268.6928719619297
7339.0,269.7507840420302
7340.0,270.5384124001872
7341.0,269.8155378000321
7342.0,269.07027963411235
7343.0,268.0802149171921
7344.0,268.4865379906411
7345.0,268.68509603602945
7346.0,261.85155426664903
7347.0,263.08662005626763
7348.0,267.28769558125776
7349.0,266.6919386912056
7350.0,263.6055005027265
7351.0,260.2752088387598
7352.0,258.7870649986893
7353.0,265.03718659646023
7354.0,263.7122228088686
7355.0,259.3681843492642
7356.0,259.2860604497341
7357.0,259.7228772192681
7358.0,259.60635772483494
7359.0,258.50564862658155
7360.0,264.1021748703918
7361.0,263.2227150428363
7362.0,260.1261284921645
7363.0,260.76016392281576
7364.0,260.43637761650524
7365.0,261.69862685989176
7366.0,256.7843491217434
7367.0,262.2237229812873
7368.0,262.71664313279234
7369.0,266.72218228379603
7370.0,265.49474616663076
7371.0,258.4107399276545
7372.0,265.23147644576795
7373.0,264.334675415908
7374.0,263.4081605749474
7375.0,264.46756108526176
7376.0,262.9927196919699
7377.0,263.8815444390162
7378.0,262.3065658296861
7379.0,262.67195996767913
7380.0,259.552480372405
7381.0,263.02456291329213
7382.0,262.4504409805581
7383.0,261.54823570116656
7384.0,259.0050517714388
7385.0,257.9336153936866
7386.0,252.1877383231549
7387.0,254.92178816745655
7388.0,253.0081412351155
7389.0,250.51982044331106
7390.0,249.79541661387842
7391.0,251.49468724652056
7392.0,252.0877026545723
7393.0,252.25704710583324
7394.0,255.90739279306217
7395.0,259.119642937526
7396.0,260.70403445528353
7397.0,260.31008196053943
7398.0,257.96595019389895
7399.0,259.1196691017504
7400.0,260.58344686613094
7401.0,258.53452269996905
7402.0,258.380624736562
7403.0,258.55084650914563
7404.0,259.09588669889746
7405.0,259.3085810014086
7406.0,260.32619606506984
7407.0,262.587204777153
7408.0,260.57445403661416
7409.0,257.2963092148472
7410.0,253.4170678938368
7411.0,253.38533976473937
7412.0,252.71889915126374
7413.0,251.49795981001841
7414.0,253.70611785489572
7415.0,253.86673496864842
7416.0,254.58169427505882
7417.0,253.89599907468627
7418.0,253.0413615474564
7419.0,252.31640886922006
7420.0,254.25525791237402
7421.0,255.4664445645933
7422.0,253.7597783936669
7423.0,250.4327940638691
7424.0,250.61162515251988
7425.0,251.2745567853762
7426.0,252.27843410610626
7427.0,253.58922675911873
7428.0,257.7666753161758
7429.0,261.9870884998679
7430.0,262.8264369172224
7431.0,262.07705676552996
7432.0,261.0677554357288
7433.0,260.32586734186236
7434.0,259.7481534915224
7435.0,259.7519321854554
7436.0,260.78630371901284
7437.0,261.82981847085745
7438.0,262.58402436765516
7439.0,262.57729192721916
7440.0,261.5210685650538
7441.0,260.0882704961961
7442.0,258.3893894961616
7443.0,257.13133898691297
7444.0,255.69603230874674
7445.0,253.44927568556756
7446.0,251.27519608806858
7447.0,252.12739247762244
7448.0,252.61365513710086
7449.0,252.7342985094682
7450.0,254.1211516764224
7451.0,256.13161277698856
7452.0,258.32645534635753
7453.0,258.4565271311691
7454.0,258.7930697972973
7455.0,259.7384009740718
7456.0,260.37196205055113
7457.0,260.4893790396639
7458.0,261.03811889011615
7459.0,261.73147819407103
7460.0,261.41892251134476
7461.0,258.7006821348057
7462.0,255.89290886882114
7463.0,254.15177433229601
7464.0,254.25528591698625
7465.0,254.1887919816149
7466.0,254.95801230403717
7467.0,257.23524155742297
7468.0,259.64164228150895
7469.0,260.69361443207833
7470.0,260.6024659485793
7471.0,260.19929197803924
7472.0,259.04362132731154
7473.0,258.00621726111194
7474.0,257.1881845243544
7475.0,256.538105008536
7476.0,255.890251024579
7477.0,255.47625118940692
7478.0,256.1769626953455
7479.0,256.9321510546312
7480.0,257.65721012591536
7481.0,257.9931568767332
7482.0,257.88735067437403
7483.0,257.17469593928735
7484.0,256.5468448584583
7485.0,256.2301076762106
7486.0,256.5453156362919
7487.0,256.983990384497
7488.0,257.84596338592945
7489.0,258.41988907854585
7490.0,258.17474619548886
7491.0,256.9067296632532
7492.0,255.5574473450756
7493.0,254.1318847205176
7494.0,250.92508469951332
7495.0,247.7349540861092
7496.0,247.0533165022153
7497.0,248.2148532546469
7498.0,248.56640303429822
7499.0,249.25875236598233
7500.0,251.8929944562856
7501.0,254.96972513211637
7502.0,256.1766038606764
7503.0,256.69104156894457
7504.0,256.91267812754194
7505.0,256.8282862925981
7506.0,256.4476447195823
7507.0,256.3492045931114
7508.0,256.3484916818028
7509.0,255.41988143458607
7510.0,251.8748143097905
7511.0,248.70788897761085
7512.0,246.69454108185994
7513.0,247.11023118783248
7514.0,246.2169801526754
7515.0,246.5924888285311
7516.0,249.2663544772303
7517.0,252.9756703567366
7518.0,254.50532582628546
7519.0,254.49280171882248
7520.0,254.74156225900424
7521.0,255.07161922410384
7522.0,253.6548759162087
7523.0,252.06002434824563
7524.0,249.96761479646943
7525.0,249.25711059212068
7526.0,248.25660538601355
7527.0,249.62601542828048
7528.0,251.69355814554106
7529.0,254.13277051500015
7530.0,254.43443834926606
7531.0,254.30752545840747
7532.0,253.86895677330466
7533.0,253.48362000327305
7534.0,252.8317197241696
7535.0,252.84902920925822
7536.0,253.63035433985436
7537.0,254.57799522406984
7538.0,255.0464534185256
7539.0,254.96749751792328
7540.0,254.8979634767657
7541.0,254.52042463511748
7542.0,254.10336599054304
7543.0,253.78401224786282
7544.0,253.59118276650213
7545.0,253.385928426217
7546.0,253.00388028540422
7547.0,252.38917398854758
7548.0,252.08579413313095
7549.0,252.37220016729665
7550.0,252.79991932361366
7551.0,252.96697951304074
7552.0,253.25499204519392
7553.0,253.65992289370877
7554.0,253.0825261730197
7555.0,251.8982084953096
7556.0,250.71045069202685
7557.0,250.79676413407535
7558.0,250.8704686940696
7559.0,249.86832202972653
7560.0,249.85913220704205
7561.0,250.39180228675997
7562.0,251.82160748171964
7563.0,251.825744563961
7564.0,251.90471815814095
7565.0,253.03343182154518
7566.0,254.5851879597997
7567.0,255.4845126783606
7568.0,253.82186771291612
7569.0,252.4583488319237
7570.0,251.71767866748738
7571.0,252.3282791959916
7572.0,251.94204918369962
7573.0,251.06061243028594
7574.0,251.24009025564655
7575.0,252.0934489962557
7576.0,252.6913822628072
7577.0,251.8724959398164
7578.0,251.22273808498062
7579.0,251.82256963896637
7580.0,252.88716641596014
7581.0,253.07626996856095
7582.0,252.16570482827117
7583.0,250.08413118695157
7584.0,248.20105415844836
7585.0,245.7214460913542
7586.0,244.42062457379413
7587.0,243.07145821511924
7588.0,243.7658005702325
7589.0,244.8735439734934
7590.0,247.20215454644747
7591.0,248.70754496433375
7592.0,249.8650183016733
7593.0,249.89666713547464
7594.0,248.75708634037787
7595.0,246.1937152384012
7596.0,145.83299334047055
7597.0,92.26096392712137
7598.0,84.7953141852944
7599.0,104.13175143310816
7600.0,122.06674789726696
7601.0,54.265154910534726
7602.0,62.61082486531262
7603.0,87.33512638934653
7604.0,21.911460414836267
7605.0,80.94736417021294
7606.0,32.22815650738677
7607.0,65.40996833280276
7608.0,50.883972881744405
7609.0,42.14263963038886
7610.0,51.33167445953218
7611.0,68.46221048294382
7612.0,67.56267509886135
7613.0,98.59498744878536
7614.0,61.9586617720675
7615.0,73.53502675615876
7616.0,179.2909177197937
7617.0,88.19354369010954
7618.0,114.11012433279285
7619.0,218.9600516616358
7620.0,230.55691671759087
7621.0,231.59029288594877
7622.0,218.36609976908966
7623.0,90.25325422889412
7624.0,210.87664625510388
7625.0,110.58289929324799
7626.0,107.62578147526342
7627.0,99.89421940741941
7628.0,211.35966208434093
7629.0,63.02445905507277
7630.0,65.52341599536322
7631.0,157.00228555975355
7632.0,204.35357225432685
7633.0,61.04640230582402
7634.0,56.7349603083432
7635.0,168.76245518715717
7636.0,210.09129771179562
7637.0,81.11635138678302
7638.0,71.31698674807795
7639.0,135.17011004443245
7640.0,217.29325160243104
7641.0,178.4411604205252
7642.0,71.7893441195381
7643.0,70.79311627234266
7644.0,217.64480444041848
7645.0,222.47466259628266
7646.0,95.61146831132527
7647.0,88.98556094706913
7648.0,164.47298317751896
7649.0,231.43409799076633
7650.0,231.6839666607826
7651.0,100.02179632262992
7652.0,94.09431961755612
7653.0,212.62797790063908
7654.0,234.3995548705762
7655.0,233.59926267911462
7656.0,120.66117536460882
7657.0,115.2650519760199
7658.0,210.37313917568855
7659.0,229.07694621836978
7660.0,229.98463926061046
7661.0,170.74376613234497
7662.0,151.19445882440556
7663.0,162.90813468883076
7664.0,226.8920987617115
7665.0,227.65243084243144
7666.0,227.1508937508905
7667.0,156.8923268310655
7668.0,155.4056452215415
7669.0,233.42089828995665
7670.0,240.99486516310617
7671.0,246.49976709366905
7672.0,243.66821991926648
7673.0,187.33990429480647
7674.0,187.3685664073553
7675.0,247.5380844602059
7676.0,248.656926557397
7677.0,248.00792319120353
7678.0,245.2804852488463
7679.0,203.97387428806894
7680.0,202.71551081706204
7681.0,243.36688247609953
7682.0,243.74486193032666
7683.0,243.30387679657966
7684.0,243.03696199649727
7685.0,215.8890999952366
7686.0,216.17932198942202
7687.0,245.59942401382594
7688.0,245.0545110791654
7689.0,244.51468414833937
7690.0,243.2406877513743
7691.0,225.67060944031496
7692.0,223.5514919842086
7693.0,241.57973919218546
7694.0,242.46396970855432
7695.0,242.83243822441148
7696.0,243.95891935590075
7697.0,245.28961629428284
7698.0,235.16434780787282
7699.0,232.7064952462661
7700.0,240.36560920132592
7701.0,241.5195045956482
7702.0,241.10270534249187
7703.0,241.63108866496577
7704.0,243.7837360411553
7705.0,242.4432432592908
7706.0,243.4142693559323
7707.0,247.72022174242392
7708.0,247.66339974205238
7709.0,245.9593503302815
7710.0,243.61076937327334
7711.0,241.50546309065075
7712.0,239.1391374145817
7713.0,238.14139032582744
7714.0,238.3033732200691
7715.0,238.381359592677
7716.0,240.70431626716254
7717.0,243.88841086151962
7718.0,244.1442004815865
7719.0,244.67914299879135
7720.0,244.922417062946
7721.0,246.45388654954647
7722.0,244.20622855806118
7723.0,242.6485846650779
7724.0,240.6644450229421
7725.0,241.3628861384485
7726.0,240.4052311620647
7727.0,239.2880332049361
7728.0,239.71003440723743
7729.0,242.22842711196176
7730.0,244.1350317080769
7731.0,243.97191915975864
7732.0,245.21879836372096
7733.0,246.68136199188018
7734.0,248.00515381010374
7735.0,248.12630295141523
7736.0,247.62941267984658
7737.0,247.4454753845275
7738.0,248.04358336085758
7739.0,248.2117254822115
7740.0,248.4357929477606
7741.0,247.1230767151522
7742.0,245.84061721858367
7743.0,245.0089404923939
7744.0,244.15377667754464
7745.0,242.13137632566878
7746.0,239.27944026205765
7747.0,235.90296409415294
7748.0,233.9083838790528
7749.0,232.08273737569678
7750.0,231.5112988095413
7751.0,232.5105460078615
7752.0,233.67938142214552
7753.0,237.51555356049676
7754.0,240.80932661548198
7755.0,244.11112263649838
7756.0,245.4393097521009
7757.0,246.0793871165946
7758.0,246.08468025993278
7759.0,245.4937868105983
7760.0,244.9491865114953
7761.0,244.72717903026603
7762.0,244.6291280487318
7763.0,244.3649490091989
7764.0,244.23494410182877
7765.0,244.48009988480987
7766.0,244.96564755674368
7767.0,245.27959090282738
7768.0,245.2078596759517
7769.0,244.95321429246056
7770.0,244.44100171503493
7771.0,242.99719832998701
7772.0,241.5470695233804
7773.0,239.521585814176
7774.0,237.84393075218156
7775.0,236.11992540824244
7776.0,235.516244812031
7777.0,236.10423926229225
7778.0,237.01555695552338
7779.0,237.99578774681433
7780.0,238.76964846004583
7781.0,239.44756773358992
7782.0,239.8581188192505
7783.0,240.18879117535252
7784.0,240.36767293368172
7785.0,240.63652849762488
7786.0,240.89513197278862
7787.0,240.9264899502747
7788.0,239.7385514302835
7789.0,238.8476842171622
7790.0,238.20294755921037
7791.0,238.71746181695775
7792.0,238.64734384525985
7793.0,238.83603549427409
7794.0,239.6646140934059
7795.0,240.6055677968154
7796.0,240.2036668712931
7797.0,238.8059178134042
7798.0,237.07038890340752
7799.0,236.04930755365302
7800.0,235.3703435017644
7801.0,234.6756006384722
7802.0,235.64568013018052
7803.0,236.67699153889947
7804.0,238.69217447420237
7805.0,239.5710504628025
7806.0,240.1303337544512
7807.0,239.63327758805002
7808.0,239.06177631905788
7809.0,238.3366504557359
7810.0,237.0759245585769
7811.0,235.42448204315664
7812.0,234.72195464322613
7813.0,235.68483238134624
7814.0,236.2956731223114
7815.0,236.92816131874625
7816.0,237.88748377843996
7817.0,239.15454030225774
7818.0,240.16819417403042
7819.0,240.08949259620562
7820.0,239.86112145125028
7821.0,239.42025037926788
7822.0,239.1674423274272
7823.0,239.03789495600086
7824.0,238.95297399861565
7825.0,238.4429570568203
7826.0,237.57475673819434
7827.0,237.07385749825195
7828.0,237.02588632023642
7829.0,237.5316914699324
7830.0,236.9300718062307
7831.0,234.78213025866538
7832.0,233.34604054184052
7833.0,232.45565060620072
7834.0,232.25143151748466
7835.0,230.3793944189663
7836.0,228.78513813116535
7837.0,230.0640378252007
7838.0,232.58359339142186
7839.0,234.45534237543143
7840.0,234.90956511308443
7841.0,235.5576840000729
7842.0,236.46066639321575
7843.0,236.98173791352335
7844.0,236.6866989031176
7845.0,236.2010085378566
7846.0,236.1195257216097
7847.0,236.0312052254332
7848.0,235.72739053484995
7849.0,235.23691874382624
7850.0,235.15142907164207
7851.0,234.31673376141265
7852.0,234.21003681692676
7853.0,233.70813160970258
7854.0,233.1501366975976
7855.0,230.84997781302397
7856.0,228.46810717761647
7857.0,227.36331819815354
7858.0,228.40122001008507
7859.0,228.66919202791834
7860.0,228.2940578930825
7861.0,230.07910055395368
7862.0,232.53697844100762
7863.0,234.60579761861467
7864.0,234.97386078197476
7865.0,234.75753850379112
7866.0,235.3394173389605
7867.0,234.87508136471703
7868.0,233.24645314620497
7869.0,234.80899646738732
7870.0,234.83597420322243
7871.0,234.6742051442389
7872.0,232.742453056005
7873.0,233.5775033170258
7874.0,234.09771890815693
7875.0,232.42329663591204
7876.0,233.5339534076812
7877.0,232.4929131369274
7878.0,231.96626575874245
7879.0,229.64107088885623
7880.0,232.2565324035021
7881.0,231.76003730399876
7882.0,230.96548019135875
7883.0,230.32934938487392
7884.0,232.14024144438815
7885.0,232.99816886657015
7886.0,233.4073152858257
7887.0,232.5968854121523
7888.0,233.6633162537981
7889.0,230.63640484488747
7890.0,234.12520887931126
7891.0,233.18081949033828
7892.0,232.96322996400602
7893.0,232.1570157318444
7894.0,230.17787831942306
7895.0,233.3324951549072
7896.0,229.02287989762738
7897.0,231.8742969438986
7898.0,223.48084394709554
7899.0,232.72145974016576
7900.0,232.56454112881622
7901.0,232.65316173272137
7902.0,232.55209288355536
7903.0,231.25013959967413
7904.0,225.45744408535748
7905.0,231.39368357105857
7906.0,233.27155545971655
7907.0,234.50352916860612
7908.0,234.43917710585112
7909.0,233.82560949249262
7910.0,233.1468783184163
7911.0,224.4726824852168
7912.0,228.2679540304296
7913.0,225.45938343634958
7914.0,225.6342295223233
7915.0,226.35320312957936
7916.0,226.23966245701422
7917.0,225.8696039591357
7918.0,222.63223443658077
7919.0,224.92868731527273
7920.0,223.3353898343723
7921.0,226.17815100256837
7922.0,226.72483094033888
7923.0,220.98243279540097
7924.0,229.20670730554147
7925.0,229.65612320701732
7926.0,228.0989228219503
7927.0,225.66147322401775
7928.0,228.7935973159373
7929.0,228.1463087508714
7930.0,226.391181448134
7931.0,217.326293250536
7932.0,221.21084471412794
7933.0,221.18255919549657
7934.0,218.89306536179592
7935.0,220.84280671280231
7936.0,220.23338884363662
7937.0,220.07931075146385
7938.0,219.9894316691847
7939.0,220.7096478115216
7940.0,220.67641079127333
7941.0,220.72450851409113
7942.0,222.33606743312336
7943.0,223.44105280543207
7944.0,221.38978786074907
7945.0,219.5633338869512
7946.0,218.40096093628662
7947.0,218.07839495984567
7948.0,219.89839422144325
7949.0,221.45454378415056
7950.0,222.85014439908645
7951.0,227.8036127862209
7952.0,229.77410977343553
7953.0,228.03325711628503
7954.0,229.50382575574625
7955.0,228.7273570111005
7956.0,226.13495538410447
7957.0,226.91214233929918
7958.0,225.17507361487733
7959.0,225.26487207678102
7960.0,224.82262654179635
7961.0,219.93327432353283
7962.0,224.670524710427
7963.0,220.83936744818328
7964.0,223.7700371408481
7965.0,218.06331993244885
7966.0,225.31976361559566
7967.0,223.506522604956
7968.0,226.17126551994033
7969.0,226.05590457381652
7970.0,222.9381739784875
7971.0,224.64752428430262
7972.0,225.97996869696425
7973.0,225.2000810732328
7974.0,221.29910182159776
7975.0,225.11823647603347
7976.0,224.25853528203604
7977.0,224.445787677144
7978.0,225.2542612473931
7979.0,224.5706011083735
7980.0,225.0986581930998
7981.0,225.48920446043684
7982.0,224.35242360409876
7983.0,223.99182544210183
7984.0,225.095976584493
7985.0,225.43442653321668
7986.0,223.28098330933312
7987.0,222.3303335242117
7988.0,223.26840425403637
7989.0,222.98402983629714
7990.0,222.93457989879636
7991.0,223.70110012501394
7992.0,223.8118323013385
7993.0,222.10026403371756
7994.0,223.44615226971248
7995.0,222.97670171435465
7996.0,221.37405026688273
7997.0,222.11078194871791
7998.0,220.09556148459882
7999.0,218.01047391217975
8000.0,214.93015964846484
8001.0,214.11456569488726
8002.0,214.25894439736433
8003.0,214.38828396011147
8004.0,220.54470677340888
8005.0,222.7593694615022
8006.0,224.22113239797733
8007.0,223.50028695943834
8008.0,224.69003397132613
8009.0,223.38323858583828
8010.0,214.3562684613796
8011.0,223.3636435944219
8012.0,223.040602613521
8013.0,221.65862894772096
8014.0,222.63100804583962
8015.0,217.46609422302294
8016.0,220.0659368927231
8017.0,222.48664649276688
8018.0,222.67719065197508
8019.0,222.0391560354115
8020.0,220.56329971857002
8021.0,221.50176377361532
8022.0,221.61611098695354
8023.0,219.34164602946188
8024.0,221.06895231955556
8025.0,219.37955712170765
8026.0,219.09688319313605
8027.0,219.51619036486565
8028.0,217.89677717567866
8029.0,217.59244839244923
8030.0,216.17555058781653
8031.0,214.84696312466141
8032.0,220.00837102434593
8033.0,221.8572570283559
8034.0,222.6966822336112
8035.0,223.16012923499684
8036.0,218.63412004798937
8037.0,219.71469006584383
8038.0,220.36498920395059
8039.0,217.8591638980323
8040.0,221.30994856520465
8041.0,222.41405748744566
8042.0,220.73143764794327
8043.0,223.0724303307181
8044.0,221.9336778115879
8045.0,217.79459249174224
8046.0,216.09572884275664
8047.0,213.56042672445724
8048.0,210.42644196951574
8049.0,212.27491477240457
8050.0,213.2813681624966
8051.0,214.40551027908876
8052.0,217.72162416631184
8053.0,219.52532730549646
8054.0,220.24999815032925
8055.0,218.73955096125184
8056.0,220.46844940030695
8057.0,219.3929145853037
8058.0,220.28670799115005
8059.0,220.44918573728984
8060.0,220.91705882659565
8061.0,220.57443201820897
8062.0,219.669011046117
8063.0,220.82679037564992
8064.0,220.2038875808057
8065.0,219.67955821632566
8066.0,220.00435334041543
8067.0,219.91433982027925
8068.0,219.92828243405927
8069.0,220.06446045495977
8070.0,219.06115518826186
8071.0,218.12690097002823
8072.0,215.17405489801027
8073.0,215.78978638543526
8074.0,216.62070980567012
8075.0,216.51021577650624
8076.0,216.9907051088872
8077.0,217.39223267806096
8078.0,217.64751529571308
8079.0,218.86375623632392
8080.0,219.47768305810746
8081.0,218.34057709110672
8082.0,218.691514708976
8083.0,218.47395692612747
8084.0,216.46963037229693
8085.0,215.61334169462015
8086.0,215.10965847362638
8087.0,212.795064514198
8088.0,212.77809535605044
8089.0,215.6617295630468
8090.0,216.6460540835659
8091.0,217.23840986503043
8092.0,217.48688397459287
8093.0,213.6892697975237
8094.0,215.41479635605015
8095.0,215.73846123628667
8096.0,214.05258330234886
8097.0,212.9283927524647
8098.0,212.74084712121197
8099.0,210.76195752454532
8100.0,212.58216401548415
8101.0,211.0895471094615
8102.0,214.48859367407513
8103.0,216.038904340623
8104.0,216.11038652729388
8105.0,217.23018741198106
8106.0,218.79108565325583
8107.0,217.31570562315872
8108.0,218.0582966995116
8109.0,217.13245096527973
8110.0,213.52249154860178
8111.0,216.30619472900776
8112.0,216.83545482107027
8113.0,215.54693424786998
8114.0,217.235174486182
8115.0,214.27412664908044
8116.0,207.1205487113392
8117.0,216.29489512250655
8118.0,217.44588214913787
8119.0,217.34161730375286
8120.0,216.09668929104012
8121.0,213.37499972123084
8122.0,218.1216030403331
8123.0,214.68582210109275
8124.0,215.52741374271852
8125.0,211.8560302918707
8126.0,215.2598649750878
8127.0,215.53739169585535
8128.0,213.67787463515464
8129.0,212.5633753494805
8130.0,217.8443030843132
8131.0,218.21439920793802
8132.0,211.4866885217543
8133.0,204.40975434925383
8134.0,216.25027521594674
8135.0,215.2605067083505
8136.0,189.21917968568772
8137.0,197.51946684027607
8138.0,214.98198859980505
8139.0,208.06313425841526
8140.0,216.87645812981017
8141.0,214.65390031670353
8142.0,210.09874405242027
8143.0,194.33657917672159
8144.0,193.82794128919008
8145.0,215.4937689998615
8146.0,203.36808760849203
8147.0,213.39114483743225
8148.0,208.66006932438566
8149.0,200.93842600461255
8150.0,204.19555140306153
8151.0,193.54976688149523
8152.0,187.61264016198749
8153.0,214.52997472490065
8154.0,213.6448855053806
8155.0,193.65335965192108
8156.0,200.22418845167286
8157.0,173.5002020667388
8158.0,214.11453012033607
8159.0,214.0800635300617
8160.0,182.96409005501158
8161.0,212.67091686643067
8162.0,214.0607838739352
8163.0,210.14314826665102
8164.0,154.4546081712669
8165.0,176.88272823662115
8166.0,205.38842219064395
8167.0,154.5854786541326
8168.0,207.2390331728439
8169.0,211.82720998770816
8170.0,212.6614348406591
8171.0,186.1541963699
8172.0,150.5606271012272
8173.0,210.31942008535924
8174.0,212.89135481702567
8175.0,212.1442404665622
8176.0,212.856625568338
8177.0,210.00261745617252
8178.0,212.22118430172458
8179.0,154.71036119252207
8180.0,181.29408467704212
8181.0,171.1899091958185
8182.0,204.79725118839045
8183.0,205.62542998364145
8184.0,170.47305292057183
8185.0,197.59545944344023
8186.0,202.47493354037863
8187.0,203.70530699341487
8188.0,201.49051388288146
8189.0,182.16464206142828
8190.0,208.98560102982597
8191.0,187.26162570798473
8192.0,175.58342191394905
8193.0,210.80619584899864
8194.0,208.15864097539034
8195.0,166.52732842396483
8196.0,195.32385387397875
8197.0,201.77316332993905
8198.0,201.0734333700602
8199.0,200.48064423407834
8200.0,151.26514082795484
8201.0,196.28577915463964
8202.0,195.03857455343237
8203.0,186.12808784475027
8204.0,207.0785890032248
8205.0,208.21641426086794
8206.0,208.86300862726912
8207.0,205.49800209776964
8208.0,208.14842219199764
8209.0,207.26465144447
8210.0,207.29965223975586
8211.0,206.49348669477982
8212.0,199.29739847381538
8213.0,200.5961857890133
8214.0,191.2092147425173
8215.0,200.86382384340806
8216.0,202.96135859989755
8217.0,201.94475285495727
8218.0,206.34125261983934
8219.0,205.7032823682399
8220.0,181.7197027012038
8221.0,200.34952599265
8222.0,202.90638350866672
8223.0,202.25282337826224
8224.0,188.44239739066836
8225.0,206.01875627396444
8226.0,189.4092394149665
8227.0,207.82948653286073
8228.0,199.3014896500768
8229.0,158.66091110115067
8230.0,159.1467977292116
8231.0,134.4931208418155
8232.0,179.9498399773002
8233.0,183.79618225392295
8234.0,146.01635167472122
8235.0,203.64627923914358
8236.0,175.12030694886946
8237.0,201.78395680387408
8238.0,205.35084960255665
8239.0,206.56757433759614
8240.0,197.53332510962932
8241.0,206.42511755419216
8242.0,197.15255994986447
8243.0,205.734232481643
8244.0,206.7861743256753
8245.0,199.50484598961745
8246.0,170.6053349558668
8247.0,207.13628761954527
8248.0,206.4552904130596
8249.0,204.04017198540544
8250.0,204.8744031888688
8251.0,204.20988759553927
8252.0,205.3333764542736
8253.0,206.4114995676809
8254.0,207.27973262241392
8255.0,194.7748568531498
8256.0,207.414010057445
8257.0,206.5028327484291
8258.0,204.294568388655
8259.0,162.76662294583804
8260.0,204.27940216878469
8261.0,207.5242708944364
8262.0,186.61937878789152
8263.0,206.68505640502534
8264.0,207.83187723601128
8265.0,206.28773924611917
8266.0,191.14050482625365
8267.0,205.98122589418693
8268.0,207.42502903869342
8269.0,207.53203039662125
8270.0,208.14974408031284
8271.0,206.25741514380815
8272.0,207.15535352503628
8273.0,207.19888146971343
8274.0,186.3276719218255
8275.0,202.42644658425473
8276.0,197.5281398969356
8277.0,166.72787543262118
8278.0,203.49311237480384
8279.0,177.40144018713596
8280.0,205.0653232438742
8281.0,203.82129163122033
8282.0,179.28549674773996
8283.0,205.48173769605947
8284.0,165.16494430856088
8285.0,201.8542651162586
8286.0,205.53357146317688
8287.0,205.24916233789915
8288.0,204.72140756216103
8289.0,203.78264155786752
8290.0,156.9882511123848
8291.0,198.9436631788888
8292.0,185.07089656270355
8293.0,203.28051580557522
8294.0,202.8865617046091
8295.0,202.57104365166006
8296.0,181.1056363101756
8297.0,178.13311104102317
8298.0,196.3405999016518
8299.0,203.3518402711497
8300.0,204.01161265244468
8301.0,204.31358276639594
8302.0,202.46018139364506
8303.0,180.11083997553771
8304.0,204.71521092244467
8305.0,203.8266415758587
8306.0,198.87999101943575
8307.0,157.96630863288914
8308.0,194.7503017786765
8309.0,199.1145588168421
8310.0,198.35543358946168
8311.0,199.10768599316555
8312.0,199.8694966035874
8313.0,201.17937686358687
8314.0,186.78933175273608
8315.0,203.5689688741706
8316.0,200.46416351743864
8317.0,205.1298089808163
8318.0,198.51053102502883
8319.0,196.59189628680767
8320.0,183.97995723206017
8321.0,195.89833575876992
8322.0,204.32113565861445
8323.0,194.39866573100173
8324.0,159.77986642637384
8325.0,203.59563713637846
8326.0,200.70328653978268
8327.0,197.58343404924267
8328.0,194.45303456914883
8329.0,191.5504921327128
8330.0,193.23308950512325
8331.0,191.4555214479265
8332.0,178.50835072299282
8333.0,195.5289028618661
8334.0,195.083506344458
8335.0,193.4705317188774
8336.0,186.93328017815568
8337.0,194.83616485665777
8338.0,190.15914826413623
8339.0,196.64778541678072
8340.0,197.02036522732647
8341.0,173.1036997681568
8342.0,195.90887482719805
8343.0,197.42781724864918
8344.0,194.45152392356437
8345.0,193.46130137310305
8346.0,195.89012302956917
8347.0,195.76138422821134
8348.0,195.89809524171662
8349.0,196.20064339053843
8350.0,196.1743050797652
8351.0,194.68985836753436
8352.0,194.58244683670145
8353.0,201.56560776797377
8354.0,202.38693659571877
8355.0,200.95198066172128
8356.0,196.83134266610557
8357.0,199.85071473791143
8358.0,202.0989760546443
8359.0,193.15339816808995
8360.0,197.80815322376074
8361.0,201.3557514347536
8362.0,199.19050979494148
8363.0,200.7092536073592
8364.0,194.8848034045078
8365.0,193.3033267024492
8366.0,198.23178251208287
8367.0,197.85076333949576
8368.0,198.1463337142374
8369.0,197.02749285859878
8370.0,192.89853327834288
8371.0,199.98882422762233
8372.0,199.98111592521215
8373.0,199.70761991080752
8374.0,200.29302836426675
8375.0,199.48906659676192
8376.0,193.7523562853807
8377.0,197.40191427105728
8378.0,196.81883994021905
8379.0,190.77929911832362
8380.0,195.61633039778462
8381.0,196.13395062868398
8382.0,196.37571318738495
8383.0,196.3730655547699
8384.0,195.88666611457134
8385.0,197.03006340041804
8386.0,193.73132092431288
8387.0,191.6565253067211
8388.0,188.5923336039245
8389.0,190.24787056561698
8390.0,190.59705211549664
8391.0,191.16905029805605
8392.0,192.77709422297417
8393.0,195.927138953652
8394.0,198.92740664563001
8395.0,200.47768168729215
8396.0,197.71600900129218
8397.0,197.880098841647
8398.0,198.49962777925683
8399.0,197.02300864461057
8400.0,196.28827012062578
8401.0,197.41107287843562
8402.0,196.57201199389183
8403.0,196.84208773824264
8404.0,198.12800082317642
8405.0,197.97024716227926
8406.0,198.12683091494011
8407.0,198.29274117950465
8408.0,196.14941494402316
8409.0,199.41562417482538
8410.0,198.86314099063887
8411.0,193.96392296016276
8412.0,196.26953109657387
8413.0,196.73402389797468
8414.0,196.434954563705
8415.0,196.23006558258214
8416.0,195.36368441678593
8417.0,194.37914462431917
8418.0,191.17210543921504
8419.0,193.47950203615562
8420.0,193.0962028309217
8421.0,190.92188582657948
8422.0,193.09785274242066
8423.0,192.84152423384126
8424.0,192.90259952222237
8425.0,192.63250604688224
8426.0,191.61746365301386
8427.0,190.95210875006038
8428.0,190.64641596429306
8429.0,191.21232519897774
8430.0,191.37168878800028
8431.0,192.73090430146436
8432.0,192.6567737447674
8433.0,191.2124787217718
8434.0,191.43687205804864
8435.0,188.87074957837967
8436.0,187.71428000032492
8437.0,186.7919074664094
8438.0,186.47832770051403
8439.0,184.06705805756678
8440.0,186.58801980980303
8441.0,189.3659567174199
8442.0,191.64123950231811
8443.0,192.45498031299323
8444.0,194.12932041693082
8445.0,192.91127413191896
8446.0,194.15409816283176
8447.0,192.88854422568838
8448.0,192.84116662281625
8449.0,192.99767013234484
8450.0,193.32845980630796
8451.0,194.45494454797281
8452.0,195.4888177981611
8453.0,196.8806927418525
8454.0,197.1803746334565
8455.0,197.57375144516567
8456.0,197.31637266066514
8457.0,196.75169979968408
8458.0,195.98392332189124
8459.0,194.96413297089765
8460.0,194.75521307377275
8461.0,194.64890046188157
8462.0,194.28613752800317
8463.0,192.9520886320421
8464.0,194.5447732981151
8465.0,193.99971433372014
8466.0,193.90898878278685
8467.0,192.0312080184514
8468.0,189.82942329631595
8469.0,188.15735814616238
8470.0,186.8970865163195
8471.0,186.84202310960933
8472.0,186.21962400222378
8473.0,187.32638771444508
8474.0,188.99793626088749
8475.0,190.75816345387435
8476.0,191.87900796528186
8477.0,191.8207520262397
8478.0,192.27440599430676
8479.0,192.01180699554425
8480.0,190.55347758191124
8481.0,189.69786728004047
8482.0,187.74803239548675
8483.0,187.76862636362537
8484.0,187.47270457023907
8485.0,186.9355412284534
8486.0,187.08313686405194
8487.0,187.15991594728047
8488.0,187.29904734153587
8489.0,186.11875456439628
8490.0,187.45081949613467
8491.0,187.64479972845902
8492.0,188.16037092371536
8493.0,188.2803250465362
8494.0,187.32162236325613
8495.0,186.92294075886463
8496.0,182.2949778233665
8497.0,174.59333342931384
8498.0,166.47572985881968
8499.0,158.88582808053943
8500.0,156.20896817421436
8501.0,155.67042794366756
8502.0,158.096065346308
8503.0,165.4880360594778
8504.0,173.84699119978012
8505.0,181.03794736399706
8506.0,184.8444655743505
8507.0,186.64735241807654
8508.0,186.6610167278338
8509.0,188.56695307289476
8510.0,189.01444243565734
8511.0,189.04959749819568
8512.0,188.1562559121035
8513.0,185.56662092978826
8514.0,180.43106875092656
8515.0,177.79197373580627
8516.0,177.1125446846352
8517.0,176.82220224540953
8518.0,176.71462812180755
8519.0,178.93372024799444
8520.0,181.707830707001
8521.0,184.7527836379045
8522.0,184.91522321222283
8523.0,186.86631024829967
8524.0,186.74772300576956
8525.0,185.2901797391465
8526.0,183.49027736633064
8527.0,180.35570185542767
8528.0,177.90799989621863
8529.0,175.69200720058498
8530.0,174.58000491258312
8531.0,173.58812321100726
8532.0,172.73015732890565
8533.0,172.51901069554222
8534.0,171.11462847946413
8535.0,170.45915557140137
8536.0,171.45141448861995
8537.0,170.8475507570835
8538.0,170.26478018543298
8539.0,166.29327755232657
8540.0,159.35789071073987
8541.0,148.22193921731295
8542.0,136.1923101669779
8543.0,126.57345959641479
8544.0,122.7373383651456
8545.0,122.54952938719683
8546.0,128.1671722297837
8547.0,138.71918788538
8548.0,151.72759754158517
8549.0,163.614664155155
8550.0,172.19157568005411
8551.0,176.56745428377383
8552.0,178.806428670851
8553.0,180.36169124792772
8554.0,182.08812513078058
8555.0,182.86487610881966
8556.0,182.07350532327493
8557.0,182.47156153398163
8558.0,182.37345533428638
8559.0,182.1470709134991
8560.0,182.44262481104025
8561.0,182.65257563785815
8562.0,183.54590968449165
8563.0,184.00398193036722
8564.0,184.41893303653256
8565.0,183.9470280758092
8566.0,183.964279287057
8567.0,183.63911070329726
8568.0,183.16524532764876
8569.0,182.5584217957378
8570.0,181.91617013092056
8571.0,181.2053471680033
8572.0,181.77423058225767
8573.0,181.76185817195622
8574.0,182.31924907030304
8575.0,182.45940703364133
8576.0,182.98090137345415
8577.0,183.68303145344737
8578.0,184.1020949535454
8579.0,184.8977001943176
8580.0,184.8053525827383
8581.0,183.64861512033337
8582.0,182.61930121596106
8583.0,181.48940068278162
8584.0,180.91935769214027
8585.0,180.59384975669772
8586.0,180.4315054954373
8587.0,180.82177771687404
8588.0,181.56009043261562
8589.0,182.59691221444444
8590.0,183.34568791856242
8591.0,183.59371688949133
8592.0,183.88843431922584
8593.0,183.7881932625734
8594.0,184.3761397842118
8595.0,184.4124658780934
8596.0,184.07894078871118
8597.0,183.44521340905948
8598.0,182.86808712867318
8599.0,182.4165466565576
8600.0,182.15304315131942
8601.0,182.2006621623
8602.0,182.31174206242932
8603.0,182.7541767001456
8604.0,183.3530447653306
8605.0,183.5741310075193
8606.0,183.63710017259524
8607.0,183.51641205190626
8608.0,183.59605673831203
8609.0,183.95165584239592
8610.0,183.3950524005504
8611.0,182.70123830248266
8612.0,182.22169233270026
8613.0,181.8442400732513
8614.0,182.42988040104578
8615.0,181.62369738484628
8616.0,182.0481107909635
8617.0,182.72413674273383
8618.0,184.25178212300483
8619.0,185.6134585714809
8620.0,185.5613238418349
8621.0,185.81642909345496
8622.0,186.01941199688642
8623.0,186.88146793012035
8624.0,187.6002150416435
8625.0,188.05487610058074
8626.0,188.50422213309588
8627.0,188.87127154079496
8628.0,189.62441354362113
8629.0,189.71443721167753
8630.0,189.2946670092349
8631.0,188.45284663445872
8632.0,187.3745050679684
8633.0,186.28609884179775
8634.0,185.41606324983286
8635.0,185.12615487646653
8636.0,185.0429053137777
8637.0,185.23346218492094
8638.0,185.58644221805307
8639.0,186.20794838883748
8640.0,186.6442219844498
8641.0,186.73901459980826
8642.0,186.54851981747845
8643.0,186.25905285436687
8644.0,185.70713526292857
8645.0,185.10519403756493
8646.0,184.3211853999038
8647.0,182.80727342688476
8648.0,181.25516929836581
8649.0,179.79466647455922
8650.0,178.60300608551947
8651.0,177.6294470695143
8652.0,176.8919594349067
8653.0,178.14518300587966
8654.0,179.46394885061875
8655.0,180.9258066538276
8656.0,181.5254794521008
8657.0,181.2062449650308
8658.0,179.88313324113093
8659.0,176.43737888788
8660.0,169.09763146602253
8661.0,157.5308817484226
8662.0,145.23806827964583
8663.0,135.0845734933746
8664.0,129.62951261285235
8665.0,130.10740076866088
8666.0,135.48539903768588
8667.0,145.88122317275534
8668.0,159.30757960018144
8669.0,172.65959872884395
8670.0,182.2446718168391
8671.0,185.68645688319114
8672.0,186.9848760182193
8673.0,186.4014198926144
8674.0,184.77645873318562
8675.0,183.27803728585758
8676.0,182.01330589986804
8677.0,181.68460990558526
8678.0,181.06480070097703
8679.0,180.72998077063946
8680.0,181.16259362758763
8681.0,181.77003171685988
8682.0,182.51716585306352
8683.0,182.41941578767717
8684.0,182.22794188478906
8685.0,182.4881184393514
8686.0,182.43106248054156
8687.0,180.40551711340305
8688.0,176.7827010363652
8689.0,173.43065659844876
8690.0,170.87225210692878
8691.0,170.47489030269202
8692.0,170.39354081365207
8693.0,172.52656448925197
8694.0,175.61669179665256
8695.0,176.99093737632788
8696.0,178.04289448982436
8697.0,182.8925528733834
8698.0,185.01714995820203
8699.0,184.03996212072167
8700.0,183.16359700395228
8701.0,182.64900887717945
8702.0,182.40315467775457
8703.0,182.1491413431242
8704.0,182.45343488865095
8705.0,183.0469452709662
8706.0,183.8612986869754
8707.0,184.00047497632264
8708.0,183.505228991658
8709.0,182.4042836640781
8710.0,181.22444507778584
8711.0,179.63466787034312
8712.0,177.69480790597416
8713.0,176.41731624058625
8714.0,175.4195828823468
8715.0,175.72681071903452
8716.0,176.30825374394692
8717.0,177.43776133637206
8718.0,178.72558334333573
8719.0,179.71987549338112
8720.0,181.26698348780914
8721.0,181.9504659763375
8722.0,182.76158916314975
8723.0,183.71140903330883
8724.0,184.5479246387398
8725.0,184.76574327990917
8726.0,184.31061065527422
8727.0,183.12483622530533
8728.0,181.9349892748308
8729.0,180.88882655184545
8730.0,180.21556820262316
8731.0,180.01175784024647
8732.0,179.92479550969387
8733.0,180.08989991128166
8734.0,179.35747615958712
8735.0,178.2006549137805
8736.0,176.89507342984328
8737.0,175.34150516320898
8738.0,174.4601611797485
8739.0,173.73460250148392
8740.0,173.52669286486406
8741.0,173.3285504190756
8742.0,173.27453219259965
8743.0,173.85039423302118
8744.0,173.53005008424034
8745.0,173.1696446252557
8746.0,172.54537513977726
8747.0,172.38054151497903
8748.0,172.34958508877787
8749.0,172.1672498693079
8750.0,171.45748112904818
8751.0,169.9959145915721
8752.0,169.12908707151914
8753.0,168.72676678720416
8754.0,168.99727582014907
8755.0,169.05750504431145
8756.0,168.70038666782423
8757.0,169.03654775020286
8758.0,169.66827014776052
8759.0,170.73668487585977
8760.0,171.78627641970715
8761.0,172.5405010060998
8762.0,174.130747882128
8763.0,175.5728667652972
8764.0,177.02518957631688
8765.0,177.64056413500532
8766.0,177.54399348856887
8767.0,177.48113477582325
8768.0,177.48573172799743
8769.0,177.66461651906383
8770.0,177.61123010780244
8771.0,177.35394612187903
8772.0,176.50930377291348
8773.0,175.31210424217446
8774.0,174.33116190159163
8775.0,173.77082095269395
8776.0,173.56590753070765
8777.0,173.88839064522355
8778.0,174.5092915969446
8779.0,175.54687807926598
8780.0,176.64429540116603
8781.0,177.57231431954796
8782.0,177.7209099187712
8783.0,177.25500698890957
8784.0,177.31225600939482
8785.0,177.10704935375708
8786.0,177.26066191259522
8787.0,177.24599229534834
8788.0,177.1035048036432
8789.0,176.09721449030667
8790.0,175.4652560508928
8791.0,174.61440074033706
8792.0,172.88306979992316
8793.0,171.85270993019938
8794.0,170.7179399127949
8795.0,170.2725221129665
8796.0,171.13214593913716
8797.0,172.0006656677502
8798.0,173.40752584418746
8799.0,174.61113074876542
8800.0,175.87879666935083
8801.0,177.01217105898237
8802.0,176.89371963439038
8803.0,176.58191697252806
8804.0,175.37996834520223
8805.0,171.71238797973697
8806.0,166.880962488987
8807.0,163.53004620916843
8808.0,160.39243525678043
8809.0,160.1604130822889
8810.0,160.33364560907515
8811.0,162.9673496418598
8812.0,166.44185967764625
8813.0,169.86057428421347
8814.0,172.3615233257032
8815.0,173.9227002367773
8816.0,173.85018961403543
8817.0,173.79671361890317
8818.0,173.65909423167471
8819.0,173.9610541599293
8820.0,174.43377669616802
8821.0,174.9413966949044
8822.0,174.4796853536922
8823.0,172.12786494862027
8824.0,170.88948746441702
8825.0,168.84023681589582
8826.0,167.83908810393123
8827.0,167.96062785577476
8828.0,167.90758625078925
8829.0,169.26935095890542
8830.0,171.06028438873523
8831.0,173.21917510470493
8832.0,174.7565262859583
8833.0,174.69730056000168
8834.0,174.05055796925245
8835.0,174.56851518554652
8836.0,174.2796362040916
8837.0,172.87308520808725
8838.0,171.03859801182048
8839.0,170.2603713257733
8840.0,169.45713038563403
8841.0,169.29256625814293
8842.0,169.14908811813217
8843.0,169.99875849530238
8844.0,170.96301196169762
8845.0,171.85674245609115
8846.0,172.53743282353128
8847.0,172.4092688640669
8848.0,171.85828082039467
8849.0,172.0683148700465
8850.0,172.14720789341246
8851.0,172.3742804521611
8852.0,172.64061847300036
8853.0,172.906398566401
8854.0,173.25332938015836
8855.0,172.53666176693577
8856.0,172.98592370230617
8857.0,172.6106183730832
8858.0,171.8968636703234
8859.0,170.06946307823577
8860.0,166.0277801239262
8861.0,164.08893258804056
8862.0,163.13029650171134
8863.0,161.67304607395738
8864.0,160.26804029592222
8865.0,159.4979210832094
8866.0,159.05224918427322
8867.0,159.4415125308131
8868.0,160.38183248375663
8869.0,160.739691921218
8870.0,163.26703372781066
8871.0,164.8260967357776
8872.0,166.32530999308963
8873.0,168.1439977072209
8874.0,169.7690341123778
8875.0,169.74776435200667
8876.0,169.77226758834297
8877.0,169.0760799005315
8878.0,168.5606483711487
8879.0,168.38539178422445
8880.0,168.1179337518628
8881.0,168.4367473494188
8882.0,165.1867607566924
8883.0,169.1923290346147
8884.0,169.16963366860705
8885.0,169.14818055813376
8886.0,169.88007551931486
8887.0,169.9306088491972
8888.0,170.01917824753517
8889.0,169.90258656900932
8890.0,169.8665413469023
8891.0,169.45261163618312
8892.0,168.79227546812808
8893.0,168.3986112316232
8894.0,168.00602217430452
8895.0,168.06537836317685
8896.0,167.83024531480905
8897.0,167.98685534097922
8898.0,168.7983835952833
8899.0,167.7972293941172
8900.0,169.49558233956475
8901.0,169.06718015329284
8902.0,169.30656491239603
8903.0,167.9204697483046
8904.0,169.50961871315138
8905.0,169.70454980502325
8906.0,169.8342952659928
8907.0,169.82593085726901
8908.0,169.56705491705864
8909.0,169.26908892443245
8910.0,167.29295160697876
8911.0,167.82128065892135
8912.0,167.1961417161799
8913.0,166.17270764847297
8914.0,166.1960252927407
8915.0,166.48102485319856
8916.0,166.8680790841144
8917.0,167.35198887264238
8918.0,166.53989511347297
8919.0,167.12605170266696
8920.0,163.24771111494843
8921.0,166.12285909326377
8922.0,164.32877613666824
8923.0,163.96534998781542
8924.0,163.5581296394594
8925.0,163.19173270089647
8926.0,162.58174318546338
8927.0,162.14738224485723
8928.0,161.4104939077596
8929.0,159.64977197594646
8930.0,160.8650899252698
8931.0,158.20977955048474
8932.0,157.05615424192808
8933.0,156.40226104393653
8934.0,163.29241299538978
8935.0,164.4076020455225
8936.0,162.9248575173201
8937.0,160.34034045652294
8938.0,165.621068436222
8939.0,167.0234673193634
8940.0,166.71122311869885
8941.0,166.25637788540516
8942.0,164.86116812054743
8943.0,155.87121168179985
8944.0,161.19750476898037
8945.0,154.92328567282868
8946.0,159.3818236712927
8947.0,157.34060089535606
8948.0,158.50171721450621
8949.0,143.45089688873813
8950.0,159.6737588610396
8951.0,152.66831389400167
8952.0,161.84014399679617
8953.0,161.1353394641499
8954.0,157.14405103721185
8955.0,153.73941287800002
8956.0,164.625141515088
8957.0,128.4089688281661
8958.0,158.17515198863504
8959.0,165.12849242028815
8960.0,164.43944421112454
8961.0,155.46596323943606
8962.0,165.7589470010299
8963.0,164.93216188585825
8964.0,163.3836375578303
8965.0,123.01679459267638
8966.0,139.60622202082212
8967.0,160.7368706190062
8968.0,128.5961017033892
8969.0,141.04253474374556
8970.0,160.19257875661316
8971.0,159.64108743442188
8972.0,160.15590470123283
8973.0,156.40354787942104
8974.0,108.56962203964513
8975.0,154.01863437934395
8976.0,160.4668595345024
8977.0,128.95595941790575
8978.0,159.80586358446726
8979.0,153.00610742625662
8980.0,161.14448837136305
8981.0,161.62767018348026
8982.0,160.74660601420337
8983.0,103.62669321670741
8984.0,157.3510495262214
8985.0,162.64699907529558
8986.0,162.54410549124512
8987.0,161.6582809775858
8988.0,160.9316272794277
8989.0,119.93989643348704
8990.0,96.37353733697672
8991.0,141.98225778456387
8992.0,134.84508239937333
8993.0,118.305961682214
8994.0,94.05887945051515
8995.0,142.08253616466394
8996.0,156.87950571660483
8997.0,160.40071961574907
8998.0,158.45416210550093
8999.0,157.5437558992507
9000.0,155.80325200291324
9001.0,153.93193448148688
9002.0,147.61432642139997
9003.0,80.8624425216117
9004.0,153.84118341677083
9005.0,156.50527711029704
9006.0,104.5521510669793
9007.0,151.75638413086617
9008.0,156.65397817567558
9009.0,146.84184787948956
9010.0,117.1202019885873
9011.0,147.5873224533985
9012.0,145.16482339055875
9013.0,147.89793294705757
9014.0,109.15049397963408
9015.0,139.33950257581228
9016.0,145.03933001738486
9017.0,147.39337158770914
9018.0,146.23555255635867
9019.0,70.92385742585499
9020.0,139.5383977254521
9021.0,147.53399077332435
9022.0,153.05836230083275
9023.0,152.84021025782403
9024.0,153.28312089124668
9025.0,106.78791845551387
9026.0,152.68344875060066
9027.0,154.5090711368057
9028.0,107.01054439415616
9029.0,140.6395675669088
9030.0,158.22606562733984
9031.0,158.21613953361137
9032.0,149.84736513126816
9033.0,157.47049849212652
9034.0,134.36633748641552
9035.0,158.21086342893275
9036.0,159.85552518136382
9037.0,156.71891985995592
9038.0,159.5849268896477
9039.0,160.47179989164235
9040.0,160.47041767235035
9041.0,160.38416755897077
9042.0,158.14645719744937
9043.0,154.71182734850294
9044.0,157.50135143058816
9045.0,134.82578790822205
9046.0,158.74880930984702
9047.0,160.86047070739318
9048.0,160.78258755666394
9049.0,160.55449662985833
9050.0,152.96993419494964
9051.0,156.85674104402906
9052.0,159.73117451617222
9053.0,157.97852249207122
9054.0,155.23157890219753
9055.0,139.09473713932093
9056.0,146.92244245499447
9057.0,158.81047325479722
9058.0,159.94344783942802
9059.0,159.2778435000834
9060.0,157.2106434058356
9061.0,155.46627862147366
9062.0,153.4573477689345
9063.0,128.1928947929998
9064.0,146.66144236851332
9065.0,134.72801922610262
9066.0,142.63778371230927
9067.0,145.61272477073632
9068.0,154.39643983797112
9069.0,157.794876099718
9070.0,156.9258992516696
9071.0,143.5189521326849
9072.0,111.49452557217636
9073.0,156.35594849699496
9074.0,118.80788059704516
9075.0,132.78902261124443
9076.0,151.10090210969182
9077.0,126.77684915753738
9078.0,154.75168119066856
9079.0,153.8863475984738
9080.0,152.92512886378054
9081.0,145.38344234583488
9082.0,104.98476614337545
9083.0,140.94548266917806
9084.0,114.51610017404758
9085.0,154.69948154509328
9086.0,155.7015476180361
9087.0,154.58308084087597
9088.0,146.064153587309
9089.0,104.26779014314144
9090.0,116.10805444197024
9091.0,147.30535818310574
9092.0,137.69174524369862
9093.0,140.15916246113653
9094.0,148.48002259541562
9095.0,130.28958107606812
9096.0,130.76090377583952
9097.0,147.77501520287498
9098.0,137.2793090243219
9099.0,151.61909755800306
9100.0,150.9674085767925
9101.0,139.37403085258123
9102.0,110.36865553767986
9103.0,121.53408024232611
9104.0,151.7117718730173
9105.0,154.51677362163963
9106.0,154.70434498174913
9107.0,153.48622639405238
9108.0,117.80865205808867
9109.0,138.23006164735986
9110.0,124.63519091159425
9111.0,130.5860685354719
9112.0,151.76727359209494
9113.0,150.0911020846589
9114.0,151.5191891963922
9115.0,149.3071721590256
9116.0,150.47546951588336
9117.0,149.8390567888194
9118.0,141.43427421588913
9119.0,143.41006107578932
9120.0,130.94435645133936
9121.0,98.43790196892398
9122.0,130.97427806835069
9123.0,149.2661938205298
9124.0,153.08060849135555
9125.0,154.83844120014706
9126.0,153.69811789758643
9127.0,143.8870392390748
9128.0,155.45819536851278
9129.0,154.56263354163002
9130.0,144.24543485407958
9131.0,135.24579256201707
9132.0,133.6589821558845
9133.0,101.45201563370605
9134.0,150.59562381771565
9135.0,142.34622843646588
9136.0,154.47884822329624
9137.0,128.76159571902562
9138.0,133.31309903240484
9139.0,86.04528156638858
9140.0,133.69240855248472
9141.0,153.91911989180932
9142.0,152.2719173355648
9143.0,147.4848665271081
9144.0,150.4096303975425
9145.0,149.2770869355441
9146.0,145.8959351284357
9147.0,140.17173085984965
9148.0,149.00816477947012
9149.0,147.28340909879327
9150.0,149.0076938904579
9151.0,146.5003450006595
9152.0,146.98036743567732
9153.0,135.55663781450204
9154.0,140.0424683700815
9155.0,112.39418507671334
9156.0,120.50965918624333
9157.0,149.87260243862642
9158.0,79.57628853760959
9159.0,132.4122509754448
9160.0,151.77254648671885
9161.0,152.29523379388274
9162.0,148.73094517422814
9163.0,129.94575509342835
9164.0,150.04776659782115
9165.0,146.134403090831
9166.0,146.59164667706614
9167.0,145.86569203415752
9168.0,151.5005290208313
9169.0,151.12369482199355
9170.0,133.46484323558153
9171.0,140.11771726655968
9172.0,143.902116853099
9173.0,147.3897434398895
9174.0,143.6610883436583
9175.0,131.342374010078
9176.0,136.52232848204412
9177.0,94.8027803644693
9178.0,120.16603695228478
9179.0,124.4449617460616
9180.0,141.73129541900497
9181.0,140.5979427791228
9182.0,149.3966270940267
9183.0,150.42454191867319
9184.0,141.43124159204302
9185.0,149.8752798693301
9186.0,145.23079256237622
9187.0,115.82872356978186
9188.0,138.09765118385485
9189.0,149.05438265717763
9190.0,150.0803937183709
9191.0,151.58411905706959
9192.0,151.42761797433556
9193.0,145.90968819425663
9194.0,147.60502718946802
9195.0,135.55916034051776
9196.0,151.03610391227156
9197.0,150.25007273399592
9198.0,110.07674505889693
9199.0,138.98484826421233
9200.0,149.48971214414578
9201.0,148.94530091898275
9202.0,146.15112253953467
9203.0,148.29539203742436
9204.0,148.5048925230867
9205.0,149.02987690731715
9206.0,148.77757130478034
9207.0,147.68391106023515
9208.0,139.84948256645296
9209.0,142.1832730506311
9210.0,139.66248583387605
9211.0,138.70122354989246
9212.0,143.72234964400323
9213.0,142.76179227728335
9214.0,143.0483777256744
9215.0,133.85690080676255
9216.0,141.64763775768026
9217.0,125.07366534579135
9218.0,140.86609232939384
9219.0,141.2128506305559
9220.0,118.0424212953762
9221.0,146.13114252193995
9222.0,146.28709327294112
9223.0,146.12622384825642
9224.0,145.0684280063755
9225.0,141.89587327589646
9226.0,145.6557006398376
9227.0,136.25922425900694
9228.0,130.48888598304274
9229.0,139.04456986332218
9230.0,136.9909429660452
9231.0,132.1067305528234
9232.0,131.17015898294827
9233.0,132.69502191783937
9234.0,137.2816617820308
9235.0,134.27425299570032
9236.0,142.84730812555014
9237.0,133.19635558441507
9238.0,137.65657807403085
9239.0,143.4979146509789
9240.0,139.67210989970144
9241.0,129.692352370509
9242.0,136.6432383229508
9243.0,140.2358795766597
9244.0,146.15008525391235
9245.0,141.25326491444153
9246.0,140.2119993252529
9247.0,130.86800502795208
9248.0,140.70603004626858
9249.0,126.16179800587948
9250.0,145.10364419161704
9251.0,145.79592268472902
9252.0,139.33399565423417
9253.0,143.6845903868396
9254.0,128.9678703903346
9255.0,142.99831628633154
9256.0,140.18982217126904
9257.0,136.46883006154144
9258.0,137.6433736467467
9259.0,137.7274002512337
9260.0,138.28095077915597
9261.0,138.27009820984193
9262.0,134.89177086635894
9263.0,123.4687891493468
9264.0,137.0940273245482
9265.0,135.22965799552472
9266.0,141.40392263970853
9267.0,145.55579875590595
9268.0,145.50932010772465
9269.0,141.85538878443248
9270.0,146.19518905626845
9271.0,145.76397325899995
9272.0,140.88936988175828
9273.0,143.7727891551039
9274.0,146.54304892302557
9275.0,138.42772903476924
9276.0,134.1195180671024
9277.0,144.74756765235992
9278.0,138.80935083417674
9279.0,142.47159543497776
9280.0,139.33453880836035
9281.0,106.97828961807856
9282.0,120.96509105163537
9283.0,125.99819726691504
9284.0,143.72853916515066
9285.0,138.50636715144532
9286.0,145.44145094872732
9287.0,118.54933895578785
9288.0,122.1774019020579
9289.0,114.6679565153843
9290.0,139.21814433407718
9291.0,128.50189337047678
9292.0,130.75180245983356
9293.0,139.40209249973776
9294.0,120.41574435721145
9295.0,136.53549179915856
9296.0,125.85043314462254
9297.0,114.12387964402801
9298.0,109.38523441800426
9299.0,138.18166665691055
9300.0,98.11585301114818
9301.0,117.12159267710065
9302.0,141.45406804291295
9303.0,85.39289653977751
9304.0,101.53006152919433
9305.0,132.37482054756455
9306.0,103.75675620169038
9307.0,115.72959237263713
9308.0,140.4299935069303
9309.0,137.52134364491204
9310.0,105.09645930236145
9311.0,79.27879991447645
9312.0,43.15104590912092
9313.0,130.92566520499503
9314.0,116.59973380605103
9315.0,134.3069463390465
9316.0,135.08131593648284
9317.0,123.91433944335563
9318.0,64.19768834194929
9319.0,15.261941776308973
9320.0,89.47110355219095
9321.0,109.38572909964604
9322.0,77.60097929425154
9323.0,113.30018684608888
9324.0,130.45307395357938
9325.0,91.16731294534456
9326.0,80.42052175865354
9327.0,58.93851934628876
9328.0,21.636558472693157
9329.0,124.58633717186729
9330.0,74.4374855496146
9331.0,107.56207019201132
9332.0,134.40028346075607
9333.0,113.38334388965299
9334.0,82.44852065269389
9335.0,125.65416343116827
9336.0,39.80148405007283
9337.0,42.543964705431996
9338.0,98.13886631238051
9339.0,88.10784103322419
9340.0,88.61804052961682
9341.0,76.29736105777242
9342.0,40.709978418922894
9343.0,121.8233857550438
9344.0,114.5063971869684
9345.0,20.44434388026721
9346.0,26.148951807672447
9347.0,34.769830076786505
9348.0,22.01175524308432
9349.0,92.89282448632221
9350.0,118.33275083415599
9351.0,126.40082453836
9352.0,129.15822049411344
9353.0,107.30870054328665
9354.0,127.76337611284436
9355.0,102.04166731881972
9356.0,25.826641173854735
9357.0,20.048487565809786
9358.0,99.37189795329975
9359.0,113.17716280130273
9360.0,26.772987075640017
9361.0,15.450870160496454
9362.0,100.34075634019632
9363.0,116.12479544799213
9364.0,103.7297045512258
9365.0,126.01760228102016
9366.0,120.21475364317799
9367.0,78.75440707011496
9368.0,82.22966072257204
9369.0,41.74067921504396
9370.0,108.55522014310014
9371.0,114.32124880438944
9372.0,33.02510880698466
9373.0,82.52082967411927
9374.0,10.045768502969995
9375.0,92.91431499091618
9376.0,112.64477168311355
9377.0,121.4952571050331
9378.0,97.46887444993995
9379.0,116.89632604491783
9380.0,31.501790172454406
9381.0,90.1332103760821
9382.0,76.91286522196832
9383.0,76.70558137842002
9384.0,23.951425358423798
9385.0,94.95574755215219
9386.0,109.46376839521277
9387.0,125.41774330631753
9388.0,121.68537699667246
9389.0,41.32391536158306
9390.0,53.372666541080044
9391.0,121.2685201572864
9392.0,128.64597384544726
9393.0,125.63661916564139
9394.0,101.49966621044362
9395.0,122.75747548145648
9396.0,128.81250239237423
9397.0,113.65289911975393
9398.0,128.43756850908778
9399.0,114.00802332565503
9400.0,129.4447010557643
9401.0,107.80940951546657
9402.0,80.16428159919262
9403.0,98.96564761280703
9404.0,90.686897468125
9405.0,108.14050341603188
9406.0,104.39791358122447
9407.0,107.25801543433053
9408.0,117.37307544864791
9409.0,103.89179125883766
9410.0,111.131170900413
9411.0,116.1748507389879
9412.0,89.91812483831848
9413.0,37.76317053157727
9414.0,100.3179553145195
9415.0,111.22411654556235
9416.0,99.6009931012656
9417.0,104.7916834257426
9418.0,116.65816062447085
9419.0,110.41065506820449
9420.0,48.534014563334075
9421.0,104.92632503164688
9422.0,122.88305890827556
9423.0,112.26932551153953
9424.0,80.69002433949744
9425.0,103.79344493448855
9426.0,124.09979928202937
9427.0,120.76193883568142
9428.0,115.5315887829442
9429.0,45.51240336567528
9430.0,37.222589008644626
9431.0,21.754996901423603
9432.0,104.72404588036636
9433.0,48.24395741057108
9434.0,107.3979709583675
9435.0,120.9931034721403
9436.0,122.02461703591969
9437.0,122.01911386665903
9438.0,121.05161771451168
9439.0,115.06394044171778
9440.0,47.092218575390795
9441.0,62.09915108094369
9442.0,106.38985770760232
9443.0,28.052844468806793
9444.0,33.89418239493063
9445.0,81.75947680033107
9446.0,49.24277925267372
9447.0,92.63574315856104
9448.0,108.41368985050339
9449.0,85.37391591572104
9450.0,124.16995483646807
9451.0,122.67177756654085
9452.0,96.56230788289534
9453.0,88.41200173085583
9454.0,123.55124613137468
9455.0,121.37070660230196
9456.0,111.66991359698154
9457.0,32.494850012130605
9458.0,95.60549710269733
9459.0,44.65005032775127
9460.0,112.5179548398743
9461.0,120.06176170311385
9462.0,77.64983083182044
9463.0,32.530649812924345
9464.0,33.472968741676326
9465.0,115.94586573464437
9466.0,121.41449559980826
9467.0,105.69598067481958
9468.0,88.44255281291221
9469.0,122.76356683004595
9470.0,100.42068735672085
9471.0,81.43168285261466
9472.0,56.57586555513261
9473.0,98.5981395285988
9474.0,124.86191436727668
9475.0,123.34892470777646
9476.0,119.70642234300792
9477.0,61.883089762145154
9478.0,80.87414974540152
9479.0,94.11009441455182
9480.0,124.31870749791564
9481.0,122.18247252125732
9482.0,106.31041348090068
9483.0,35.482732730061954
9484.0,25.07863730112093
9485.0,56.88728692119718
9486.0,118.44083738791267
9487.0,121.6114603433628
9488.0,112.79790597966638
9489.0,103.356335740958
9490.0,99.64499533660926
9491.0,126.8195088015836
9492.0,121.54046355453059
9493.0,124.48637779281917
9494.0,117.725364051477
9495.0,118.81617816068827
9496.0,55.20185585601964
9497.0,20.839642746975443
9498.0,109.11718781381028
9499.0,109.92243929783994
9500.0,50.766943234009375
9501.0,111.44470739654086
9502.0,76.11615457093758
9503.0,45.48418691408601
9504.0,15.116066717072995
9505.0,98.37886935987045
9506.0,120.13192446539674
9507.0,117.13290026621962
9508.0,102.38522438797177
9509.0,118.80802054373595
9510.0,121.50815330424568
9511.0,117.81029429964198
9512.0,123.2449097469451
9513.0,109.84120753492167
9514.0,122.55883368570272
9515.0,112.42933033435087
9516.0,106.15249354553828
9517.0,105.31403501829496
9518.0,122.20249022467816
9519.0,75.0815631167212
9520.0,43.45752269143266
9521.0,107.85895738350425
9522.0,62.286656780165885
9523.0,104.10782740425904
9524.0,99.83009648186523
9525.0,21.40915852742568
9526.0,103.06404185160181
9527.0,114.7423981535545
9528.0,76.61946698292172
9529.0,118.55945521118262
9530.0,96.35500149355457
9531.0,61.76260415974933
9532.0,84.78442897990901
9533.0,123.38025166745977
9534.0,101.04663829730964
9535.0,123.0742778294275
9536.0,109.34576531653872
9537.0,120.06882616354494
9538.0,93.27545442524853
9539.0,63.60199984600003
9540.0,121.85165019934058
9541.0,94.58015788359772
9542.0,122.19512843104913
9543.0,100.69111297566307
9544.0,90.30441998462955
9545.0,114.58918102434328
9546.0,73.57182448230989
9547.0,25.60847434953069
9548.0,92.17220216283378
9549.0,90.83044854625157
9550.0,108.1334325746426
9551.0,91.54817076005743
9552.0,112.3071968166589
9553.0,106.85798405610613
9554.0,115.76210999814553
9555.0,115.27084390178617
9556.0,47.75518619246168
9557.0,65.70438160913638
9558.0,116.56154468887459
9559.0,88.54153321744953
9560.0,47.51844079969058
9561.0,98.1704934032792
9562.0,122.11910287857309
9563.0,124.63962605875018
9564.0,123.94632455812992
9565.0,78.31964958934269
9566.0,99.02326620604828
9567.0,91.42272516370882
9568.0,71.63779654736885
9569.0,51.258355792863426
9570.0,109.82066021782467
9571.0,102.457758641048
9572.0,96.64737032668866
9573.0,104.91283084373777
9574.0,78.67859422215822
9575.0,116.84553577925792
9576.0,122.32952882192548
9577.0,122.93737408938436
9578.0,117.15817977365188
9579.0,122.54036249926251
9580.0,107.8409833335197
9581.0,125.2739604912283
9582.0,92.00601745441428
9583.0,72.38288864105827
9584.0,49.16134576869926
9585.0,114.27302791413886
9586.0,122.12584922114107
9587.0,121.58882699639801
9588.0,118.96567560246586
9589.0,112.57493734753791
9590.0,101.84404167139934
9591.0,83.41072651711954
9592.0,65.0026189088795
9593.0,87.94628734082238
9594.0,83.29325600487113
9595.0,65.30851061097106
9596.0,120.43348415574789
9597.0,82.67701804742588
9598.0,116.49461929266128
9599.0,113.47571526954219
9600.0,100.70680651558418
9601.0,91.91188237082656
9602.0,99.31965293653198
9603.0,116.25284601658585
9604.0,112.83417532677316
9605.0,123.60921787908988
9606.0,114.46757677655508
9607.0,93.94463626483571
9608.0,69.15706621160565
9609.0,93.94589167306155
9610.0,115.95703615083266
9611.0,102.66435301267391
9612.0,117.88773629068251
9613.0,88.31739781565638
9614.0,125.18025011986059
9615.0,125.41568549974264
9616.0,125.46911160265758
9617.0,106.24452773693822
9618.0,73.92056270799523
9619.0,124.93440849381264
9620.0,122.14890513451842
9621.0,89.31538010386748
9622.0,118.60071451755078
9623.0,92.65540463702001
9624.0,70.44567068022673
9625.0,82.69197156552443
9626.0,115.58905883612763
9627.0,105.80903912583621
9628.0,95.71356640404873
9629.0,78.10085370985462
9630.0,121.79181570445559
9631.0,105.14585267921237
9632.0,120.13621632640951
9633.0,120.09692589726336
9634.0,124.33109470544794
9635.0,124.62042269933711
9636.0,119.85396987141338
9637.0,121.20981845694457
9638.0,108.28874897614641
9639.0,81.16372531741162
9640.0,54.91516376220962
9641.0,111.32324515978644
9642.0,122.60426620624553
9643.0,86.80275541085169
9644.0,120.6847723554729
9645.0,124.20633913992609
9646.0,114.72382498568341
9647.0,118.44335303460696
9648.0,51.90289751255018
9649.0,88.14918907032218
9650.0,122.44845477221412
9651.0,109.62640116506559
9652.0,117.65730365938884
9653.0,119.57213828696977
9654.0,120.53584045807717
9655.0,104.98814737817352
9656.0,112.54409666143118
9657.0,106.18999219721736
9658.0,118.44573368426194
9659.0,113.9663971316574
9660.0,102.39739458530964
9661.0,120.07115498647015
9662.0,109.03655868920343
9663.0,107.42903204170983
9664.0,102.21054031832779
9665.0,70.5569795433758
9666.0,109.1819080737135
9667.0,96.24559030235966
9668.0,119.64807305130712
9669.0,117.66856063358006
9670.0,108.36289659862516
9671.0,120.50697599727421
9672.0,118.46660768498663
9673.0,74.72330596336072
9674.0,119.87734831788545
9675.0,122.89621793973728
9676.0,122.93224544616793
9677.0,122.44973344055816
9678.0,122.09262284592823
9679.0,122.18846327902251
9680.0,123.05969471040626
9681.0,123.53774539397959
9682.0,121.83931050057387
9683.0,76.47143055814625
9684.0,110.20462406666505
9685.0,120.49221965739744
9686.0,124.65759686978572
9687.0,122.57594401965098
9688.0,123.17989109942691
9689.0,117.04138260544583
9690.0,123.58886547892212
9691.0,118.78129679677266
9692.0,122.02670427810547
9693.0,121.36929508135404
9694.0,118.49102250050613
9695.0,113.203586037339
9696.0,123.6719270578636
9697.0,119.41523900097394
9698.0,122.53758430319728
9699.0,124.93942690683231
9700.0,124.31892142463684
9701.0,115.46882793529709
9702.0,122.4613527298522
9703.0,116.49884501427465
9704.0,86.6130873066527
9705.0,121.09921050805775
9706.0,122.87439070719425
9707.0,122.56411047738969
9708.0,119.48623970008529
9709.0,122.5519663515185
9710.0,122.83677671010881
9711.0,119.40849735124696
9712.0,110.10558211804883
9713.0,123.59072628234279
9714.0,123.82682193429162
9715.0,122.2954568238278
9716.0,123.74353724849661
9717.0,122.17328445867402
9718.0,83.14695441799128
9719.0,121.51413643674849
9720.0,123.43005121650611
9721.0,123.91530064840323
9722.0,123.18399351277503
9723.0,123.1511130972177
9724.0,123.86923397678362
9725.0,122.5891012282988
9726.0,99.21159318474305
9727.0,104.47917914573662
9728.0,121.59968812473878
9729.0,119.3693444276272
9730.0,119.54280442471628
9731.0,119.12052244964063
9732.0,121.74498401043229
9733.0,109.16378917094117
9734.0,119.69795578072049
9735.0,122.91677117973586
9736.0,122.35205934381615
9737.0,114.61688494267341
9738.0,95.04814461480998
9739.0,88.56420658038313
9740.0,102.2295452598202
9741.0,112.33169802442566
9742.0,118.77340735293227
9743.0,120.14829623092798
9744.0,119.35117756259703
9745.0,119.4463546722953
9746.0,74.84660109848274
9747.0,117.23986019962565
9748.0,118.68916019483926
9749.0,120.62387265938415
9750.0,120.53485397272766
9751.0,119.46858757843263
9752.0,78.8852898454503
9753.0,121.20532847100083
9754.0,123.24531987593623
9755.0,122.75230108064605
9756.0,107.90893397612187
9757.0,105.95597009594904
9758.0,118.76961747859221
9759.0,117.3114070295159
9760.0,85.84712303672838
9761.0,108.17265719761687
9762.0,120.47049856520317
9763.0,121.67630152773421
9764.0,115.6802256381865
9765.0,102.58948954743046
9766.0,95.5831464741227
9767.0,115.9679537151325
9768.0,105.05184946700187
9769.0,120.22211556759264
9770.0,121.07227670451522
9771.0,114.92558921301527
9772.0,120.77658917847485
9773.0,122.02516236453552
9774.0,122.09635935000487
9775.0,122.03971141366694
9776.0,118.7307807895119
9777.0,110.00431802121943
9778.0,122.6059209473114
9779.0,117.21768081983393
9780.0,117.52153646985087
9781.0,121.73051151846022
9782.0,105.46877390687247
9783.0,121.02909832414929
9784.0,120.29128417672618
9785.0,84.80308539900055
9786.0,116.48983463263905
9787.0,119.47508947936608
9788.0,118.6876264259994
9789.0,117.79745208116047
9790.0,108.46851592096773
9791.0,119.29266457846337
9792.0,117.67810241901194
9793.0,117.59826192200796
9794.0,98.991138918688
9795.0,118.32563730869416
9796.0,91.2710421353499
9797.0,120.90423023835577
9798.0,118.10881843240878
9799.0,121.72140031249762
9800.0,121.10761923372183
9801.0,120.13579235159915
9802.0,103.39043920026539
9803.0,119.27415952393308
9804.0,98.52565805077774
9805.0,113.61017541094348
9806.0,110.00057022596788
9807.0,121.84465648921066
9808.0,121.0827028949987
9809.0,121.84809404763106
9810.0,122.56442647590467
9811.0,119.73548552315239
9812.0,122.2104744985143
9813.0,121.243720750477
9814.0,122.27903319582579
9815.0,119.74888980025817
9816.0,114.39316106080165
9817.0,122.06704997751216
9818.0,119.29511730294533
9819.0,118.75101223730972
9820.0,117.64164762726926
9821.0,119.93796681583316
9822.0,122.01020192510504
9823.0,121.91844575931925
9824.0,117.50933538037192
9825.0,119.8428823881991
9826.0,120.33017089594489
9827.0,116.96315590805075
9828.0,101.37549244642973
9829.0,115.12827957343231
9830.0,120.71825352811153
9831.0,121.48652253231043
9832.0,121.16212773146857
9833.0,120.75953486737525
9834.0,117.51072522299322
9835.0,110.3296751677898
9836.0,120.22332098434272
9837.0,120.2732796761441
9838.0,119.06866910128518
9839.0,119.77820603403177
9840.0,120.86108901465295
9841.0,120.57858706215733
9842.0,121.08283779369509
9843.0,119.52016994097461
9844.0,120.88108627453654
9845.0,113.77527116476608
9846.0,119.53860636812297
9847.0,115.83796889590516
9848.0,120.21962177058755
9849.0,119.52494426048973
9850.0,119.95594630884135
9851.0,119.80430103200594
9852.0,109.37193578512382
9853.0,119.16320933048819
9854.0,120.39406065579858
9855.0,120.67122896829126
9856.0,120.31377269173342
9857.0,120.67762319936026
9858.0,120.83119225727017
9859.0,120.46348356159112
9860.0,119.33924425445274
9861.0,120.37665365997266
9862.0,120.04895844536341
9863.0,119.34694336292723
9864.0,118.75729794969367
9865.0,119.2270091883035
9866.0,119.51042441858137
9867.0,119.73939877857175
9868.0,118.82238837199371
9869.0,120.60574292211415
9870.0,120.10989331059976
9871.0,119.35619674045412
9872.0,119.5012856445858
9873.0,116.87930434851253
9874.0,119.37299058035411
9875.0,119.09287559351249
9876.0,114.58723909566402
9877.0,116.5617968337227
9878.0,119.98169530134038
9879.0,120.5315668310925
9880.0,120.80157041171641
9881.0,119.20059005214567
9882.0,120.48364256869596
9883.0,120.37892223169212
9884.0,120.40131107118827
9885.0,120.49958194155752
9886.0,120.43693045717659
9887.0,119.7988991032823
9888.0,119.46082903582098
9889.0,118.71941342935942
9890.0,118.00642563558765
9891.0,116.91920344073733
9892.0,116.56037226888071
9893.0,116.54599501981326
9894.0,116.97251682771032
9895.0,118.15917833860833
9896.0,118.69864973475507
9897.0,118.86793919276342
9898.0,119.23093187109546
9899.0,118.5870386332096
9900.0,118.0982651341267
9901.0,117.8217688988829
9902.0,114.78847491608715
9903.0,116.86247469128578
9904.0,117.76207341012646
9905.0,118.6129954176642
9906.0,119.16326348866481
9907.0,119.68207571738763
9908.0,119.47315439747914
9909.0,119.9803238998129
9910.0,119.98711780698954
9911.0,118.57832402755785
9912.0,119.30486256486274
9913.0,118.39895810837726
9914.0,118.39067421718377
9915.0,118.01982403875753
9916.0,117.90978216839017
9917.0,118.21495408218564
9918.0,118.25654810682414
9919.0,119.18255007310051
9920.0,119.72469321127063
9921.0,120.13104169807487
9922.0,119.84566000523527
9923.0,119.26927325696657
9924.0,119.88401387143949
9925.0,119.64019121129147
9926.0,119.21496791980212
9927.0,119.38243369370413
9928.0,119.39439096936711
9929.0,116.6504807645158
9930.0,117.89135077403095
9931.0,119.14700352223805
9932.0,118.578971618544
9933.0,118.82364625838805
9934.0,118.4620166219354
9935.0,118.76092495898631
9936.0,118.95567440375339
9937.0,118.72184182101184
9938.0,119.24338859780183
9939.0,119.394176104805
9940.0,119.61687602799039
9941.0,119.59624293372046
9942.0,119.28074504615775
9943.0,119.16352958190859
9944.0,118.69370563622444
9945.0,119.1151669447409
9946.0,119.07876728686794
9947.0,119.01344008989393
9948.0,118.99328577975231
9949.0,118.9313985476935
9950.0,118.86109300704153
9951.0,118.73490870204485
9952.0,118.61566345724363
9953.0,118.24508997455291
9954.0,118.28620196062082
9955.0,118.31474722422384
9956.0,118.47886391570562
9957.0,118.65329715534506
9958.0,118.3847770684896
9959.0,118.70465947250673
9960.0,118.2710665881309
9961.0,118.60054663357981
9962.0,118.6193547395422
9963.0,118.57103210817647
9964.0,118.44469873961492
9965.0,118.55622514038583
9966.0,118.64242054602448
9967.0,118.64535592080055
9968.0,118.63512662099559
9969.0,118.64451431933206
9970.0,117.98949368246521
9971.0,118.68254237479225
9972.0,118.55627026243324
9973.0,118.65813762718585
9974.0,118.63669995304181
9975.0,118.6474784414274
9976.0,118.57640172648424
9977.0,118.44370500047833
9978.0,118.44320325532553
9979.0,118.33424090685534
9980.0,117.42058526565621
9981.0,118.30871850321093
9982.0,118.26154059934093
9983.0,118.28441476576688
9984.0,118.25200446583224
9985.0,118.0904231747265
9986.0,117.95594459121548
9987.0,117.29653953887245
9988.0,117.84471202238217
9989.0,117.63470680143315
9990.0,117.89320640066234
9991.0,117.85413234733284
9992.0,117.61890195502187
9993.0,117.75502294398203
9994.0,117.73645003812167
9995.0,117.47047338386236
9996.0,116.19414878127624
9997.0,117.1799662522243
9998.0,117.21410043488815
9999.0,117.2511911888138
10000.0,117.12445052770056
10001.0,117.19606869822431
10002.0,116.49136013775376
10003.0,117.47922605019151
10004.0,117.56457172267537
10005.0,117.69551588233327
10006.0,117.86944590203655
10007.0,117.92181024811605
10008.0,117.95931239674528
10009.0,117.97520481048083
10010.0,117.92196637290783
10011.0,117.84125426066842
10012.0,117.79996322046752
10013.0,117.3624799858268
10014.0,117.4527364646448
10015.0,117.59782040614544
10016.0,117.93689363403362
10017.0,117.97518513282952
10018.0,117.8411714566804
10019.0,116.30101685994963
10020.0,115.56780380872603
10021.0,116.97146272231156
10022.0,117.44886151222676
10023.0,117.50498636612777
10024.0,116.63430253140166
10025.0,116.581659213513
10026.0,116.18278987462833
10027.0,116.84058605380505
10028.0,116.69341148433783
10029.0,116.4492249247669
10030.0,116.4838821334149
10031.0,116.34381740452035
10032.0,116.25105739072457
10033.0,116.18358155086025
10034.0,115.97809283934392
10035.0,115.70806562797672
10036.0,115.56175488048675
10037.0,115.41255062259668
10038.0,115.24332364540392
10039.0,115.08136428383634
10040.0,113.9123317626048
10041.0,114.93430505144974
10042.0,115.19572123933804
10043.0,115.11455129667684
10044.0,114.37425012063875
10045.0,114.19389199782933
10046.0,113.77688201357068
10047.0,112.45215610859486
10048.0,110.66146576973742
10049.0,108.78689185845457
10050.0,107.02296726823428
10051.0,105.44053743071251
10052.0,105.1380114891418
10053.0,105.57964235738015
10054.0,106.75492050106632
10055.0,108.19296839187956
10056.0,108.62364024886345
10057.0,111.15042067487649
10058.0,112.20149684210126
10059.0,112.80271812089826
10060.0,113.11423851669213
10061.0,113.39853561812558
10062.0,113.43456142831624
10063.0,114.29599881146906
10064.0,114.70653154016861
10065.0,115.08577574201752
10066.0,115.37659745758984
10067.0,115.08873825030376
10068.0,115.5679018258064
10069.0,115.60447675093206
10070.0,115.62605474127051
10071.0,115.59170464061395
10072.0,115.39038583861145
10073.0,115.90634344126232
10074.0,116.17358356868357
10075.0,116.31967639849674
10076.0,116.25889808949253
10077.0,116.43268192930665
10078.0,116.46495870561841
10079.0,116.3458873329019
10080.0,115.13952492120245
10081.0,115.60957324814413
10082.0,115.86252885800474
10083.0,115.763440176063
10084.0,115.51708469555378
10085.0,115.15519743748686
10086.0,115.4603590389759
10087.0,115.47263548863243
10088.0,115.53794294508862
10089.0,115.62525875009182
10090.0,114.33030783053557
10091.0,115.89840013858148
10092.0,115.58236512500696
10093.0,116.01612013610435
10094.0,115.10196862925362
10095.0,114.97126049791511
10096.0,115.12306707130352
10097.0,115.90854906031316
10098.0,115.41871360219785
10099.0,116.02753103994726
10100.0,115.55672634648292
10101.0,115.97134430352439
10102.0,115.94292825769996
10103.0,115.18058200534301
10104.0,115.76142589879737
10105.0,115.5165525667688
10106.0,115.42907245208316
10107.0,115.28829552508627
10108.0,115.12988057179088
10109.0,115.02819533473324
10110.0,115.42963125318161
10111.0,115.58942780470491
10112.0,115.60844507233493
10113.0,115.60955933514575
10114.0,115.61367898923693
10115.0,115.40373020526432
10116.0,115.41912577869658
10117.0,115.41341189730662
10118.0,115.05086975550392
10119.0,115.44467566173678
10120.0,115.63074652757481
10121.0,115.55486423637876
10122.0,114.10505885458682
10123.0,115.11626074015447
10124.0,114.84030639740024
10125.0,114.58038784912151
10126.0,114.33978105511801
10127.0,114.23537178955655
10128.0,114.43265679298506
10129.0,114.73963361263198
10130.0,114.96114733017438
10131.0,115.21248053694418
10132.0,114.94204257898193
10133.0,115.55766788220276
10134.0,115.55835079941534
10135.0,115.53454988793762
10136.0,115.4869084310329
10137.0,115.42418439160296
10138.0,115.36328326833099
10139.0,115.33078905282966
10140.0,115.26820960344611
10141.0,115.1942857103298
10142.0,115.07612666015454
10143.0,114.67531913016272
10144.0,113.72675837341568
10145.0,113.41700878699453
10146.0,113.25050154726812
10147.0,112.7568972100394
10148.0,112.11442203987163
10149.0,112.867420384263
10150.0,113.33435525263852
10151.0,113.75565585791841
10152.0,114.05928368697
10153.0,114.39404552937891
10154.0,114.47465170461183
10155.0,114.22069230072768
10156.0,112.91107677378628
10157.0,113.82119583464046
10158.0,113.79147824073245
10159.0,113.8144605933651
10160.0,113.96918638435203
10161.0,114.1157825557505
10162.0,114.00677326000259
10163.0,113.68177793591724
10164.0,113.34933410398398
10165.0,112.92182522090428
10166.0,112.40185327968373
10167.0,112.10993168012523
10168.0,111.97294010159007
10169.0,112.60396704027117
10170.0,112.76378419334567
10171.0,113.54907601190625
10172.0,114.11187748536727
10173.0,114.37191016123866
10174.0,114.4292247290699
10175.0,113.84574170380809
10176.0,114.56756013706476
10177.0,114.61286942353745
10178.0,114.61258397613797
10179.0,114.54632128842292
10180.0,114.59142498398774
10181.0,114.40065219028641
10182.0,113.82466777170288
10183.0,113.16841501331987
10184.0,112.53917487974707
10185.0,111.86362290632805
10186.0,111.05891320310297
10187.0,111.04351964860909
10188.0,111.36420384033919
10189.0,111.7310008464916
10190.0,111.99776254007071
10191.0,112.18043699490765
10192.0,112.24003029485081
10193.0,111.61560284936857
10194.0,109.55722033944878
10195.0,111.10913929708055
10196.0,111.18926183310008
10197.0,111.48929929022626
10198.0,111.79970698633096
10199.0,112.27631225337961
10200.0,112.83421574740548
10201.0,113.1986905595042
10202.0,113.19382455797937
10203.0,113.21611390468321
10204.0,112.88483138568422
10205.0,112.83799285980855
10206.0,113.02632022540875
10207.0,113.08219449890026
10208.0,113.14394666045278
10209.0,113.15510579108039
10210.0,113.19480922676577
10211.0,113.2277283994405
10212.0,113.27031077589739
10213.0,113.08177777824955
10214.0,112.8794496584053
10215.0,112.33279338503748
10216.0,111.61822988803176
10217.0,110.67122064491697
10218.0,110.37017269970698
10219.0,110.22069123770584
10220.0,110.32430852707856
10221.0,110.69065380122875
10222.0,111.30664392739921
10223.0,112.03066410448663
10224.0,112.7756693933971
10225.0,113.25680577122051
10226.0,113.53083094787131
10227.0,113.60112803428063
10228.0,113.52810865362777
10229.0,112.60324635485952
10230.0,113.16355147867381
10231.0,113.48604702883897
10232.0,113.48811081927566
10233.0,113.49035535278479
10234.0,113.5095555318396
10235.0,113.20402071564372
10236.0,113.1663881043904
10237.0,113.25888772988127
10238.0,112.74400552692278
10239.0,111.82341671130519
10240.0,111.86194935293554
10241.0,112.93896874139199
10242.0,113.00804802630816
10243.0,113.04023589694265
10244.0,112.98799705022287
10245.0,112.98718653486839
10246.0,113.00054557647873
10247.0,112.96434825177171
10248.0,112.85459592643367
10249.0,112.8821821103801
10250.0,112.91341318464482
10251.0,112.91847850254518
10252.0,112.93186038195073
10253.0,112.72624325985048
10254.0,113.04579543512251
10255.0,113.05671918148515
10256.0,113.07358314184694
10257.0,113.07513625847861
10258.0,112.61813727969749
10259.0,113.11454129051633
10260.0,113.09562082627065
10261.0,113.03320480184958
10262.0,112.93524831024915
10263.0,112.46332417369408
10264.0,112.59365247665346
10265.0,112.53683583698033
10266.0,112.46001984343692
10267.0,112.41957783997562
10268.0,112.39226230493736
10269.0,112.45268142818266
10270.0,112.5439076427615
10271.0,112.60033593760978
10272.0,112.58512362423907
10273.0,111.96858290199702
10274.0,112.59399728584094
10275.0,112.54719278620873
10276.0,111.71311112426335
10277.0,112.50362299563983
10278.0,112.67943073228676
10279.0,112.73287267915275
10280.0,112.78010097917694
10281.0,112.81636851985866
10282.0,112.82485418923656
10283.0,112.80412609021161
10284.0,112.76575641390897
10285.0,112.70008160822563
10286.0,111.89400567949025
10287.0,112.05130372053733
10288.0,111.45237868247277
10289.0,110.9827833354593
10290.0,110.6599750708862
10291.0,110.22945634534155
10292.0,110.18592727031185
10293.0,110.47819323975321
10294.0,110.75167399263725
10295.0,111.217218091435
10296.0,111.73175629875519
10297.0,112.10323430643157
10298.0,112.2391284741104
10299.0,112.16086421600585
10300.0,111.78831505810692
10301.0,111.72016248677484
10302.0,111.59823061466389
10303.0,111.50883494387998
10304.0,111.4086860942957
10305.0,111.37763406353564
10306.0,111.42081843714924
10307.0,111.48566253546386
10308.0,111.54690032950775
10309.0,111.5818226433689
10310.0,111.5149881102762
10311.0,111.58436690431077
10312.0,111.49478736954318
10313.0,111.41200193234107
10314.0,111.30472947269205
10315.0,110.81796491794529
10316.0,111.16324254868765
10317.0,111.25093937251283
10318.0,111.31673695412687
10319.0,111.39170129079474
10320.0,111.47451335829231
10321.0,111.61106651982541
10322.0,111.64067314807473
10323.0,111.60469876804626
10324.0,111.5052336819876
10325.0,111.29551244135999
10326.0,110.8355655211956
10327.0,110.31241038248312
10328.0,109.66782991533165
10329.0,108.98470734229514
10330.0,108.37044836905406
10331.0,108.04742018323587
10332.0,108.09155172958508
10333.0,108.2896088362238
10334.0,108.56086421798477
10335.0,109.41039676799
10336.0,110.12175604130223
10337.0,110.51144714102458
10338.0,110.87274001777534
10339.0,110.79078784952897
10340.0,110.64116824923686
10341.0,110.31736405255037
10342.0,109.67302340100476
10343.0,109.00476284588977
10344.0,108.61431593768799
10345.0,108.36432768061947
10346.0,108.06076806471012
10347.0,107.99103446120992
10348.0,108.40982380236255
10349.0,108.8835183511536
10350.0,109.19472053432838
10351.0,109.48336063335496
10352.0,109.99320742243596
10353.0,110.20316678604974
10354.0,110.26790999142412
10355.0,110.30093557469168
10356.0,110.34377124039798
10357.0,110.43379746252114
10358.0,110.51938663383234
10359.0,110.56532082320649
10360.0,110.66662479798869
10361.0,110.66052719520064
10362.0,110.78942680899912
10363.0,110.74320071643525
10364.0,110.64245586439762
10365.0,110.50523894148986
10366.0,110.37942402941829
10367.0,110.26709660776552
10368.0,110.20268865702755
10369.0,109.90662467164522
10370.0,109.29577309691729
10371.0,108.73977299145156
10372.0,108.28064725269377
10373.0,107.75505351101978
10374.0,107.35019835539507
10375.0,107.40170809024285
10376.0,107.7654695765569
10377.0,108.0367929573573
10378.0,108.25636295313474
10379.0,108.5995087133664
10380.0,108.9517509643763
10381.0,108.92181608472302
10382.0,108.9425459167325
10383.0,109.18505310924749
10384.0,109.43013997197725
10385.0,109.64618606409387
10386.0,109.9340888336195
10387.0,110.14259452370007
10388.0,110.16645385786185
10389.0,110.09315894533691
10390.0,109.90270397300822
10391.0,109.79656151364519
10392.0,109.62789283879422
10393.0,109.4633401741372
10394.0,109.01321867508089
10395.0,108.67263689066117
10396.0,108.36872644461427
10397.0,108.11248727892827
10398.0,107.78751609369742
10399.0,107.82142685260706
10400.0,108.13427907248511
10401.0,108.42177280326597
10402.0,108.77390960548632
10403.0,109.09107610695654
10404.0,109.39915854735182
10405.0,109.43026842781498
10406.0,109.27704134446886
10407.0,109.1692910372461
10408.0,109.0058244885586
10409.0,108.96347544638509
10410.0,108.96591336639948
10411.0,109.10433760142162
10412.0,109.28676984407747
10413.0,109.38359514150306
10414.0,109.52368339140439
10415.0,109.62270613293573
10416.0,109.6206498996425
10417.0,109.56568081556262
10418.0,109.48592504067597
10419.0,109.40426456473384
10420.0,109.36880229409884
10421.0,109.2633481719361
10422.0,108.9995521750117
10423.0,108.72663902188623
10424.0,108.44956594182811
10425.0,107.99137180596914
10426.0,107.57611880877053
10427.0,107.39129056535268
10428.0,107.3505467670745
10429.0,107.38470356048141
10430.0,107.59829610914966
10431.0,108.0400454741187
10432.0,108.4586780330526
10433.0,108.67275530831719
10434.0,108.7948066556914
10435.0,108.90929250318152
10436.0,108.89279727649593
10437.0,108.80593650362476
10438.0,108.70798058368541
10439.0,108.6941945550833
10440.0,108.73091845351912
10441.0,108.78918644972634
10442.0,108.85060141512149
10443.0,108.92508001313078
10444.0,109.00499539348921
10445.0,109.01695067869022
10446.0,108.94578407926029
10447.0,108.72921229713953
10448.0,108.5224204672756
10449.0,108.32032345085352
10450.0,108.14548003583691
10451.0,107.95209447751085
10452.0,107.84629391691695
10453.0,107.7076288597269
10454.0,107.3697050923299
10455.0,106.99333343616993
10456.0,106.60982482541561
10457.0,106.24853342930915
10458.0,105.43069862314105
10459.0,105.06970511592553
10460.0,105.01861428182916
10461.0,105.07897527432836
10462.0,105.18527212836108
10463.0,105.6481434332172
10464.0,106.38735792700791
10465.0,107.04514514402685
10466.0,107.49187397241076
10467.0,107.7407328313999
10468.0,107.745049958858
10469.0,107.6007701861602
10470.0,107.27422470934214
10471.0,106.86652586169075
10472.0,106.47711957638714
10473.0,106.51497098425429
10474.0,106.7815880577843
10475.0,107.11768374191193
10476.0,107.43964633974979
10477.0,107.80993836569706
10478.0,108.19630042375287
10479.0,108.33204274440857
10480.0,108.30595645198125
10481.0,108.24435243824242
10482.0,108.20034976053967
10483.0,108.13937078743567
10484.0,107.99463023527657
10485.0,107.85016577441922
10486.0,107.7615674867344
10487.0,107.69857404735582
10488.0,107.61750469689237
10489.0,107.56815124239141
10490.0,107.68582345655562
10491.0,107.66294548876834
10492.0,107.7142201500772
10493.0,107.76582651110611
10494.0,107.65976957939267
10495.0,107.52905238008795
10496.0,107.40133974232609
10497.0,107.24385793579908
10498.0,107.09437270968725
10499.0,107.0421053888304
10500.0,107.0096491620865
10501.0,106.9955023309824
10502.0,107.03869963227952
10503.0,107.11874108636964
10504.0,107.10767353714067
10505.0,107.15105297856228
10506.0,107.23637177904682
10507.0,107.28496894930723
10508.0,107.30874394200296
10509.0,107.29190757456553
10510.0,107.34240913264468
10511.0,107.30027893239712
10512.0,107.29379711526072
10513.0,107.16621466283858
10514.0,107.24300310423386
10515.0,107.14023286632376
10516.0,107.07309264129287
10517.0,106.84281804778949
10518.0,106.83421163341069
10519.0,106.5849097723018
10520.0,106.5344603319027
10521.0,106.43179531303049
10522.0,106.51532581773726
10523.0,106.71987697489199
10524.0,106.71890339588552
10525.0,107.00238943161997
10526.0,107.12651065679054
10527.0,107.25930225325857
10528.0,107.18116813591364
10529.0,106.94530824796306
10530.0,106.7595641088007
10531.0,106.29854834896145
10532.0,105.9304661632546
10533.0,105.63422189076297
10534.0,105.31952994558283
10535.0,105.14402994969642
10536.0,105.30264903595217
10537.0,105.50879429068593
10538.0,105.82509160996777
10539.0,106.09089223461596
10540.0,106.34210012109615
10541.0,106.65832997621071
10542.0,106.72329515827417
10543.0,106.66646031224231
10544.0,106.69099494658109
10545.0,106.6615107674348
10546.0,106.60299129057505
10547.0,106.6042534906815
10548.0,106.59400213579583
10549.0,106.56590863739983
10550.0,106.61750566439744
10551.0,106.6554796455231
10552.0,106.64711217145222
10553.0,106.66041167044263
10554.0,106.67618044609365
10555.0,106.68285180794827
10556.0,106.62850489414137
10557.0,106.56360711285556
10558.0,106.51012371483162
10559.0,106.4408867007188
10560.0,106.37017168531054
10561.0,106.31553683748507
10562.0,106.29792288997673
10563.0,106.28435180995841
10564.0,106.24938390523832
10565.0,106.25582431699728
10566.0,106.2597274284365
10567.0,106.25782636789823
10568.0,106.24118250780866
10569.0,106.24163102203669
10570.0,106.25115199740587
10571.0,106.21527118876102
10572.0,106.22352677354495
10573.0,106.20859646558172
10574.0,106.13580121760123
10575.0,106.03979529370096
10576.0,105.94171970876684
10577.0,105.85110752429956
10578.0,105.74453721235837
10579.0,105.59384075622185
10580.0,105.38608519062782
10581.0,105.1602294641593
10582.0,104.80410774174399
10583.0,103.7446213608809
10584.0,102.68641077092842
10585.0,101.78499511552867
10586.0,101.08661881011146
10587.0,100.40849209451412
10588.0,100.21520737755274
10589.0,100.88497502669286
10590.0,101.84351998816982
10591.0,102.77148581828655
10592.0,103.69305707233501
10593.0,104.73446567214562
10594.0,105.35165428407849
10595.0,105.557588244438
10596.0,105.57447906106486
10597.0,105.57169552473809
10598.0,105.57379391397146
10599.0,105.54836377510824
10600.0,105.46642871805875
10601.0,105.06803715626157
10602.0,104.3326727036537
10603.0,103.48394834859451
10604.0,102.66645688807533
10605.0,101.90820944103837
10606.0,101.20937423238729
10607.0,100.91677767993711
10608.0,101.36826281770631
10609.0,102.02714028566685
10610.0,102.57039495595582
10611.0,103.18945637396084
10612.0,103.85656952848517
10613.0,104.36982977807735
10614.0,104.39599404621983
10615.0,104.29440369037651
10616.0,104.27647540035957
10617.0,104.27265037663383
10618.0,104.25662949208987
10619.0,104.2442121624465
10620.0,104.39582692027108
10621.0,104.53725661202996
10622.0,104.6318203722718
10623.0,104.58090348396776
10624.0,104.48273105587852
10625.0,104.51048871538559
10626.0,103.95706242586274
10627.0,103.42757948374383
10628.0,102.80555969971053
10629.0,102.48071938543019
10630.0,101.84170501322255
10631.0,101.92788135780374
10632.0,102.23867761397736
10633.0,102.5287525834598
10634.0,102.79985902426374
10635.0,103.15923155566884
10636.0,103.74438549677116
10637.0,104.03785446384921
10638.0,104.04064395686241
10639.0,104.16668804827012
10640.0,104.0954761844692
10641.0,104.24214130712824
10642.0,104.16389127017707
10643.0,104.27791668377655
10644.0,104.1300754361626
10645.0,104.22332291116736
10646.0,104.18259544971536
10647.0,103.60489246623509
10648.0,104.02577685774067
10649.0,103.84208821402498
10650.0,103.93059654707623
10651.0,103.62271123526448
10652.0,103.70022725384506
10653.0,103.7803966419326
10654.0,103.59771494764296
10655.0,103.79562784971642
10656.0,103.7595331579034
10657.0,103.51140724814177
10658.0,103.30827432006066
10659.0,102.3304304352071
10660.0,101.78861712997782
10661.0,101.07604858444938
10662.0,100.36364246131396
10663.0,99.67551882559856
10664.0,99.41544184061593
10665.0,99.50445301476103
10666.0,100.32520758973531
10667.0,100.94331818448126
10668.0,101.59739720240142
10669.0,102.21800719448623
10670.0,102.53460428216546
10671.0,102.88588648984987
10672.0,103.12225334678722
10673.0,103.14158628342116
10674.0,103.1286123641405
10675.0,103.08269509625235
10676.0,102.59209354480387
10677.0,103.1055667755452
10678.0,102.95407210201049
10679.0,102.95646784070115
10680.0,102.92665780420715
10681.0,102.32547210045456
10682.0,101.8783996084117
10683.0,100.88257233300416
10684.0,100.06697449687249
10685.0,99.02156585783715
10686.0,98.45407641781641
10687.0,98.02947411055804
10688.0,97.79103850287619
10689.0,97.46677961106575
10690.0,97.20539686750615
10691.0,97.16657560192672
10692.0,96.81068339490842
10693.0,96.05378177993708
10694.0,95.60958068674857
10695.0,95.78169570963063
10696.0,97.2214149715306
10697.0,97.77483062329534
10698.0,98.82466012093518
10699.0,99.88649324351233
10700.0,101.28903571765203
10701.0,101.96287661853245
10702.0,101.37288615378041
10703.0,102.75673134946823
10704.0,103.02416665950133
10705.0,102.75203956971558
10706.0,102.37101838994786
10707.0,101.89153048002005
10708.0,101.76251222270085
10709.0,101.48010995051656
10710.0,101.08096609160067
10711.0,101.37552931479954
10712.0,101.70766860485834
10713.0,102.08688585427706
10714.0,102.34952782862013
10715.0,102.41406551818275
10716.0,102.6508758216803
10717.0,102.57692518753156
10718.0,102.40262142094276
10719.0,101.83136218808066
10720.0,102.11212717088976
10721.0,101.84547490794371
10722.0,102.35090624131105
10723.0,102.41425594899763
10724.0,101.4356619645448
10725.0,102.20972363613284
10726.0,100.74100366770226
10727.0,100.88348920185285
10728.0,100.00217943853828
10729.0,99.09516922837803
10730.0,97.85846896166882
10731.0,97.93669120447927
10732.0,98.16279005346802
10733.0,98.67382748550463
10734.0,99.58773895822011
10735.0,100.39723356072093
10736.0,101.33425454471316
10737.0,102.10634932863324
10738.0,102.59817803741015
10739.0,102.83382642549144
10740.0,102.8377847239419
10741.0,102.78963681073918
10742.0,102.53260546759674
10743.0,102.33368457733323
10744.0,102.0396765932706
10745.0,101.75814240617783
10746.0,98.78031804581263
10747.0,100.13003409870215
10748.0,98.25802368131679
10749.0,99.01164425554425
10750.0,99.35502973293389
10751.0,98.8412303372364
10752.0,98.20969850402781
10753.0,97.94374818460751
10754.0,98.58706376282257
10755.0,98.95186365144298
10756.0,99.33439261792445
10757.0,99.9982337083414
10758.0,100.89998014902324
10759.0,101.68366746667024
10760.0,102.0522760154892
10761.0,102.32946766754483
10762.0,102.63334104061232
10763.0,102.64036380309594
10764.0,102.08919531583474
10765.0,102.3156428558532
10766.0,102.25594991888293
10767.0,101.99973861534914
10768.0,101.73663519766302
10769.0,101.48964602267382
10770.0,101.41815317749966
10771.0,101.36357102232095
10772.0,100.92958015768495
10773.0,101.67216465961563
10774.0,101.44874882152061
10775.0,96.43044406116955
10776.0,99.99437684189907
10777.0,102.35455068527907
10778.0,102.40572273605066
10779.0,102.36180781774982
10780.0,102.2272610008245
10781.0,101.91289294632844
10782.0,100.68326696214964
10783.0,100.85252485192758
10784.0,99.9832809051897
10785.0,98.15892718369291
10786.0,98.16644680619895
10787.0,97.61199241349982
10788.0,97.35459028828978
10789.0,97.25490375021397
10790.0,97.36820701611923
10791.0,98.370488884204
10792.0,99.36794935325469
10793.0,100.16840979729024
10794.0,100.75941701217366
10795.0,100.63272455992124
10796.0,101.7499996825094
10797.0,101.75804171515102
10798.0,100.6752303590923
10799.0,101.42587096622046
10800.0,101.20742428470591
10801.0,101.2511526386879
10802.0,99.21566486849505
10803.0,95.62449353709562
10804.0,101.22762425006181
10805.0,101.32653399162344
10806.0,100.98531570710274
10807.0,99.86322115225882
10808.0,100.95572304845429
10809.0,99.29871351078694
10810.0,99.11296707595042
10811.0,98.38241055918012
10812.0,97.37042405647793
10813.0,96.49084627549307
10814.0,91.70389599543577
10815.0,95.88943080869674
10816.0,97.17258118358083
10817.0,97.79852668972579
10818.0,98.29619609698607
10819.0,97.18696550484631
10820.0,98.79114945060255
10821.0,98.33144542574415
10822.0,98.44751721333292
10823.0,98.12265420630351
10824.0,97.61470939038782
10825.0,96.81866380803336
10826.0,96.54441667175223
10827.0,96.13648735049269
10828.0,95.5592130389043
10829.0,94.99379384368027
10830.0,94.81869980301063
10831.0,95.2175284651768
10832.0,95.98838241399604
10833.0,96.59582638945533
10834.0,97.22219958298346
10835.0,89.92066075920158
10836.0,98.92582459196169
10837.0,96.62657399551793
10838.0,99.77288457385998
10839.0,100.08316314153566
10840.0,100.08262413013391
10841.0,98.39026883400945
10842.0,99.90210218197949
10843.0,99.67540611071246
10844.0,98.51183866585116
10845.0,99.29014970768242
10846.0,96.54177361682758
10847.0,98.6050927070637
10848.0,98.93525462571672
10849.0,99.26094522329798
10850.0,99.53775722399763
10851.0,99.82543340033988
10852.0,99.38944359213164
10853.0,99.72894952677112
10854.0,100.00480953957319
10855.0,100.5221211222387
10856.0,100.13244422515044
10857.0,100.66962292240508
10858.0,100.6335682043585
10859.0,100.5026580616293
10860.0,93.6148464808644
10861.0,98.70730375475847
10862.0,98.92675306994462
10863.0,81.41783163040117
10864.0,98.57741968663865
10865.0,98.61204424477367
10866.0,97.1531234886363
10867.0,96.75242771436562
10868.0,96.14032430285997
10869.0,95.15588808604421
10870.0,94.14990694674351
10871.0,89.7593739857489
10872.0,90.53889654959423
10873.0,92.73176817518696
10874.0,93.85520680899288
10875.0,94.92721793796225
10876.0,96.048879831976
10877.0,97.2425915806736
10878.0,96.64489810775932
10879.0,99.12400869250739
10880.0,99.52322498393872
10881.0,99.31076356434104
10882.0,98.86150461391455
10883.0,98.20701199094192
10884.0,97.32798703657522
10885.0,94.05236734799018
10886.0,95.97765175093666
10887.0,95.74396490301173
10888.0,95.62714612020514
10889.0,95.59089263879281
10890.0,95.8279929789707
10891.0,96.16783400083044
10892.0,92.7109210935645
10893.0,97.34479582111413
10894.0,97.9021932504059
10895.0,93.287449357483
10896.0,97.74079140894501
10897.0,97.84184200154914
10898.0,97.74811947878116
10899.0,97.7599027915776
10900.0,98.01124611537954
10901.0,97.92892758918153
10902.0,95.9845153666908
10903.0,98.28149475867852
10904.0,86.26740866336853
10905.0,98.66323884615319
10906.0,98.59957134653517
10907.0,94.92378304475037
10908.0,98.56064788624728
10909.0,98.79038517428188
10910.0,98.84528750418416
10911.0,98.80418839850536
10912.0,97.90265360127493
10913.0,98.19799310973922
10914.0,97.76715585049905
10915.0,97.53869497271346
10916.0,97.13899070859554
10917.0,96.69519307018196
10918.0,96.027842575371
10919.0,96.5234686692166
10920.0,96.27512906667693
10921.0,97.0512988645387
10922.0,97.28129378595493
10923.0,97.54588647307654
10924.0,97.46967422998806
10925.0,96.77940509858564
10926.0,78.69717952820044
10927.0,95.18988153919753
10928.0,83.03089802870959
10929.0,94.7821551302102
10930.0,95.44694985065654
10931.0,95.67082285139058
10932.0,95.26572676275431
10933.0,94.73261879934779
10934.0,90.99240964504054
10935.0,93.4214168920388
10936.0,92.07673434974764
10937.0,90.50371389515702
10938.0,85.44638318509506
10939.0,87.71805130756898
10940.0,86.8609049585742
10941.0,86.19657346145269
10942.0,86.34804831998859
10943.0,86.43874819393507
10944.0,88.8193196849499
10945.0,88.68431977749356
10946.0,90.03774037010787
10947.0,89.51075841748887
10948.0,91.59722725350753
10949.0,84.22264315367693
10950.0,92.84305627628406
10951.0,94.23130516179698
10952.0,94.73714555563464
10953.0,93.92400101981498
10954.0,93.8727102694831
10955.0,94.15113801641282
10956.0,93.7706440041086
10957.0,92.18656052201209
10958.0,91.3783734705786
10959.0,84.30788280974913
10960.0,85.51225829054405
10961.0,93.62066535943643
10962.0,93.43122563548103
10963.0,87.12847246867058
10964.0,94.00283439859585
10965.0,92.49498765382053
10966.0,93.34396095386514
10967.0,93.3314207668133
10968.0,92.75372777430229
10969.0,92.64925223850024
10970.0,93.02281967856352
10971.0,93.45191302713155
10972.0,93.13549876981874
10973.0,94.11699033958341
10974.0,94.96043476239682
10975.0,95.27306938789053
10976.0,89.64831990871532
10977.0,93.69374539998094
10978.0,92.45515089947439
10979.0,83.35896274665153
10980.0,87.452317951362
10981.0,91.51696149173941
10982.0,87.9648446108492
10983.0,91.13269465558278
10984.0,91.16530684351427
10985.0,87.73937013952768
10986.0,90.58210480532999
10987.0,89.71255946814848
10988.0,92.1489248550382
10989.0,86.367882065905
10990.0,92.08168762336149
10991.0,89.82050587647682
10992.0,94.69764585772722
10993.0,95.47218742876112
10994.0,93.06250105887669
10995.0,91.9129691037529
10996.0,93.5935263397094
10997.0,74.28682871765687
10998.0,90.02530045918698
10999.0,89.26593409958966
11000.0,90.46366907176879
