wav,flux
3000.0,0.4401073303295073
3001.0,0.4402929436227014
3002.0,0.45382410409395635
3003.0,0.47579840685551184
3004.0,0.4902073648595268
3005.0,0.5053630062739608
3006.0,0.517225434217093
3007.0,0.5403707080782582
3008.0,0.568472436352115
3009.0,0.600932674590401
3010.0,0.6395218304599367
3011.0,0.6729438486771221
3012.0,0.7162058929760226
3013.0,0.7467462723265961
3014.0,0.7706690981906676
3015.0,0.801896258043508
3016.0,0.8221342266746453
3017.0,0.8342473244916292
3018.0,0.8461888435654641
3019.0,0.8587530520447364
3020.0,0.8728821357824696
3021.0,0.8945475034577862
3022.0,0.9229317761591652
3023.0,0.9495005643795691
3024.0,0.9819204107109769
3025.0,1.0259832684859314
3026.0,1.0708653300578288
3027.0,1.1194721033445179
3028.0,1.1723459163198233
3029.0,1.214723401279515
3030.0,1.272511387962843
3031.0,1.3228912541502655
3032.0,1.3637704905460144
3033.0,1.402062183562459
3034.0,1.4271488428675836
3035.0,1.4540073684017283
3036.0,1.4794709809130546
3037.0,1.5063133204501769
3038.0,1.5203717859987618
3039.0,1.5177580069041277
3040.0,1.5232719780091155
3041.0,1.5449502702560793
3042.0,1.592741674626119
3043.0,1.6440748026547927
3044.0,1.6905283301129963
3045.0,1.73276616715004
3046.0,1.7829922665895752
3047.0,1.858866063317529
3048.0,1.9293247526970283
3049.0,1.9999698387824512
3050.0,2.079701190479718
3051.0,2.1492220658111267
3052.0,2.217512942173444
3053.0,2.272394542919548
3054.0,2.315848264862491
3055.0,2.3490051552803823
3056.0,2.362869034097026
3057.0,2.369247579130225
3058.0,2.3854854425329863
3059.0,2.4189670396898943
3060.0,2.456480236170883
3061.0,2.478598453566645
3062.0,2.477932186992527
3063.0,2.4798176849892752
3064.0,2.5107121331586155
3065.0,2.5730317864330354
3066.0,2.65199361897289
3067.0,2.721501160781352
3068.0,2.7774326353833096
3069.0,2.841432396016856
3070.0,2.941941133134636
3071.0,3.037670463156244
3072.0,3.1362307554620874
3073.0,3.220584702558063
3074.0,3.2875977621612
3075.0,3.3659701538081532
3076.0,3.4183753665774548
3077.0,3.4570278118038336
3078.0,3.46877452973589
3079.0,3.448773541726718
3080.0,3.438176050632323
3081.0,3.4505644372951205
3082.0,3.4754260240281694
3083.0,3.5192837574875773
3084.0,3.610561726891475
3085.0,3.7003117764681352
3086.0,3.696970769228289
3087.0,3.6817305362441894
3088.0,3.6971578701561705
3089.0,3.73627355631514
3090.0,3.7814637979208037
3091.0,3.8250806288264703
3092.0,3.9052548074351536
3093.0,3.9871931240398912
3094.0,4.112528566393397
3095.0,4.27918587157024
3096.0,4.400705343135212
3097.0,4.4895463606804595
3098.0,4.542468923544659
3099.0,4.560239218536169
3100.0,4.584597465710609
3101.0,4.582617753130243
3102.0,4.5725901478473965
3103.0,4.5542040816480265
3104.0,4.580972775604836
3105.0,4.666531817840378
3106.0,4.7452160239423975
3107.0,4.786851252760772
3108.0,4.817236158463659
3109.0,4.860833478014677
3110.0,4.906891370178041
3111.0,4.934558443494688
3112.0,4.948280733563754
3113.0,4.926004379009284
3114.0,4.907779074176367
3115.0,4.923708247613473
3116.0,4.99756199352095
3117.0,5.113884966538696
3118.0,5.229524395145904
3119.0,5.338900162847455
3120.0,5.430254644759753
3121.0,5.503144713790195
3122.0,5.551989910379519
3123.0,5.596279919614008
3124.0,5.663393516728253
3125.0,5.751730245455037
3126.0,5.820117255515599
3127.0,5.86220027641338
3128.0,5.905439768853297
3129.0,5.932278163031497
3130.0,5.949287521585682
3131.0,5.985637087583862
3132.0,5.9840110581744534
3133.0,5.958184781383984
3134.0,5.869457381307851
3135.0,5.777592242361752
3136.0,5.767338555097908
3137.0,5.846081718876872
3138.0,5.921221411507723
3139.0,6.0173513791594075
3140.0,6.12264433973303
3141.0,6.214885966065926
3142.0,6.320234910602352
3143.0,6.426562784979524
3144.0,6.5490199463567125
3145.0,6.674623538326811
3146.0,6.761606504679483
3147.0,6.796690784130117
3148.0,6.791203957198748
3149.0,6.783149425394945
3150.0,6.805951648938894
3151.0,6.837149318742292
3152.0,6.842274938031216
3153.0,6.818360359964419
3154.0,6.7413070979190355
3155.0,6.578550415155543
3156.0,6.490691406542011
3157.0,6.534524562523345
3158.0,6.6634180745799325
3159.0,6.778881670248566
3160.0,6.927838567916636
3161.0,7.030065315806546
3162.0,7.1125427385172
3163.0,7.166394313576786
3164.0,7.219465463077539
3165.0,7.293825382192586
3166.0,7.369966477778038
3167.0,7.45240427396143
3168.0,7.504302912674085
3169.0,7.482984483349973
3170.0,7.40440332986632
3171.0,7.335290229584248
3172.0,7.334667467467019
3173.0,7.375085432578207
3174.0,7.408743379877209
3175.0,7.369726677811429
3176.0,7.241291850043345
3177.0,7.155144930971298
3178.0,7.228526036792498
3179.0,7.374068779071267
3180.0,7.488859878802542
3181.0,7.533055138522181
3182.0,7.606864299845367
3183.0,7.71338202711083
3184.0,7.83957167334938
3185.0,7.953894203920019
3186.0,8.030681837706775
3187.0,8.080536955597509
3188.0,8.118790422041286
3189.0,8.161160183852218
3190.0,8.23051809482362
3191.0,8.287280179774017
3192.0,8.276983776431873
3193.0,8.194473782964318
3194.0,8.019084053753147
3195.0,7.8417219044818935
3196.0,7.823264809356477
3197.0,7.892470574017262
3198.0,7.955827620127327
3199.0,7.905663843161328
3200.0,7.7852649312865125
3201.0,7.765182535217419
3202.0,7.885286268463875
3203.0,8.047532270663805
3204.0,8.187219380873117
3205.0,8.283199096915293
3206.0,8.333353500959847
3207.0,8.412317284707903
3208.0,8.525230650894901
3209.0,8.61767650837954
3210.0,8.711957819653852
3211.0,8.763022054008475
3212.0,8.77607505816205
3213.0,8.761262949013926
3214.0,8.73905902610862
3215.0,8.741392981242344
3216.0,8.765010673198821
3217.0,8.780135035598121
3218.0,8.736941721511414
3219.0,8.557386111365068
3220.0,8.301363939378762
3221.0,8.174099765310427
3222.0,8.224208221405577
3223.0,8.339369970333424
3224.0,8.444469454382306
3225.0,8.48629317581093
3226.0,8.326493856190119
3227.0,8.2445822054134
3228.0,8.309588908062869
3229.0,8.434530171000402
3230.0,8.578021040866325
3231.0,8.707351740039714
3232.0,8.826644058706481
3233.0,8.92626747046535
3234.0,9.005572878687603
3235.0,9.080083720015056
3236.0,9.135581158283104
3237.0,9.192930110262465
3238.0,9.238893718989942
3239.0,9.259907107993602
3240.0,9.24127052177208
3241.0,9.179117783000311
3242.0,9.110969873432389
3243.0,9.08580175062804
3244.0,9.091649325315394
3245.0,9.100353202885373
3246.0,9.079004454517808
3247.0,8.937850940651588
3248.0,8.70335352239109
3249.0,8.58362443528647
3250.0,8.62742743717728
3251.0,8.720332642490902
3252.0,8.83615041802338
3253.0,8.931644792046251
3254.0,8.94472562318785
3255.0,8.884579713607051
3256.0,8.886989484782896
3257.0,8.956501567000663
3258.0,9.041888501136206
3259.0,9.125981555422044
3260.0,9.205015372685066
3261.0,9.270570620921958
3262.0,9.325390268408977
3263.0,9.368423925425285
3264.0,9.395482528077551
3265.0,9.422557431468615
3266.0,9.446561965385373
3267.0,9.469308893794526
3268.0,9.484652031650581
3269.0,9.478875580679198
3270.0,9.431600894756249
3271.0,9.349941762359151
3272.0,9.280234982933816
3273.0,9.259851824064231
3274.0,9.28058413651057
3275.0,9.314614441191075
3276.0,9.329558893476628
3277.0,9.284934351837085
3278.0,9.126506524574094
3279.0,8.98348190133794
3280.0,8.92829046925899
3281.0,8.959227926920372
3282.0,9.042711442001822
3283.0,9.131596483769478
3284.0,9.213141685625086
3285.0,9.291249510778542
3286.0,9.356792033912884
3287.0,9.417543745401662
3288.0,9.471570571090957
3289.0,9.513315180546511
3290.0,9.548310480991256
3291.0,9.57921062414254
3292.0,9.606290955669472
3293.0,9.624729222818692
3294.0,9.636862529413332
3295.0,9.641825047698786
3296.0,9.638385209350899
3297.0,9.63313559962417
3298.0,9.6353709053813
3299.0,9.64211092611466
3300.0,9.646739082303341
3301.0,9.613252342707199
3302.0,9.517547168746415
3303.0,9.401590937511784
3304.0,9.346473022900454
3305.0,9.34304887216063
3306.0,9.358965356857949
3307.0,9.379521149435476
3308.0,9.389597462989222
3309.0,9.355137200479547
3310.0,9.24342192301348
3311.0,9.166271377226604
3312.0,9.177565823846523
3313.0,9.209091866415292
3314.0,9.253417699756605
3315.0,9.300731571727383
3316.0,9.339810567884548
3317.0,9.3723306582113
3318.0,9.400982783442565
3319.0,9.420986427929225
3320.0,9.439818979213252
3321.0,9.451914807780174
3322.0,9.462013351743138
3323.0,9.466985660377732
3324.0,9.471425020161668
3325.0,9.47062271805099
3326.0,9.463709210791613
3327.0,9.45305712644157
3328.0,9.436090415349861
3329.0,9.40979107482193
3330.0,9.383392928308512
3331.0,9.36544113609084
3332.0,9.352640739174298
3333.0,9.341832412005564
3334.0,9.322502253733264
3335.0,9.272893171225798
3336.0,9.183691598165275
3337.0,9.102639654129906
3338.0,9.071310417729345
3339.0,9.079771764778606
3340.0,9.10330558395335
3341.0,9.12983292096666
3342.0,9.158352409422527
3343.0,9.180723007842785
3344.0,9.196840695201436
3345.0,9.206296036419266
3346.0,9.209270469744803
3347.0,9.210515563324083
3348.0,9.214128509585434
3349.0,9.218907367976671
3350.0,9.222746701192676
3351.0,9.236883183402698
3352.0,9.246996518326231
3353.0,9.254241725022817
3354.0,9.258729675082208
3355.0,9.261802771145407
3356.0,9.262332425865683
3357.0,9.262143542472016
3358.0,9.264404846248224
3359.0,9.267435910269569
3360.0,9.266856952003645
3361.0,9.2633134077011
3362.0,9.252032959079962
3363.0,9.23427982941407
3364.0,9.207984517183814
3365.0,9.189192494219965
3366.0,9.184837556180307
3367.0,9.189567900337273
3368.0,9.195793610604033
3369.0,9.198124660284654
3370.0,9.184327460493307
3371.0,9.14972444736301
3372.0,9.095135396379993
3373.0,9.067699154663723
3374.0,9.072660442368385
3375.0,9.094202633291255
3376.0,9.118505229869744
3377.0,9.142920275716675
3378.0,9.166692184167191
3379.0,9.184948828862732
3380.0,9.202064871623671
3381.0,9.21657548790623
3382.0,9.231381690469549
3383.0,9.24287838262099
3384.0,9.252187270632849
3385.0,9.260415799481132
3386.0,9.264555640189897
3387.0,9.266380575611434
3388.0,9.271153516885395
3389.0,9.273946603093288
3390.0,9.274109977089585
3391.0,9.273686159219519
3392.0,9.273262341349456
3393.0,9.271108190396138
3394.0,9.266871561901654
3395.0,9.263845211374006
3396.0,9.263421765838562
3397.0,9.262998320303117
3398.0,9.259826023099702
3399.0,9.250838431415266
3400.0,9.227331592255357
3401.0,9.192149702857337
3402.0,9.167910027044039
3403.0,9.163456946774076
3404.0,9.166562394785506
3405.0,9.173390242099176
3406.0,9.17912806451469
3407.0,9.184891343098617
3408.0,9.189893202608879
3409.0,9.193423734634496
3410.0,9.195642469000665
3411.0,9.196990817826267
3412.0,9.197415428427954
3413.0,9.196962760649493
3414.0,9.195528217855035
3415.0,9.19317784530633
3416.0,9.190687785727834
3417.0,9.186405633076761
3418.0,9.181334276646973
3419.0,9.176504614910932
3420.0,9.17114958723792
3421.0,9.166631097786993
3422.0,9.162111414756813
3423.0,9.157590538105802
3424.0,9.153068467792394
3425.0,9.147931674906484
3426.0,9.141929965453501
3427.0,9.135070699739588
3428.0,9.127368342653028
3429.0,9.118871917502082
3430.0,9.11134171418783
3431.0,9.102042026287354
3432.0,9.093275238745486
3433.0,9.086584994494274
3434.0,9.081531989304965
3435.0,9.076366670094714
3436.0,9.069315513016102
3437.0,9.059658898133172
3438.0,9.04417013112541
3439.0,9.018225591592747
3440.0,8.998322468979474
3441.0,8.988570065801706
3442.0,8.98717773126624
3443.0,8.989863190239145
3444.0,8.993229288262302
3445.0,8.99658629671238
3446.0,9.00001187045559
3447.0,9.001670322790144
3448.0,9.001639557705127
3449.0,9.001033024087116
3450.0,8.999615962564985
3451.0,8.999816773252759
3452.0,8.999908040450206
3453.0,8.999124642170539
3454.0,8.99834013205635
3455.0,8.997554510018139
3456.0,8.996115239982888
3457.0,8.994343374676856
3458.0,8.992575157091233
3459.0,8.991198123450726
3460.0,8.991385675546477
3461.0,8.991547572189805
3462.0,8.990859368018546
3463.0,8.990065153037866
3464.0,8.988687734862934
3465.0,8.986488269315066
3466.0,8.984007418610723
3467.0,8.98210772056208
3468.0,8.979355165131349
3469.0,8.976602609700615
3470.0,8.973065999198235
3471.0,8.968706128888801
3472.0,8.962560361098545
3473.0,8.95563249926462
3474.0,8.950331315988233
3475.0,8.94663571328072
3476.0,8.943887290195349
3477.0,8.94365187252383
3478.0,8.943806174154973
3479.0,8.943951576782434
3480.0,8.94371905263833
3481.0,8.942674771661881
3482.0,8.940886898186662
3483.0,8.93909845169909
3484.0,8.937309432178601
3485.0,8.935513662759794
3486.0,8.933161323663917
3487.0,8.930407734952874
3488.0,8.927904450397184
3489.0,8.926112386324197
3490.0,8.924312348380802
3491.0,8.921624846262505
3492.0,8.919610980600913
3493.0,8.916650003951736
3494.0,8.913362013439498
3495.0,8.910341046643358
3496.0,8.906633794622064
3497.0,8.902919849529011
3498.0,8.90102222505074
3499.0,8.898477633990181
3500.0,8.895723700835132
3501.0,8.893129647689086
3502.0,8.890535594543039
3503.0,8.887941541396993
3504.0,8.885347488250945
3505.0,8.88365554704101
3506.0,8.881270082184963
3507.0,8.878675704583545
3508.0,8.876081326982126
3509.0,8.873486949380707
3510.0,8.870796932547952
3511.0,8.86724648164907
3512.0,8.863711838621017
3513.0,8.858012789548702
3514.0,8.85163206255417
3515.0,8.845651435418976
3516.0,8.840458422757889
3517.0,8.836203543060977
3518.0,8.834559666392275
3519.0,8.834614062275534
3520.0,8.834162574216753
3521.0,8.8334612767102
3522.0,8.832387380950284
3523.0,8.830534970781429
3524.0,8.82797998753506
3525.0,8.826323474559068
3526.0,8.824673309248253
3527.0,8.82301821284226
3528.0,8.820883171147857
3529.0,8.81860763021785
3530.0,8.816950041094232
3531.0,8.815298629590297
3532.0,8.81271400016163
3533.0,8.810119947015584
3534.0,8.808114041076259
3535.0,8.806033131743817
3536.0,8.803438754142396
3537.0,8.800844376540978
3538.0,8.798249998939559
3539.0,8.79565562133814
3540.0,8.793061243736721
3541.0,8.790466866135302
3542.0,8.787518563891865
3543.0,8.784179415555117
3544.0,8.78158536240907
3545.0,8.778991309263024
3546.0,8.776397256116974
3547.0,8.773803202970928
3548.0,8.770772187672708
3549.0,8.767518375468555
3550.0,8.764924646769764
3551.0,8.756434081869019
3552.0,8.747090374265822
3553.0,8.738359768885601
3554.0,8.729870266035633
3555.0,8.721380763185662
3556.0,8.71289126033569
3557.0,8.70440175748572
3558.0,8.694990349732462
3559.0,8.686335968100167
3560.0,8.677272744451985
3561.0,8.668274453951986
3562.0,8.659787075123846
3563.0,8.651236020168625
3564.0,8.641839947499626
3565.0,8.633244581169587
3566.0,8.623506678147713
3567.0,8.613658713754592
3568.0,8.604264644459837
3569.0,8.594877599951358
3570.0,8.585492359086574
3571.0,8.576957155032822
3572.0,8.568476147632268
3573.0,8.559490807139579
3574.0,8.55011338567106
3575.0,8.540893998027583
3576.0,8.53241511422353
3577.0,8.523057193177923
3578.0,8.514391008367989
3579.0,8.505376082244208
3580.0,8.496007584719177
3581.0,8.486831316175524
3582.0,8.478337917158761
3583.0,8.46897810999989
3584.0,8.459614004738285
3585.0,8.450810895539785
3586.0,8.441949489568085
3587.0,8.432595768095364
3588.0,8.423243538684357
3589.0,8.413886008724873
3590.0,8.40453655168889
3591.0,8.395185199986605
3592.0,8.38583645542248
3593.0,8.376493477593131
3594.0,8.367152287170734
3595.0,8.357812884100984
3596.0,8.348475268329562
3597.0,8.33971463184312
3598.0,8.330841418681356
3599.0,8.321742913590464
3600.0,8.31313400887912
3601.0,8.324952374404706
3602.0,8.336895619569086
3603.0,8.348606638107869
3604.0,8.360113112786982
3605.0,8.372082049516589
3606.0,8.384050986246201
3607.0,8.3960199229758
3608.0,8.408728617027393
3609.0,8.421013895095754
3610.0,8.433386402797217
3611.0,8.446086103126744
3612.0,8.458749068264032
3613.0,8.471600178640594
3614.0,8.484804292198717
3615.0,8.497665338956
3616.0,8.510916227356319
3617.0,8.52433572681463
3618.0,8.53735873091412
3619.0,8.551040145746404
3620.0,8.564143407023073
3621.0,8.577568521640822
3622.0,8.590979624698871
3623.0,8.604038689203863
3624.0,8.617808946794474
3625.0,8.63071058977914
3626.0,8.643600579450204
3627.0,8.657012054318026
3628.0,8.670379123656987
3629.0,8.68338123451193
3630.0,8.696282765875624
3631.0,8.709181857521276
3632.0,8.721904384117703
3633.0,8.734635071447228
3634.0,8.74736725980082
3635.0,8.759723041631723
3636.0,8.772638044947684
3637.0,8.7853672523098
3638.0,8.797856586494959
3639.0,8.810296146747955
3640.0,8.822841933390894
3641.0,8.834995020375993
3642.0,8.847007508345577
3643.0,8.85901999631517
3644.0,8.871591789136811
3645.0,8.883812947189138
3646.0,8.895981116353884
3647.0,8.908088358585827
3648.0,8.920197893138818
3649.0,8.932693052152294
3650.0,8.94518591160197
3651.0,8.94920491515485
3652.0,8.95306546695916
3653.0,8.956926018763475
3654.0,8.961603944139702
3655.0,8.96636583552899
3656.0,8.970356260069709
3657.0,8.97423682426652
3658.0,8.978149019752216
3659.0,8.982189396005225
3660.0,8.986196599043039
3661.0,8.990058116299075
3662.0,8.993919633555107
3663.0,8.997781150811143
3664.0,9.001642668067179
3665.0,9.005504185323213
3666.0,9.009365702579249
3667.0,9.01322721983528
3668.0,9.017319731293101
3669.0,9.021559547550032
3670.0,9.0254428519566
3671.0,9.029301786856282
3672.0,9.033162611875804
3673.0,9.037024398218241
3674.0,9.040886184816925
3675.0,9.044747968671702
3676.0,9.048609753216821
3677.0,9.052471539317057
3678.0,9.05633332587425
3679.0,9.060195111563912
3680.0,9.064056897464726
3681.0,9.067918682531996
3682.0,9.071780468098106
3683.0,9.075642254251388
3684.0,9.079504038780025
3685.0,9.083365824353704
3686.0,9.08722761275824
3687.0,9.091089398007055
3688.0,9.094951179941273
3689.0,9.098812969630874
3690.0,9.102674752789396
3691.0,9.106536540792945
3692.0,9.110398323649147
3693.0,9.114260110866375
3694.0,9.118121893966787
3695.0,9.121983682729837
3696.0,9.125845469371255
3697.0,9.129707251384271
3698.0,9.133569038644671
3699.0,9.137430824783006
3700.0,9.141292611352053
3701.0,9.143428490624851
3702.0,9.145564371551567
3703.0,9.147700255295396
3704.0,9.149836136098696
3705.0,9.15197201713131
3706.0,9.154107899706029
3707.0,9.156243778401663
3708.0,9.15837966148313
3709.0,9.160515543324202
3710.0,9.162651423769203
3711.0,9.1647873078851
3712.0,9.166923188299233
3713.0,9.169059067689446
3714.0,9.171194949409342
3715.0,9.173330832017303
3716.0,9.175466712703512
3717.0,9.177602594605132
3718.0,9.179738477270842
3719.0,9.181874357464483
3720.0,9.18401023697549
3721.0,9.186146123008482
3722.0,9.188281999879006
3723.0,9.19041788501181
3724.0,9.192553763394551
3725.0,9.19468964578708
3726.0,9.196825529972177
3727.0,9.198961406511987
3728.0,9.201097290944052
3729.0,9.203233174075326
3730.0,9.205369051401624
3731.0,9.207504934563671
3732.0,9.209640817868555
3733.0,9.211776697159204
3734.0,9.2139138299056
3735.0,9.216066626813204
3736.0,9.218074118634977
3737.0,9.21967941040791
3738.0,9.221815143411247
3739.0,9.223950876414584
3740.0,9.226086609417923
3741.0,9.22822234242126
3742.0,9.230358075424597
3743.0,9.232493808427936
3744.0,9.234629541431271
3745.0,9.23676527443461
3746.0,9.23890100743795
3747.0,9.241036740441285
3748.0,9.243172473444623
3749.0,9.24530820644796
3750.0,9.247321151520836
3751.0,9.272885555370578
3752.0,9.298685001015253
3753.0,9.32450013424241
3754.0,9.349841334605802
3755.0,9.375355633613555
3756.0,9.40116917877495
3757.0,9.426982723936316
3758.0,9.452562451983642
3759.0,9.478361541958217
3760.0,9.503791494821854
3761.0,9.529045401562536
3762.0,9.554855719425639
3763.0,9.580666037288772
3764.0,9.606288102211415
3765.0,9.631660390567443
3766.0,9.65688938156717
3767.0,9.682616113599327
3768.0,9.708058737658773
3769.0,9.733450839344435
3770.0,9.758897256493004
3771.0,9.784307896171125
3772.0,9.809278072268844
3773.0,9.834730154359093
3774.0,9.859986304870242
3775.0,9.88485459222388
3776.0,9.910001072190479
3777.0,9.935703061060826
3778.0,9.960511390892956
3779.0,9.985907141677593
3780.0,10.010926774286064
3781.0,10.035949727786068
3782.0,10.060939039667181
3783.0,10.08572165102856
3784.0,10.11106958459817
3785.0,10.136278802868603
3786.0,10.16132079870278
3787.0,10.186086231051025
3788.0,10.211661409414274
3789.0,10.236795542313175
3790.0,10.261640440028721
3791.0,10.286609684538321
3792.0,10.312321468243411
3793.0,10.337170543713572
3794.0,10.3626172463265
3795.0,10.388382390490815
3796.0,10.41380785777051
3797.0,10.43871870416076
3798.0,10.464367401920928
3799.0,10.48999506825172
3800.0,10.515639754713407
3801.0,10.508636087751972
3802.0,10.50170343362852
3803.0,10.4947528958452
3804.0,10.488276627244757
3805.0,10.481547514962951
3806.0,10.474652477376779
3807.0,10.467879136230296
3808.0,10.461611806749483
3809.0,10.455094108094144
3810.0,10.448272829540814
3811.0,10.442254116674695
3812.0,10.435256821914546
3813.0,10.428907064798528
3814.0,10.422881810000732
3815.0,10.416811494050057
3816.0,10.410555345047662
3817.0,10.40391902610154
3818.0,10.397472101510848
3819.0,10.391441593562343
3820.0,10.385404603352994
3821.0,10.379145911752357
3822.0,10.372555049050694
3823.0,10.366007579286148
3824.0,10.35985998094763
3825.0,10.353547465540892
3826.0,10.346927303519129
3827.0,10.340499784215098
3828.0,10.334108183817131
3829.0,10.327173526340815
3830.0,10.320949082931774
3831.0,10.314227979451891
3832.0,10.307619102405596
3833.0,10.300964718207744
3834.0,10.294295528104163
3835.0,10.287284042336486
3836.0,10.280960696994581
3837.0,10.274290960238464
3838.0,10.267392427950202
3839.0,10.26033307610089
3840.0,10.25327372425157
3841.0,10.246834938590204
3842.0,10.24018179352688
3843.0,10.23318564775851
3844.0,10.22631484593365
3845.0,10.219254611389509
3846.0,10.21219437684537
3847.0,10.205351737593388
3848.0,10.198947599761684
3849.0,10.191871192409629
3850.0,10.184797412997817
3851.0,10.192697226963604
3852.0,10.200678191773827
3853.0,10.208832049623426
3854.0,10.216710767466003
3855.0,10.224581783478307
3856.0,10.232452799490606
3857.0,10.240323815502904
3858.0,10.248194831515208
3859.0,10.256065847527504
3860.0,10.264307766876508
3861.0,10.272507765623166
3862.0,10.280408220625066
3863.0,10.288264948154568
3864.0,10.296136507759632
3865.0,10.304008075160594
3866.0,10.31187963591895
3867.0,10.319751199976702
3868.0,10.3276227601187
3869.0,10.335494328466398
3870.0,10.343365889355105
3871.0,10.351237448422548
3872.0,10.359109016742304
3873.0,10.36698057864129
3874.0,10.374852139768757
3875.0,10.382723702496714
3876.0,10.390595267835026
3877.0,10.39846683329432
3878.0,10.406338393170808
3879.0,10.414209953852142
3880.0,10.42208151912664
3881.0,10.42995308513041
3882.0,10.437824644310647
3883.0,10.445696207273304
3884.0,10.45356777322593
3885.0,10.46143933530575
3886.0,10.469310899074395
3887.0,10.477182459812319
3888.0,10.485054021838867
3889.0,10.492925587539375
3890.0,10.500797153194366
3891.0,10.508668713240349
3892.0,10.51654027589221
3893.0,10.52441183952438
3894.0,10.532283402086424
3895.0,10.54015496493218
3896.0,10.548026531088647
3897.0,10.555898090115164
3898.0,10.563769657642021
3899.0,10.571641216534168
3900.0,10.579512781506027
3901.0,10.5580559718662
3902.0,10.536599162524258
3903.0,10.515142281906003
3904.0,10.49367894415481
3905.0,10.472244296730512
3906.0,10.450871449901314
3907.0,10.429610314338268
3908.0,10.40825500429351
3909.0,10.386622082431996
3910.0,10.365203157756628
3911.0,10.343843634822337
3912.0,10.322277643988896
3913.0,10.300930243155165
3914.0,10.279684594703573
3915.0,10.25823
3916.0,10.236771624998418
3917.0,10.21531362569355
3918.0,10.193855624849752
3919.0,10.17239762726333
3920.0,10.150939626974823
3921.0,10.12948162914594
3922.0,10.108023630359295
3923.0,10.086565627908385
3924.0,10.06510763221919
3925.0,10.043649632301957
3926.0,10.022191631243672
3927.0,10.000733633554171
3928.0,9.979275634706264
3929.0,9.95781763394512
3930.0,9.936359636120546
3931.0,9.914901637570841
3932.0,9.893443636224667
3933.0,9.871985637555428
3934.0,9.850527639342825
3935.0,9.829069640268445
3936.0,9.807611639752686
3937.0,9.786153640857934
3938.0,9.764695640974194
3939.0,9.743237643736895
3940.0,9.721779644146482
3941.0,9.700321644782
3942.0,9.678863644330457
3943.0,9.657405645137677
3944.0,9.635947646216465
3945.0,9.614489648643334
3946.0,9.593031648891563
3947.0,9.571573649770096
3948.0,9.550115649113959
3949.0,9.52865765079921
3950.0,9.507199651210527
3951.0,9.581975648626905
3952.0,9.656751645885537
3953.0,9.731527643144176
3954.0,9.80630364050895
3955.0,9.881079637428483
3956.0,9.955855634651096
3957.0,10.030631632447703
3958.0,10.105407630030783
3959.0,10.180183627572871
3960.0,10.254959623835468
3961.0,10.329735619806122
3962.0,10.404511618193816
3963.0,10.479196967481094
3964.0,10.554023878738022
3965.0,10.628527550857411
3966.0,10.70308320771895
3967.0,10.778386262633177
3968.0,10.853167016816895
3969.0,10.927532614810081
3970.0,11.002487475745484
3971.0,11.077019898959495
3972.0,11.151093405772551
3973.0,11.225589311474682
3974.0,11.300804901552942
3975.0,11.375073446772824
3976.0,11.451364421331503
3977.0,11.526151576441048
3978.0,11.60092746192611
3979.0,11.675534440850015
3980.0,11.750478205947589
3981.0,11.824794861698148
3982.0,11.900027487685543
3983.0,11.97430450910646
3984.0,12.0493370601425
3985.0,12.123148841762992
3986.0,12.199133135808939
3987.0,12.273908537431533
3988.0,12.34839051795942
3989.0,12.423125175478075
3990.0,12.497417415361916
3991.0,12.572805293131909
3992.0,12.64765051572022
3993.0,12.72165937800716
3994.0,12.797341213886785
3995.0,12.872115980254828
3996.0,12.946250240452372
3997.0,13.021205714086133
3998.0,13.095589763090404
3999.0,13.17089434542907
4000.0,13.24528793628065
4001.0,13.250846187792208
4002.0,13.256304645873023
4003.0,13.262136764348172
4004.0,13.268252054288853
4005.0,13.274003220711958
4006.0,13.27975090844179
4007.0,13.285136913026829
4008.0,13.290979095809643
4009.0,13.296992615244651
4010.0,13.302741627238323
4011.0,13.308488862087408
4012.0,13.314202355850174
4013.0,13.320061117976508
4014.0,13.326138046858034
4015.0,13.331984954340442
4016.0,13.337274278771893
4017.0,13.3429445968173
4018.0,13.348722978095624
4019.0,13.35447075808092
4020.0,13.360218436604605
4021.0,13.365966116518102
4022.0,13.371713802899215
4023.0,13.377461476655087
4024.0,13.38320916522114
4025.0,13.38895684072095
4026.0,13.394704521690056
4027.0,13.400452206925403
4028.0,13.4061998830737
4029.0,13.411947565920942
4030.0,13.417695249690068
4031.0,13.423442925604848
4032.0,13.429190610884154
4033.0,13.434938290587882
4034.0,13.44068596829788
4035.0,13.446433652510144
4036.0,13.452181333114059
4037.0,13.457929013624943
4038.0,13.463676694623015
4039.0,13.4694243754856
4040.0,13.475172058462336
4041.0,13.48091973600648
4042.0,13.486667419467963
4043.0,13.492415100210277
4044.0,13.49816277543189
4045.0,13.503910279017644
4046.0,13.50965796315741
4047.0,13.515405643466499
4048.0,13.52115332515981
4049.0,13.526901004005506
4050.0,13.532648687790733
4051.0,13.493346867291041
4052.0,13.454045050426098
4053.0,13.414743233138488
4054.0,13.375441412016732
4055.0,13.336136796951935
4056.0,13.296827343449893
4057.0,13.257514552642048
4058.0,13.218199035321057
4059.0,13.178878190290007
4060.0,13.139559276843057
4061.0,13.100068611677177
4062.0,13.060119301409502
4063.0,13.020820214348092
4064.0,12.981521127286682
4065.0,12.942222040225271
4066.0,12.903397374517548
4067.0,12.864445697714423
4068.0,12.82552297002433
4069.0,12.786392141547132
4070.0,12.7470894984203
4071.0,12.707763086247468
4072.0,12.66842602456135
4073.0,12.629091746888664
4074.0,12.58975803565905
4075.0,12.550424344029407
4076.0,12.511092059447599
4077.0,12.47175991658449
4078.0,12.432425884960331
4079.0,12.393094646737941
4080.0,12.353762631851001
4081.0,12.314438388986742
4082.0,12.275112896358147
4083.0,12.235790600774491
4084.0,12.19646609553087
4085.0,12.157142447470736
4086.0,12.117819360703358
4087.0,12.078495655347002
4088.0,12.03917460763977
4089.0,11.999852041088932
4090.0,11.960528127470091
4091.0,11.921210842215782
4092.0,11.881893709799487
4093.0,11.841847602505657
4094.0,11.802548515444247
4095.0,11.763249428382837
4096.0,11.723950341321403
4097.0,11.684651254259993
4098.0,11.645352167198583
4099.0,11.606053080137173
4100.0,11.566753993075764
4101.0,11.588155317609218
4102.0,11.60955664214266
4103.0,11.630957966676101
4104.0,11.652359291209544
4105.0,11.673760615742987
4106.0,11.69516194027644
4107.0,11.716563264809881
4108.0,11.737964589343326
4109.0,11.759365913876767
4110.0,11.78076723841021
4111.0,11.802168562943663
4112.0,11.823569887477106
4113.0,11.844971212010549
4114.0,11.86637253654399
4115.0,11.887773861077433
4116.0,11.909175185610888
4117.0,11.930576510144329
4118.0,11.951977834677772
4119.0,11.973379159211213
4120.0,11.994780483744657
4121.0,12.01618180827811
4122.0,12.037583132811552
4123.0,12.058984457344994
4124.0,12.080385781878437
4125.0,12.10178710641188
4126.0,12.123188430945333
4127.0,12.144589755478775
4128.0,12.165991080012219
4129.0,12.18739240454566
4130.0,12.208793729079101
4131.0,12.230195053612556
4132.0,12.251596378145999
4133.0,12.27299770267944
4134.0,12.294399027212883
4135.0,12.315800351746324
4136.0,12.33720167627978
4137.0,12.358603000813222
4138.0,12.380004325346663
4139.0,12.401405649880106
4140.0,12.422806974413549
4141.0,12.444208298947002
4142.0,12.465609623480445
4143.0,12.487010948013886
4144.0,12.50836784406783
4145.0,12.529688529331395
4146.0,12.551147705066851
4147.0,12.572616246147668
4148.0,12.59401757068111
4149.0,12.615418895214553
4150.0,12.636820219747994
4151.0,12.628921207235647
4152.0,12.62089443739896
4153.0,12.612831615895542
4154.0,12.604895697199584
4155.0,12.596979119863404
4156.0,12.589049836792396
4157.0,12.581123634568941
4158.0,12.573156681878231
4159.0,12.565266198707024
4160.0,12.55733945625376
4161.0,12.54941667687184
4162.0,12.541495785909332
4163.0,12.53357197818312
4164.0,12.525650179407208
4165.0,12.517728998367746
4166.0,12.509753635359365
4167.0,12.501827582827248
4168.0,12.4938967378249
4169.0,12.4859112637592
4170.0,12.478122949037948
4171.0,12.470210966130876
4172.0,12.462301879985985
4173.0,12.454391027425075
4174.0,12.44638318555657
4175.0,12.438304470701484
4176.0,12.429891827710131
4177.0,12.421993802660754
4178.0,12.414095777611378
4179.0,12.406197752562
4180.0,12.398299727512626
4181.0,12.390401702463244
4182.0,12.382503677413867
4183.0,12.37460565236449
4184.0,12.366707627315115
4185.0,12.358809602265739
4186.0,12.350911577216356
4187.0,12.343013552166985
4188.0,12.335115527117605
4189.0,12.327217502068228
4190.0,12.319319477018851
4191.0,12.31142145196947
4192.0,12.303523426920098
4193.0,12.295625401870717
4194.0,12.28772737682134
4195.0,12.279829351771964
4196.0,12.271931326722584
4197.0,12.26403330167321
4198.0,12.25613527662383
4199.0,12.248237251574453
4200.0,12.240339226525077
4201.0,12.236520181501199
4202.0,12.232701136477324
4203.0,12.228882091453446
4204.0,12.22506304642957
4205.0,12.221244001405696
4206.0,12.217424956381818
4207.0,12.213605911357943
4208.0,12.209786866334065
4209.0,12.205967821310189
4210.0,12.202148776286315
4211.0,12.198329731262437
4212.0,12.194510686238562
4213.0,12.190691641214684
4214.0,12.186872596190808
4215.0,12.183053551166934
4216.0,12.179234506143056
4217.0,12.175415461119183
4218.0,12.171596416095303
4219.0,12.167777371071427
4220.0,12.163958326047553
4221.0,12.160139281023675
4222.0,12.156320235999802
4223.0,12.152501190975922
4224.0,12.148682145952046
4225.0,12.144863100928172
4226.0,12.140995276311168
4227.0,12.137124063085329
4228.0,12.133252364961827
4229.0,12.12937794643832
4230.0,12.125504481364256
4231.0,12.121614478759934
4232.0,12.117724482687434
4233.0,12.113832299751076
4234.0,12.109942244116016
4235.0,12.106050271759571
4236.0,12.102160697857403
4237.0,12.097672089490308
4238.0,12.09370333014426
4239.0,12.089884762590538
4240.0,12.086066195036816
4241.0,12.082247627483094
4242.0,12.078429059929373
4243.0,12.074610492375648
4244.0,12.070791924821926
4245.0,12.066973357268203
4246.0,12.06315478971448
4247.0,12.05933622216076
4248.0,12.055477403564318
4249.0,12.051587636428367
4250.0,12.047702075261256
4251.0,12.025063617651403
4252.0,12.002428792793465
4253.0,11.97979163670618
4254.0,11.957155518301777
4255.0,11.93451951549429
4256.0,11.911886795131815
4257.0,11.889251598171853
4258.0,11.866618560693448
4259.0,11.843980757039597
4260.0,11.821354516323195
4261.0,11.798757108359172
4262.0,11.776168698557619
4263.0,11.75357666897661
4264.0,11.730987876082553
4265.0,11.708396742194276
4266.0,11.68580680035845
4267.0,11.663216751567909
4268.0,11.640625781616842
4269.0,11.61803637203256
4270.0,11.595451279833194
4271.0,11.572881537832725
4272.0,11.55031729033138
4273.0,11.527753166227688
4274.0,11.5051392533106
4275.0,11.482493659054674
4276.0,11.460040780145029
4277.0,11.43749190124629
4278.0,11.414926227055409
4279.0,11.392358987096692
4280.0,11.369793959320054
4281.0,11.347222459420061
4282.0,11.32465089696551
4283.0,11.302078433115405
4284.0,11.279505212999167
4285.0,11.256932058202684
4286.0,11.234357002638932
4287.0,11.211783141584434
4288.0,11.18920958897638
4289.0,11.166637440547541
4290.0,11.144060115410044
4291.0,11.121410026036115
4292.0,11.098879787456582
4293.0,11.076288140140033
4294.0,11.053696012436893
4295.0,11.031104146445735
4296.0,11.008512222619249
4297.0,10.985920006736428
4298.0,10.963329076594977
4299.0,10.940736462416623
4300.0,10.918139184262213
4301.0,10.913761690267041
4302.0,10.909376094725655
4303.0,10.904991652149253
4304.0,10.900609371141156
4305.0,10.89622731000143
4306.0,10.891842306146883
4307.0,10.887459730127855
4308.0,10.883073714670854
4309.0,10.878688983695762
4310.0,10.874297468447756
4311.0,10.86988492287843
4312.0,10.865464268088353
4313.0,10.861027659138841
4314.0,10.856588404185166
4315.0,10.851991829405778
4316.0,10.847145985341434
4317.0,10.842790164232476
4318.0,10.838428714001694
4319.0,10.834078522014556
4320.0,10.829722700905592
4321.0,10.825191522463145
4322.0,10.820644662372814
4323.0,10.8162430875822
4324.0,10.811837001003852
4325.0,10.807420985576508
4326.0,10.803007293233266
4327.0,10.798593283252174
4328.0,10.793982412883521
4329.0,10.789170973018274
4330.0,10.784815696598018
4331.0,10.780460420177759
4332.0,10.776105143757507
4333.0,10.771749867337249
4334.0,10.767394590916997
4335.0,10.763039314496739
4336.0,10.758684038076481
4337.0,10.754328761656229
4338.0,10.74997348523597
4339.0,10.745618208815719
4340.0,10.741262932395461
4341.0,10.736907655975203
4342.0,10.73255237955495
4343.0,10.728197103134692
4344.0,10.723841826714441
4345.0,10.719486550294182
4346.0,10.715131273873924
4347.0,10.710775997453672
4348.0,10.706420721033416
4349.0,10.702065444613162
4350.0,10.697710168192904
4351.0,10.713552261312207
4352.0,10.729394354431491
4353.0,10.745236447550797
4354.0,10.761078540670082
4355.0,10.776920633789384
4356.0,10.792762726908688
4357.0,10.808604820027973
4358.0,10.824446913147277
4359.0,10.840289006266563
4360.0,10.856131099385864
4361.0,10.87197319250517
4362.0,10.887815285624455
4363.0,10.903657378743757
4364.0,10.919499471863043
4365.0,10.935341564982346
4366.0,10.95118365810165
4367.0,10.967025751220936
4368.0,10.98286784434024
4369.0,10.998709937459523
4370.0,11.014552030578828
4371.0,11.030387797291116
4372.0,11.04615199407005
4373.0,11.061915363724898
4374.0,11.077678808427564
4375.0,11.093443618137453
4376.0,11.109208907744726
4377.0,11.124970356408168
4378.0,11.140734389173103
4379.0,11.156496921597318
4380.0,11.172250974674997
4381.0,11.187415770858921
4382.0,11.203255882750717
4383.0,11.219095994642535
4384.0,11.234936106534333
4385.0,11.250776218426148
4386.0,11.26655512442025
4387.0,11.28227016062744
4388.0,11.297984332755908
4389.0,11.313701415634021
4390.0,11.32940861786086
4391.0,11.344397828968228
4392.0,11.360235959682099
4393.0,11.376074090395987
4394.0,11.391912221109857
4395.0,11.407750351823745
4396.0,11.423418058138754
4397.0,11.438907780784172
4398.0,11.454114527532576
4399.0,11.469668000344495
4400.0,11.485353580526732
4401.0,11.487639440721924
4402.0,11.489873586815477
4403.0,11.492294603790585
4404.0,11.494546237580675
4405.0,11.496720401245037
4406.0,11.498523051248613
4407.0,11.500932338053948
4408.0,11.503341624859287
4409.0,11.505750911664622
4410.0,11.507776117566687
4411.0,11.510291091426922
4412.0,11.51240853644156
4413.0,11.51453155096105
4414.0,11.516008134667269
4415.0,11.519017063215363
4416.0,11.519955106804376
4417.0,11.523291142087245
4418.0,11.524067592663924
4419.0,11.52660928347249
4420.0,11.529988614799318
4421.0,11.532785597385015
4422.0,11.535016283577232
4423.0,11.535107545423873
4424.0,11.538296430873269
4425.0,11.541126301922462
4426.0,11.540457345548921
4427.0,11.533109030474263
4428.0,11.545870707486635
4429.0,11.54756115138721
4430.0,11.5493251664251
4431.0,11.547656494933015
4432.0,11.556759918052094
4433.0,11.55930079991314
4434.0,11.562113554992209
4435.0,11.564695739631063
4436.0,11.565999745729815
4437.0,11.569548840501414
4438.0,11.569914540462063
4439.0,11.573111464190438
4440.0,11.57609238931597
4441.0,11.57674894287118
4442.0,11.580909154401695
4443.0,11.580247621926375
4444.0,11.583144433923799
4445.0,11.587881421543281
4446.0,11.590542684573148
4447.0,11.59240385785
4448.0,11.59092973419639
4449.0,11.594239800190593
4450.0,11.599454695206783
4451.0,11.602396801662456
4452.0,11.60880235229722
4453.0,11.612525917055398
4454.0,11.614759163493098
4455.0,11.622826446546746
4456.0,11.625985609743722
4457.0,11.62913523217519
4458.0,11.635983397793938
4459.0,11.636376815257332
4460.0,11.645044786017754
4461.0,11.650366851293397
4462.0,11.654800839875787
4463.0,11.658720614904425
4464.0,11.662815472147077
4465.0,11.665410348936046
4466.0,11.673724449797383
4467.0,11.678339854415425
4468.0,11.682403003592695
4469.0,11.68763723108605
4470.0,11.691284117521523
4471.0,11.695083841042349
4472.0,11.701347208528972
4473.0,11.705400960276373
4474.0,11.710586991940348
4475.0,11.715398508277572
4476.0,11.71990613457826
4477.0,11.725160484916753
4478.0,11.728505486572782
4479.0,11.734418579003577
4480.0,11.739047626046991
4481.0,11.743676673090405
4482.0,11.748305720133818
4483.0,11.752934767177232
4484.0,11.757563814220642
4485.0,11.762192861264058
4486.0,11.76682190830747
4487.0,11.771450955350883
4488.0,11.776080002394297
4489.0,11.78108255461324
4490.0,11.785948875516679
4491.0,11.790753181012958
4492.0,11.795355719219167
4493.0,11.79990281886845
4494.0,11.804656965997113
4495.0,11.809320642732374
4496.0,11.813220795804932
4497.0,11.817741425785014
4498.0,11.822370472828428
4499.0,11.826999519871839
4500.0,11.831628566915255
4501.0,11.824688990351035
4502.0,11.817749413786817
4503.0,11.810809837222594
4504.0,11.803870260658378
4505.0,11.796930684094157
4506.0,11.790763126533928
4507.0,11.783919150641205
4508.0,11.776875431588563
4509.0,11.769771365930344
4510.0,11.76223280127306
4511.0,11.755293224708842
4512.0,11.748353648144622
4513.0,11.741414071580401
4514.0,11.734474495016185
4515.0,11.727534918451962
4516.0,11.720957162210777
4517.0,11.714636192732774
4518.0,11.707657637618478
4519.0,11.700651046641042
4520.0,11.693686935163438
4521.0,11.686752326776494
4522.0,11.6798220632777
4523.0,11.672892536987995
4524.0,11.665962780061962
4525.0,11.65903826038323
4526.0,11.652118126792642
4527.0,11.645186975371068
4528.0,11.63820534754554
4529.0,11.631271884494183
4530.0,11.624405040031895
4531.0,11.61746300668873
4532.0,11.610445069404706
4533.0,11.603576415355704
4534.0,11.596636579787837
4535.0,11.589694677661337
4536.0,11.58275257937014
4537.0,11.575810437459127
4538.0,11.568867378938364
4539.0,11.56192384950813
4540.0,11.554969634256125
4541.0,11.547973658322231
4542.0,11.540967564963111
4543.0,11.533964394118192
4544.0,11.526583344708252
4545.0,11.519347621525382
4546.0,11.512408044961163
4547.0,11.505468468396945
4548.0,11.498528891832722
4549.0,11.491589315268508
4550.0,11.484649738704285
4551.0,11.484625774698884
4552.0,11.484537569945996
4553.0,11.484354099282626
4554.0,11.484169366811473
4555.0,11.483979760028635
4556.0,11.483487488108633
4557.0,11.483044723663749
4558.0,11.48302076265741
4559.0,11.48299680165107
4560.0,11.482972840644731
4561.0,11.482760074187338
4562.0,11.482475656491367
4563.0,11.482187445705238
4564.0,11.48147760744323
4565.0,11.4814158285802
4566.0,11.481324314527653
4567.0,11.481037152354974
4568.0,11.48048354400479
4569.0,11.479882837493706
4570.0,11.479858882485265
4571.0,11.47981229682572
4572.0,11.479450108447525
4573.0,11.479244522036955
4574.0,11.478987775990856
4575.0,11.478302002361497
4576.0,11.478239969173389
4577.0,11.477526107932682
4578.0,11.476793086232158
4579.0,11.476769137221316
4580.0,11.476700997074678
4581.0,11.476355256044675
4582.0,11.475572257905904
4583.0,11.475236332058087
4584.0,11.47521238604593
4585.0,11.474933123621936
4586.0,11.474577676427524
4587.0,11.473703586873608
4588.0,11.473679643860063
4589.0,11.473519065621426
4590.0,11.473168749717969
4591.0,11.47264986872036
4592.0,11.472146961654676
4593.0,11.47211494060013
4594.0,11.471762586640896
4595.0,11.471410268699827
4596.0,11.470708250891803
4597.0,11.470590402415027
4598.0,11.470367907259861
4599.0,11.470016133045837
4600.0,11.46968055407988
4601.0,11.462920762017875
4602.0,11.45675974684319
4603.0,11.450467318386575
4604.0,11.444069294382484
4605.0,11.437665134611496
4606.0,11.431276058948129
4607.0,11.424523295502734
4608.0,11.418363052143292
4609.0,11.412084619778673
4610.0,11.405719818733134
4611.0,11.39942398500387
4612.0,11.393158485464573
4613.0,11.38689476181091
4614.0,11.380457136192296
4615.0,11.373816183393814
4616.0,11.367656711830275
4617.0,11.361497240266736
4618.0,11.355337768703198
4619.0,11.349178297139657
4620.0,11.343018825576117
4621.0,11.336859354012576
4622.0,11.330490889926821
4623.0,11.324054167375154
4624.0,11.317818881807497
4625.0,11.311698623529013
4626.0,11.305558791721426
4627.0,11.299415670930765
4628.0,11.29327374580755
4629.0,11.287127562314557
4630.0,11.281015523443225
4631.0,11.274990144319144
4632.0,11.269003875757106
4633.0,11.262945695250103
4634.0,11.256786223686563
4635.0,11.250626752123022
4636.0,11.244467280559482
4637.0,11.239106588562937
4638.0,11.233102539648053
4639.0,11.226890085265758
4640.0,11.220581700020627
4641.0,11.214480035293121
4642.0,11.20854203534964
4643.0,11.202595271151273
4644.0,11.19659429120337
4645.0,11.190434047843924
4646.0,11.184273804484484
4647.0,11.178176808884567
4648.0,11.172770471038744
4649.0,11.16680174132785
4650.0,11.160849967593947
4651.0,11.155184139933862
4652.0,11.149294249638569
4653.0,11.14332137127718
4654.0,11.137540984294379
4655.0,11.131906831994222
4656.0,11.126259555790574
4657.0,11.120592683407464
4658.0,11.114941653552677
4659.0,11.109207885637405
4660.0,11.103449759768411
4661.0,11.097416868211033
4662.0,11.090938420795265
4663.0,11.084786572217569
4664.0,11.079029167692251
4665.0,11.07327176316693
4666.0,11.06751435864161
4667.0,11.061756954116293
4668.0,11.055642496688739
4669.0,11.049662737026337
4670.0,11.043296153402375
4671.0,11.037344331475781
4672.0,11.031587648276059
4673.0,11.025716166132149
4674.0,11.019020869748916
4675.0,11.012937514025605
4676.0,11.007181552133405
4677.0,11.001207120966884
4678.0,10.995291684664913
4679.0,10.989030864469134
4680.0,10.982781260948684
4681.0,10.97682582373533
4682.0,10.97045261946366
4683.0,10.96485334163793
4684.0,10.958598083655827
4685.0,10.952338593142859
4686.0,10.946504215503317
4687.0,10.939629322075858
4688.0,10.933375657663651
4689.0,10.927871635837551
4690.0,10.92155141152521
4691.0,10.915368291841517
4692.0,10.908881644926716
4693.0,10.903038471237718
4694.0,10.89650257886563
4695.0,10.890990497127783
4696.0,10.882784884801014
4697.0,10.876806031850174
4698.0,10.869204102368649
4699.0,10.866260127401402
4700.0,10.85983825556194
4701.0,10.854671210251007
4702.0,10.852910630875
4703.0,10.849266303269424
4704.0,10.846599187487538
4705.0,10.843100039250112
4706.0,10.83969289040718
4707.0,10.836125838105769
4708.0,10.833157791654838
4709.0,10.829673120701097
4710.0,10.825518877140974
4711.0,10.822349071083417
4712.0,10.818457078622675
4713.0,10.815359657053047
4714.0,10.812535029633711
4715.0,10.809540080146784
4716.0,10.806426325120693
4717.0,10.8022691102397
4718.0,10.798967604487894
4719.0,10.795482139692986
4720.0,10.792569523195628
4721.0,10.789133910994009
4722.0,10.785139565460332
4723.0,10.781995561199919
4724.0,10.778995108898629
4725.0,10.775577960987317
4726.0,10.771854894089575
4727.0,10.768483117081292
4728.0,10.76457970105655
4729.0,10.761719744885033
4730.0,10.758531843606043
4731.0,10.754334870747234
4732.0,10.75186919715854
4733.0,10.747218278074907
4734.0,10.74455097621859
4735.0,10.740658490512146
4736.0,10.737330165233391
4737.0,10.733476054460521
4738.0,10.729893413991128
4739.0,10.72617574192418
4740.0,10.722410287415325
4741.0,10.718711775086337
4742.0,10.715023557298172
4743.0,10.711309743779248
4744.0,10.706783130491504
4745.0,10.70298578119047
4746.0,10.69882063409476
4747.0,10.694646409898386
4748.0,10.690397895748784
4749.0,10.686016076846961
4750.0,10.681512859064183
4751.0,10.676179770397862
4752.0,10.67084927788522
4753.0,10.665510807382532
4754.0,10.660179528114476
4755.0,10.654540134073006
4756.0,10.649450558959936
4757.0,10.644190168790047
4758.0,10.638860496923316
4759.0,10.63286165931753
4760.0,10.626873778930838
4761.0,10.621409697889204
4762.0,10.615462691932251
4763.0,10.609621519941484
4764.0,10.605142841732572
4765.0,10.600280859405537
4766.0,10.594969254824585
4767.0,10.59038900039721
4768.0,10.585876448216993
4769.0,10.581164221208056
4770.0,10.57671045401112
4771.0,10.572319222179008
4772.0,10.568042272441366
4773.0,10.563913365430722
4774.0,10.560235647549467
4775.0,10.556741825111784
4776.0,10.553111841046974
4777.0,10.549481856982169
4778.0,10.545851872917362
4779.0,10.542221888852557
4780.0,10.53859190478775
4781.0,10.535421256346948
4782.0,10.532625992183226
4783.0,10.529748688049835
4784.0,10.526815358142256
4785.0,10.52387710664642
4786.0,10.520788962806215
4787.0,10.517299299284126
4788.0,10.51450110314281
4789.0,10.511699325210731
4790.0,10.50889480112719
4791.0,10.506089718070461
4792.0,10.503286052305338
4793.0,10.500485049624812
4794.0,10.497663522688457
4795.0,10.494654366992187
4796.0,10.49108145365983
4797.0,10.487934869860855
4798.0,10.48512630772884
4799.0,10.482317186525947
4800.0,10.479507506238052
4801.0,10.454057069604351
4802.0,10.42860251059652
4803.0,10.403143829116313
4804.0,10.377681025065504
4805.0,10.35221409834587
4806.0,10.326521539816719
4807.0,10.300465658356746
4808.0,10.274495361412827
4809.0,10.249015231322915
4810.0,10.223527032389327
4811.0,10.19803458101583
4812.0,10.172542102020511
4813.0,10.146883795959017
4814.0,10.121017310367822
4815.0,10.095114566817866
4816.0,10.069161730582245
4817.0,10.043251469394527
4818.0,10.017412493446896
4819.0,9.991448806601696
4820.0,9.965891847156218
4821.0,9.940191838555986
4822.0,9.91450703550281
4823.0,9.888603170484908
4824.0,9.862556459433934
4825.0,9.837015522451049
4826.0,9.810911017584472
4827.0,9.784690752885414
4828.0,9.759140809377172
4829.0,9.733170297247572
4830.0,9.706883746250101
4831.0,9.681248977027062
4832.0,9.655599541670483
4833.0,9.629783468404995
4834.0,9.604037524533906
4835.0,9.577767967965485
4836.0,9.55219181166946
4837.0,9.526611555855999
4838.0,9.501027200428199
4839.0,9.474809941230518
4840.0,9.448657366695752
4841.0,9.423007402148395
4842.0,9.397005451933357
4843.0,9.370680880636582
4844.0,9.345074025734906
4845.0,9.319219690918228
4846.0,9.293457404887494
4847.0,9.267168040962206
4848.0,9.241452398398593
4849.0,9.215527789288073
4850.0,9.188752793656388
4851.0,9.200070795202278
4852.0,9.210319109095236
4853.0,9.221200621949087
4854.0,9.232340649988199
4855.0,9.243198871711924
4856.0,9.25422175384872
4857.0,9.264507473817403
4858.0,9.274432887032797
4859.0,9.286821125707712
4860.0,9.297345759473112
4861.0,9.308154809102351
4862.0,9.319146919195965
4863.0,9.330031067263407
4864.0,9.340654832669502
4865.0,9.35108021889128
4866.0,9.361479846612859
4867.0,9.372274217261685
4868.0,9.38288762630178
4869.0,9.393446288171024
4870.0,9.40344490554818
4871.0,9.41451651780179
4872.0,9.42426494853707
4873.0,9.435586747432549
4874.0,9.446297652126502
4875.0,9.456530804707766
4876.0,9.467410806397337
4877.0,9.478284648840857
4878.0,9.488788596326668
4879.0,9.497901250111758
4880.0,9.509523088409123
4881.0,9.519867665955601
4882.0,9.529978739321754
4883.0,9.540619560803895
4884.0,9.55108889924292
4885.0,9.560342570551938
4886.0,9.571353953150195
4887.0,9.581874586636962
4888.0,9.592332601755343
4889.0,9.601928910147706
4890.0,9.612696872197784
4891.0,9.621932185350795
4892.0,9.63302733716619
4893.0,9.643179096074325
4894.0,9.653719250863796
4895.0,9.66371629969939
4896.0,9.673869107957563
4897.0,9.684424699779932
4898.0,9.694337333511964
4899.0,9.705060419165132
4900.0,9.715151144099694
4901.0,9.716665054297508
4902.0,9.717847187089255
4903.0,9.719167081787951
4904.0,9.720310970957387
4905.0,9.721498894733076
4906.0,9.723012614686198
4907.0,9.724526334639318
4908.0,9.725829210104395
4909.0,9.72710041510943
4910.0,9.72854083172626
4911.0,9.72955217746424
4912.0,9.730871833080315
4913.0,9.732385362793524
4914.0,9.73387374949949
4915.0,9.735340039618656
4916.0,9.736925951933154
4917.0,9.738323690608889
4918.0,9.73970867497059
4919.0,9.741091164456323
4920.0,9.742440812095209
4921.0,9.743824181502013
4922.0,9.745327415820359
4923.0,9.74629549676084
4924.0,9.74780883623892
4925.0,9.749322175717001
4926.0,9.750835515195082
4927.0,9.75234885467316
4928.0,9.75386219415124
4929.0,9.7552118104542
4930.0,9.756573555469787
4931.0,9.757879586491981
4932.0,9.759122588109554
4933.0,9.760201856874577
4934.0,9.761715006122309
4935.0,9.763228155370044
4936.0,9.764733847148543
4937.0,9.766094106989057
4938.0,9.767471335774164
4939.0,9.768856278718541
4940.0,9.770168563366493
4941.0,9.771078525236204
4942.0,9.772591484258372
4943.0,9.774104443280544
4944.0,9.77561740230271
4945.0,9.777025796445821
4946.0,9.778378132870257
4947.0,9.779721054049649
4948.0,9.781075263424754
4949.0,9.781989453691649
4950.0,9.783464949720392
4951.0,9.77073148634491
4952.0,9.757713062798953
4953.0,9.744675540148918
4954.0,9.731307324878284
4955.0,9.718575462612257
4956.0,9.705561104441713
4957.0,9.692114423419163
4958.0,9.679162539529283
4959.0,9.666432278332454
4960.0,9.653366102112635
4961.0,9.64023118637297
4962.0,9.627074222474839
4963.0,9.613762857053374
4964.0,9.600365603745477
4965.0,9.587600771513285
4966.0,9.574427865366996
4967.0,9.561148246502052
4968.0,9.548107782618596
4969.0,9.53513328581744
4970.0,9.521996921213622
4971.0,9.508883355413767
4972.0,9.495804325462922
4973.0,9.482593086631617
4974.0,9.469341746941936
4975.0,9.45597359956523
4976.0,9.442536594975342
4977.0,9.429101529908651
4978.0,9.416260946212292
4979.0,9.40306965923186
4980.0,9.389803134765756
4981.0,9.376444919320928
4982.0,9.363082112667248
4983.0,9.349593134320799
4984.0,9.336285757122935
4985.0,9.322848977960154
4986.0,9.309445358564247
4987.0,9.296028068012259
4988.0,9.282612716553958
4989.0,9.269200188402431
4990.0,9.255792918683486
4991.0,9.242385308755741
4992.0,9.22884685777765
4993.0,9.215498693004669
4994.0,9.202080703045043
4995.0,9.18877161516763
4996.0,9.175235005217878
4997.0,9.161698790547646
4998.0,9.14827075898893
4999.0,9.1347014954733
5000.0,9.121417943195294
5001.0,9.119136767934167
5002.0,9.117578051933256
5003.0,9.115205224880658
5004.0,9.113021792254441
5005.0,9.111360302718516
5006.0,9.109454889645734
5007.0,9.107646056026315
5008.0,9.1056324172962
5009.0,9.103631468226085
5010.0,9.100694752790817
5011.0,9.099498319776066
5012.0,9.09820224424287
5013.0,9.09592213584042
5014.0,9.092459338836585
5015.0,9.091420663879177
5016.0,9.089301017263146
5017.0,9.086810184240043
5018.0,9.084185035364758
5019.0,9.082811901474964
5020.0,9.079954455284277
5021.0,9.075992717428988
5022.0,9.076193194137893
5023.0,9.076579328489416
5024.0,9.074967193626785
5025.0,9.072872116634436
5026.0,9.066099265089568
5027.0,9.06631235623715
5028.0,9.064136492998498
5029.0,9.065568604162383
5030.0,9.049269054152987
5031.0,9.053327666475262
5032.0,9.059746634023194
5033.0,9.05523279970098
5034.0,9.052714557599343
5035.0,9.050380036242807
5036.0,9.024634072541456
5037.0,9.025578869695352
5038.0,9.041917822385722
5039.0,9.010137058723132
5040.0,9.030857859560061
5041.0,9.033498069260345
5042.0,9.037716011314622
5043.0,9.023032322644369
5044.0,9.009878378414923
5045.0,9.018494744417152
5046.0,9.034445869896485
5047.0,9.034216654139913
5048.0,9.034480119151972
5049.0,9.028321327478402
5050.0,9.025422700350422
5051.0,9.025078380186574
5052.0,9.016728617226942
5053.0,9.015076875439261
5054.0,9.00031355427548
5055.0,8.997740181387133
5056.0,8.997620198948857
5057.0,8.991177529844979
5058.0,8.967112487660614
5059.0,8.960675993179201
5060.0,8.962750685762712
5061.0,8.955953339778883
5062.0,8.960290168476227
5063.0,8.954308512782063
5064.0,8.951410220055779
5065.0,8.947403623825641
5066.0,8.941528304213298
5067.0,8.920912470064923
5068.0,8.917272149728657
5069.0,8.91070940976069
5070.0,8.909566703561778
5071.0,8.908475196143579
5072.0,8.902730553343734
5073.0,8.902466252366601
5074.0,8.876862924945392
5075.0,8.889302152654622
5076.0,8.886290892486375
5077.0,8.876538890558745
5078.0,8.856463027459997
5079.0,8.862920789096833
5080.0,8.858050983486523
5081.0,8.839958561931654
5082.0,8.851793018711957
5083.0,8.846888666455147
5084.0,8.841913735243425
5085.0,8.830146876522615
5086.0,8.826328999418042
5087.0,8.825383899465159
5088.0,8.805056208351338
5089.0,8.814868343671844
5090.0,8.810786422900915
5091.0,8.805220144176328
5092.0,8.799618197454075
5093.0,8.79287288876152
5094.0,8.779262792235752
5095.0,8.777780124436436
5096.0,8.772434663042821
5097.0,8.76822708110381
5098.0,8.764696730784985
5099.0,8.761505296578056
5100.0,8.75491912459074
5101.0,8.744017710226379
5102.0,8.73467576200553
5103.0,8.721712746223877
5104.0,8.709512416631233
5105.0,8.703265267145515
5106.0,8.69303149750613
5107.0,8.683746953730092
5108.0,8.672782524453579
5109.0,8.66162483933048
5110.0,8.652522654370003
5111.0,8.64083467545995
5112.0,8.628588108033629
5113.0,8.618535192020659
5114.0,8.610385810659077
5115.0,8.599719980716246
5116.0,8.588590647043844
5117.0,8.57886365431691
5118.0,8.567009750464438
5119.0,8.557768679272161
5120.0,8.54674547801742
5121.0,8.536200819323197
5122.0,8.524961581653807
5123.0,8.515225838784605
5124.0,8.503542420025008
5125.0,8.49368030539552
5126.0,8.483089115890747
5127.0,8.47262508641768
5128.0,8.461577075010508
5129.0,8.451587918620826
5130.0,8.44068351761717
5131.0,8.429958158157547
5132.0,8.419505542332912
5133.0,8.408952819568007
5134.0,8.398038596195235
5135.0,8.387602925431917
5136.0,8.376953727785155
5137.0,8.366313110671936
5138.0,8.355569832938189
5139.0,8.34470158874841
5140.0,8.33425786071465
5141.0,8.323608515335868
5142.0,8.312709236810255
5143.0,8.30206077122993
5144.0,8.291639344878458
5145.0,8.281031400851179
5146.0,8.270418086009034
5147.0,8.259713310216336
5148.0,8.248766946615408
5149.0,8.237763080242491
5150.0,8.227204709811476
5151.0,8.223010621176465
5152.0,8.218425436504674
5153.0,8.213912498755363
5154.0,8.209828405343728
5155.0,8.205706511379008
5156.0,8.201411110714327
5157.0,8.197057976575927
5158.0,8.192456257469551
5159.0,8.188372680345559
5160.0,8.18409210822262
5161.0,8.179794611675876
5162.0,8.175507513647227
5163.0,8.171017218600625
5164.0,8.16684843287735
5165.0,8.162552469065734
5166.0,8.158000319145424
5167.0,8.153641886295382
5168.0,8.149559341707523
5169.0,8.145291083878048
5170.0,8.14096898684886
5171.0,8.136659615958626
5172.0,8.132200695182986
5173.0,8.128090681681643
5174.0,8.12381109648958
5175.0,8.11955176384949
5176.0,8.115253933080876
5177.0,8.110764692503206
5178.0,8.10667173465368
5179.0,8.102323251154436
5180.0,8.097649807162277
5181.0,8.093414873943757
5182.0,8.089284635199531
5183.0,8.08464989288712
5184.0,8.080149690682813
5185.0,8.076042342763452
5186.0,8.071766039686933
5187.0,8.067446898010445
5188.0,8.063185160921801
5189.0,8.0587277035487
5190.0,8.05458437862088
5191.0,8.050236830075336
5192.0,8.045681637725702
5193.0,8.041390351403564
5194.0,8.037190044791696
5195.0,8.032696794340376
5196.0,8.028136085543075
5197.0,8.02405715442031
5198.0,8.019822669878463
5199.0,8.015489322267332
5200.0,8.01114968402153
5201.0,8.012667353495681
5202.0,8.013930303835075
5203.0,8.015339528207589
5204.0,8.017048142522302
5205.0,8.018513319153675
5206.0,8.019875505351761
5207.0,8.021136799522601
5208.0,8.02244183117637
5209.0,8.023788386384117
5210.0,8.025233791768644
5211.0,8.02677964653183
5212.0,8.028224565224624
5213.0,8.029656019471656
5214.0,8.03103543032393
5215.0,8.032332773753382
5216.0,8.033607118057784
5217.0,8.0349079175578
5218.0,8.036170435829975
5219.0,8.037432693677129
5220.0,8.038694691105503
5221.0,8.040471529879529
5222.0,8.041841558394623
5223.0,8.042830477094387
5224.0,8.043740076756125
5225.0,8.045000772184293
5226.0,8.046261207231161
5227.0,8.047521381902977
5228.0,8.048781296205984
5229.0,8.050041553245755
5230.0,8.051304298230784
5231.0,8.052565342948693
5232.0,8.05382421709794
5233.0,8.054911756944517
5234.0,8.056025545788025
5235.0,8.057242011354484
5236.0,8.058096923793993
5237.0,8.059342500968388
5238.0,8.060601029347719
5239.0,8.061786832484117
5240.0,8.0628708718933
5241.0,8.063625738908023
5242.0,8.062834434919827
5243.0,8.065897039955795
5244.0,8.066502424670661
5245.0,8.067142282034853
5246.0,8.06904447298518
5247.0,8.06929839957505
5248.0,8.070575522013034
5249.0,8.072606748765876
5250.0,8.073024271211276
5251.0,8.075111964060195
5252.0,8.075577085686438
5253.0,8.077897181903877
5254.0,8.079583477912397
5255.0,8.08054841832146
5256.0,8.08294567333565
5257.0,8.084383592710932
5258.0,8.086096769671267
5259.0,8.08781118886812
5260.0,8.08926950728306
5261.0,8.090823235529191
5262.0,8.091947544690065
5263.0,8.093635321639724
5264.0,8.095346972709276
5265.0,8.096655706043395
5266.0,8.098260834518907
5267.0,8.09963010825805
5268.0,8.099073495071542
5269.0,8.10262104421807
5270.0,8.104039582058697
5271.0,8.104369240603306
5272.0,8.106632780578925
5273.0,8.10800989199457
5274.0,8.110397673140646
5275.0,8.111892545888807
5276.0,8.113345136905448
5277.0,8.114993562856483
5278.0,8.115904626571133
5279.0,8.117583218962594
5280.0,8.119620904333331
5281.0,8.12102938321903
5282.0,8.122666549469347
5283.0,8.123786395314344
5284.0,8.125416748507266
5285.0,8.126960095188714
5286.0,8.128462838731561
5287.0,8.130522577288875
5288.0,8.131995271041173
5289.0,8.132500719339689
5290.0,8.135303968620866
5291.0,8.137037260484643
5292.0,8.137532832043624
5293.0,8.140144218011994
5294.0,8.14143617384873
5295.0,8.143142382489756
5296.0,8.144720414090312
5297.0,8.146548739535152
5298.0,8.148108089778688
5299.0,8.14943458398187
5300.0,8.151633594926292
5301.0,8.151041913445038
5302.0,8.150689848148907
5303.0,8.150248353165901
5304.0,8.149540021404277
5305.0,8.149096130359087
5306.0,8.148785238015023
5307.0,8.147807011226423
5308.0,8.147894787552008
5309.0,8.147425222544154
5310.0,8.147170563630551
5311.0,8.147136706882353
5312.0,8.146562370439046
5313.0,8.146309064958935
5314.0,8.145565750635063
5315.0,8.145510026326074
5316.0,8.145180072317414
5317.0,8.144894592021283
5318.0,8.14495902853782
5319.0,8.144147860182082
5320.0,8.144342240926099
5321.0,8.144324348760543
5322.0,8.144258893226047
5323.0,8.143975014405989
5324.0,8.143636975191981
5325.0,8.143632251245336
5326.0,8.14376632788197
5327.0,8.143646080735573
5328.0,8.143405650969815
5329.0,8.1432422595381
5330.0,8.143296581637403
5331.0,8.143172215806356
5332.0,8.143341286781677
5333.0,8.143338631354887
5334.0,8.14341832010381
5335.0,8.143550370153914
5336.0,8.143662231036052
5337.0,8.143818884439037
5338.0,8.143909387427025
5339.0,8.144101514622754
5340.0,8.144313736073814
5341.0,8.14454463212793
5342.0,8.144678686365001
5343.0,8.144813587492157
5344.0,8.144887313578305
5345.0,8.145055942883804
5346.0,8.145507087974044
5347.0,8.145863983127477
5348.0,8.146250929886527
5349.0,8.146541375540252
5350.0,8.14667994726581
5351.0,8.141947800391918
5352.0,8.137265348509768
5353.0,8.13263091363568
5354.0,8.127952125095103
5355.0,8.123089108339952
5356.0,8.118273034638406
5357.0,8.11379031149797
5358.0,8.109060697393769
5359.0,8.104333594159165
5360.0,8.09949201465066
5361.0,8.094565435026217
5362.0,8.089638855401773
5363.0,8.08471227577733
5364.0,8.079785696152888
5365.0,8.075008658391013
5366.0,8.070354803787913
5367.0,8.06572679099019
5368.0,8.060916162319499
5369.0,8.056053650988398
5370.0,8.051069914420264
5371.0,8.045705307598519
5372.0,8.041360378367726
5373.0,8.036471003825019
5374.0,8.03154379605869
5375.0,8.02650859341631
5376.0,8.021349245935024
5377.0,8.016507407201566
5378.0,8.011319866068355
5379.0,8.006712941761954
5380.0,8.00183158664906
5381.0,7.9965725958366205
5382.0,7.9911913232128
5383.0,7.9861806832884445
5384.0,7.980441742663241
5385.0,7.975884154498121
5386.0,7.97110668430276
5387.0,7.965168497639922
5388.0,7.960790854572346
5389.0,7.9557345585808115
5390.0,7.95030530733802
5391.0,7.94545035876866
5392.0,7.938816817629781
5393.0,7.935132773222561
5394.0,7.92945009889175
5395.0,7.924587424589449
5396.0,7.91956229497862
5397.0,7.913676474974123
5398.0,7.909050849671909
5399.0,7.90194489220192
5400.0,7.896605244429843
5401.0,7.894825804988561
5402.0,7.8913213035192085
5403.0,7.887348484654279
5404.0,7.878604087900395
5405.0,7.879259233128094
5406.0,7.875746368464388
5407.0,7.8706990054965145
5408.0,7.86495987494413
5409.0,7.859584395448862
5410.0,7.85427401465401
5411.0,7.845210423681467
5412.0,7.852412485654129
5413.0,7.847307715035397
5414.0,7.840211799904706
5415.0,7.836313474113564
5416.0,7.824866658825366
5417.0,7.833398364250316
5418.0,7.826337072290452
5419.0,7.823747847184913
5420.0,7.819182623971581
5421.0,7.812085623492673
5422.0,7.806637166892433
5423.0,7.807798797252362
5424.0,7.80108531222963
5425.0,7.799271496908002
5426.0,7.797484519810167
5427.0,7.795032610178643
5428.0,7.790431202764729
5429.0,7.786749601282846
5430.0,7.78070250511768
5431.0,7.779272868449756
5432.0,7.77371997244441
5433.0,7.768757680070374
5434.0,7.7687814386710174
5435.0,7.761769278954062
5436.0,7.753322620845042
5437.0,7.746256215548859
5438.0,7.749345134342435
5439.0,7.743253842188155
5440.0,7.741861953942769
5441.0,7.740481382882119
5442.0,7.738011421886616
5443.0,7.732033464844245
5444.0,7.724792570609888
5445.0,7.723640102479578
5446.0,7.721436023223362
5447.0,7.7183642346527455
5448.0,7.713497404922384
5449.0,7.708822821613556
5450.0,7.699750411982871
5451.0,7.697774933735357
5452.0,7.699054541824989
5453.0,7.693746637750877
5454.0,7.6912390210870845
5455.0,7.687954813687868
5456.0,7.684814170242301
5457.0,7.676676436732006
5458.0,7.666721650270027
5459.0,7.66889195654751
5460.0,7.665798312356797
5461.0,7.65773888938638
5462.0,7.660565494675933
5463.0,7.656268257165022
5464.0,7.6419398397616884
5465.0,7.646722259763262
5466.0,7.64591706945879
5467.0,7.638342424617273
5468.0,7.636217583861082
5469.0,7.631856015282589
5470.0,7.63127869983637
5471.0,7.627417064306682
5472.0,7.617718883146221
5473.0,7.6206853382582525
5474.0,7.6165930739133945
5475.0,7.609957097525004
5476.0,7.609458757216741
5477.0,7.605527373313888
5478.0,7.598658813677278
5479.0,7.5959513993788645
5480.0,7.590053234269931
5481.0,7.5905485677150155
5482.0,7.585778073937476
5483.0,7.581911968302064
5484.0,7.579156516259722
5485.0,7.575866928627337
5486.0,7.570729721191647
5487.0,7.568496875167623
5488.0,7.563504547375411
5489.0,7.559541333499451
5490.0,7.557262097002074
5491.0,7.553681633183745
5492.0,7.549308752800827
5493.0,7.5449622054511565
5494.0,7.54258001043244
5495.0,7.538218771894131
5496.0,7.532908602609136
5497.0,7.530126930764002
5498.0,7.5257902551607785
5499.0,7.523961661732733
5500.0,7.519339958025364
5501.0,7.5190729130991825
5502.0,7.5187680988060706
5503.0,7.517561045817963
5504.0,7.5179786461548535
5505.0,7.516964351337105
5506.0,7.517274397674431
5507.0,7.516585585455579
5508.0,7.515728207324255
5509.0,7.515150776689196
5510.0,7.513778769231831
5511.0,7.513653265097394
5512.0,7.513407944098961
5513.0,7.512441309539699
5514.0,7.512750445677302
5515.0,7.51162808800582
5516.0,7.511595369198409
5517.0,7.510394764358882
5518.0,7.510287648111761
5519.0,7.509791659868523
5520.0,7.5093757139999155
5521.0,7.50882393472212
5522.0,7.508207896285614
5523.0,7.50760341738007
5524.0,7.507065418148228
5525.0,7.506466463715091
5526.0,7.50565983886972
5527.0,7.50528948766196
5528.0,7.504929882719815
5529.0,7.504329729703436
5530.0,7.50350332995832
5531.0,7.5026745790904465
5532.0,7.501960721476363
5533.0,7.501504672153709
5534.0,7.500956214204327
5535.0,7.500228063727074
5536.0,7.4997337213553985
5537.0,7.499064452014854
5538.0,7.498553121143451
5539.0,7.497946965925921
5540.0,7.497151093776785
5541.0,7.4963255568144085
5542.0,7.496013818569082
5543.0,7.495432739476335
5544.0,7.494772827706959
5545.0,7.493978600857222
5546.0,7.493153259769631
5547.0,7.492327968309278
5548.0,7.491502726475576
5549.0,7.490988785136746
5550.0,7.490418240417876
5551.0,7.484384257006008
5552.0,7.478389841498157
5553.0,7.472385626174933
5554.0,7.4663153484527
5555.0,7.4601931354111155
5556.0,7.4540717060382065
5557.0,7.447951060318126
5558.0,7.4420116484472665
5559.0,7.436273114359348
5560.0,7.4301318056547085
5561.0,7.423666636470565
5562.0,7.4173647258496045
5563.0,7.411248777760526
5564.0,7.405539042445222
5565.0,7.39959310440514
5566.0,7.3935442553041355
5567.0,7.38748867102345
5568.0,7.381383389922389
5569.0,7.375187008323272
5570.0,7.368797819718203
5571.0,7.362364712186369
5572.0,7.356255803547887
5573.0,7.350149075713281
5574.0,7.34404447065816
5575.0,7.33794064472171
5576.0,7.331837597888235
5577.0,7.3257353301420425
5578.0,7.319633841467463
5579.0,7.313533131848787
5580.0,7.307346163480898
5581.0,7.301124517002117
5582.0,7.294938340092858
5583.0,7.288529493298204
5584.0,7.282106485121036
5585.0,7.276011180375073
5586.0,7.269844348409387
5587.0,7.2635218776245525
5588.0,7.257239029399577
5589.0,7.250821780082403
5590.0,7.244618024741866
5591.0,7.238418145626225
5592.0,7.232292529583887
5593.0,7.225966297492678
5594.0,7.219747456255447
5595.0,7.213253013570097
5596.0,7.207119330648153
5597.0,7.200950554465452
5598.0,7.19476682127108
5599.0,7.188441843669422
5600.0,7.181800321181807
5601.0,7.179876254316489
5602.0,7.177687292805908
5603.0,7.175518713487779
5604.0,7.1730829872572
5605.0,7.171012866324278
5606.0,7.16897260332759
5607.0,7.16675922934462
5608.0,7.1644921282909
5609.0,7.162276340573925
5610.0,7.159904734317364
5611.0,7.1573729223543525
5612.0,7.155210368246149
5613.0,7.15312118231061
5614.0,7.151210591416155
5615.0,7.148917407221345
5616.0,7.146671007451151
5617.0,7.144442455848679
5618.0,7.141965316328337
5619.0,7.139487437562042
5620.0,7.137437759161709
5621.0,7.135446638772333
5622.0,7.133251558227101
5623.0,7.131039873444666
5624.0,7.128882221197802
5625.0,7.126571462201638
5626.0,7.124417530596812
5627.0,7.12207515618356
5628.0,7.119928112390688
5629.0,7.117597714728337
5630.0,7.115293831092759
5631.0,7.1133298008066115
5632.0,7.110940613460592
5633.0,7.108838304779881
5634.0,7.106734899199143
5635.0,7.104598002918364
5636.0,7.102516835988412
5637.0,7.100407040266047
5638.0,7.097994916231085
5639.0,7.095846442465366
5640.0,7.0935111183393955
5641.0,7.091184255204128
5642.0,7.089062355698927
5643.0,7.0868040508288646
5644.0,7.084826085313988
5645.0,7.082482453436322
5646.0,7.0803081797708645
5647.0,7.07832642224708
5648.0,7.076252037031183
5649.0,7.073925989224235
5650.0,7.071805657241577
5651.0,7.0678900788066
5652.0,7.065297773125694
5653.0,7.061925785927348
5654.0,7.05866871418016
5655.0,7.0552060341796015
5656.0,7.051964711778743
5657.0,7.048389740185113
5658.0,7.045371614922533
5659.0,7.042023206123611
5660.0,7.03895727213454
5661.0,7.035707667409531
5662.0,7.032005774149237
5663.0,7.029120708298016
5664.0,7.025224768847799
5665.0,7.022500432911096
5666.0,7.019029330948431
5667.0,7.01494417080004
5668.0,7.011741926547492
5669.0,7.008872368692545
5670.0,7.005553505115608
5671.0,7.002013723670289
5672.0,6.997826045536272
5673.0,6.99502361974568
5674.0,6.991798388842647
5675.0,6.9886851353799795
5676.0,6.980705335261383
5677.0,6.981972737531505
5678.0,6.9748674024988695
5679.0,6.975526232867674
5680.0,6.97199554037633
5681.0,6.96459408016715
5682.0,6.962545254627801
5683.0,6.953750431100461
5684.0,6.953333524594391
5685.0,6.939807344611498
5686.0,6.948011131964836
5687.0,6.936573849983086
5688.0,6.9429170922133
5689.0,6.9145629014783205
5690.0,6.933196224753487
5691.0,6.919279910407228
5692.0,6.909607553308024
5693.0,6.92705519986677
5694.0,6.8975627046272905
5695.0,6.9142242844149955
5696.0,6.913528830353152
5697.0,6.911694886447004
5698.0,6.900663639196582
5699.0,6.904112565648402
5700.0,6.88013726577977
5701.0,6.883255269041067
5702.0,6.881982989261083
5703.0,6.896577735138321
5704.0,6.894309001481853
5705.0,6.891355632909591
5706.0,6.889446909270494
5707.0,6.891389210399722
5708.0,6.8877195243260285
5709.0,6.8860199505210975
5710.0,6.886233276857433
5711.0,6.885142325692571
5712.0,6.881594892203484
5713.0,6.874934642456539
5714.0,6.879488861530065
5715.0,6.877974447171377
5716.0,6.870143855609448
5717.0,6.875094355965815
5718.0,6.873511159343256
5719.0,6.858843050148023
5720.0,6.868213862610139
5721.0,6.848146249978932
5722.0,6.860884304144625
5723.0,6.86127110730993
5724.0,6.854509163637581
5725.0,6.857106389930948
5726.0,6.859961423460656
5727.0,6.860204199422876
5728.0,6.847776698013253
5729.0,6.854847756033399
5730.0,6.848326931879049
5731.0,6.837420593430421
5732.0,6.851175188360826
5733.0,6.851616766812951
5734.0,6.849793128409209
5735.0,6.84199727462946
5736.0,6.847846333807156
5737.0,6.840949946962401
5738.0,6.844822886090649
5739.0,6.824096538055051
5740.0,6.839137342372643
5741.0,6.840183392678785
5742.0,6.839691737474975
5743.0,6.83867082947668
5744.0,6.82600899465229
5745.0,6.833675885172669
5746.0,6.832720672507419
5747.0,6.8103795132467955
5748.0,6.831687819447342
5749.0,6.828161304976223
5750.0,6.83075945109763
5751.0,6.8289275842490405
5752.0,6.825146717755154
5753.0,6.821712648390256
5754.0,6.820265181334391
5755.0,6.814348105332662
5756.0,6.806735779425203
5757.0,6.8120753504430915
5758.0,6.812295100508337
5759.0,6.8085587026100995
5760.0,6.804818415321738
5761.0,6.802388348925795
5762.0,6.80190198948398
5763.0,6.797037826707853
5764.0,6.798282818490541
5765.0,6.790525745274637
5766.0,6.795547723091032
5767.0,6.793443590013426
5768.0,6.7901071710611465
5769.0,6.7851491799325565
5770.0,6.787303132428692
5771.0,6.782229827008801
5772.0,6.781351930687942
5773.0,6.7771665348894565
5774.0,6.773891247976895
5775.0,6.773538580253377
5776.0,6.77605859225515
5777.0,6.7742936943602805
5778.0,6.768522150692774
5779.0,6.77099829206681
5780.0,6.769352135340376
5781.0,6.767540217313137
5782.0,6.765125865032631
5783.0,6.763747768483494
5784.0,6.761074518737875
5785.0,6.760836796540036
5786.0,6.761051289609527
5787.0,6.758937478306807
5788.0,6.7581582720218805
5789.0,6.756065241213698
5790.0,6.754754748095469
5791.0,6.7546782954482145
5792.0,6.753877288353009
5793.0,6.753066180537233
5794.0,6.752185101105674
5795.0,6.749908198796819
5796.0,6.750718702176564
5797.0,6.7503853720729206
5798.0,6.7491881614347005
5799.0,6.7491284263788325
5800.0,6.7467108636268245
5801.0,6.747757552870232
5802.0,6.747182092586492
5803.0,6.7467675660594315
5804.0,6.74646070241657
5805.0,6.745236146876012
5806.0,6.74379396859773
5807.0,6.742378407545502
5808.0,6.742257871226497
5809.0,6.742545225369191
5810.0,6.741966367303969
5811.0,6.741011176871434
5812.0,6.740444166830277
5813.0,6.739410831699969
5814.0,6.7385919680041875
5815.0,6.736656296174547
5816.0,6.736249858607161
5817.0,6.735184691883289
5818.0,6.733974816646317
5819.0,6.733538207573474
5820.0,6.7319533916089505
5821.0,6.731844671660319
5822.0,6.730365743717257
5823.0,6.729392570209936
5824.0,6.727457702994142
5825.0,6.725880787265621
5826.0,6.725894679406749
5827.0,6.724731538461406
5828.0,6.7234801830028195
5829.0,6.7205685324473095
5830.0,6.719626506911993
5831.0,6.719546529395284
5832.0,6.717290129101147
5833.0,6.715697323979527
5834.0,6.714921551127575
5835.0,6.713526686009476
5836.0,6.710313270437617
5837.0,6.710321520612139
5838.0,6.70968826043514
5839.0,6.707410013274224
5840.0,6.70517247757689
5841.0,6.703539527829177
5842.0,6.702652245850461
5843.0,6.701567410204763
5844.0,6.698213098366277
5845.0,6.6984226839303895
5846.0,6.697051098979983
5847.0,6.691800247740925
5848.0,6.693939908499251
5849.0,6.691661656997105
5850.0,6.689762513954202
5851.0,6.681919816353067
5852.0,6.672083558428317
5853.0,6.661913072313478
5854.0,6.65907499586925
5855.0,6.651203339473237
5856.0,6.639649876240863
5857.0,6.634142570763001
5858.0,6.62709623116602
5859.0,6.617974815846168
5860.0,6.610959788408648
5861.0,6.592194381003318
5862.0,6.594685913303717
5863.0,6.5798082577530606
5864.0,6.577889485827787
5865.0,6.5685838733419555
5866.0,6.560114332152225
5867.0,6.545172173814693
5868.0,6.5424832045261985
5869.0,6.532483406320693
5870.0,6.526078827985935
5871.0,6.518386404523513
5872.0,6.50175902775646
5873.0,6.496429137113608
5874.0,6.494099375158765
5875.0,6.481649303448025
5876.0,6.476524965520583
5877.0,6.452595924279208
5878.0,6.434231819234059
5879.0,6.448045933739269
5880.0,6.44764233931168
5881.0,6.40104949564967
5882.0,6.414922357220092
5883.0,6.384182544801697
5884.0,6.371721097669817
5885.0,6.3690671473868194
5886.0,6.360254632999312
5887.0,6.37304348612622
5888.0,6.284802426653571
5889.0,6.2721733617895365
5890.0,6.335618968117048
5891.0,6.300281061283871
5892.0,6.284652014889387
5893.0,6.249428810638362
5894.0,6.280611511297397
5895.0,6.271792801372702
5896.0,6.294933868460012
5897.0,6.278251713882671
5898.0,6.234110179334421
5899.0,6.249255662391886
5900.0,6.197585856843329
5901.0,6.23418003343065
5902.0,6.1802805747952965
5903.0,6.1777151053049
5904.0,6.247852981029526
5905.0,6.25590802466077
5906.0,6.277027024071336
5907.0,6.258137239057217
5908.0,6.285622675774711
5909.0,6.2483310620973
5910.0,6.259266023045117
5911.0,6.2453679400427635
5912.0,6.220045307453409
5913.0,6.286807188245679
5914.0,6.271774098401404
5915.0,6.262420001258498
5916.0,6.27217358065777
5917.0,6.237998373733176
5918.0,6.283245769421718
5919.0,6.289590260059682
5920.0,6.226965434537485
5921.0,6.13171768522597
5922.0,6.27552443272316
5923.0,6.296585104640653
5924.0,6.2519844408848115
5925.0,6.225615159888754
5926.0,6.23486033166313
5927.0,6.276356789300865
5928.0,6.3096438922893565
5929.0,6.3168042320391
5930.0,6.273094217505982
5931.0,6.302981301195886
5932.0,6.313074126836521
5933.0,6.313767607955643
5934.0,6.224784170319391
5935.0,6.312502755106898
5936.0,6.312406814805576
5937.0,6.30503938327822
5938.0,6.320040439352769
5939.0,6.319850961205763
5940.0,6.303229386059409
5941.0,6.329737313901627
5942.0,6.284222224612637
5943.0,6.179881340798617
5944.0,6.206254331587913
5945.0,6.33236148144834
5946.0,6.275447810343979
5947.0,6.283874760131683
5948.0,6.244801658729804
5949.0,6.264516906077729
5950.0,6.32061464018588
5951.0,6.241645728181657
5952.0,6.302673297655507
5953.0,6.296684648868918
5954.0,6.326786553113901
5955.0,6.321692698065736
5956.0,6.320962678291842
5957.0,6.289986694813403
5958.0,6.288197209663569
5959.0,6.295151770212318
5960.0,6.208524465485019
5961.0,6.300802076931115
5962.0,6.2990155911447445
5963.0,6.297323543755218
5964.0,6.284955558583063
5965.0,6.300569038960199
5966.0,6.299899890309064
5967.0,6.289421210600667
5968.0,6.245450811387821
5969.0,6.246530295113694
5970.0,6.222072521459915
5971.0,6.270046454792187
5972.0,6.261438207415862
5973.0,6.250120201837116
5974.0,6.277543261232961
5975.0,6.278145064340224
5976.0,6.2699402157653426
5977.0,6.233602373503007
5978.0,6.254324922137835
5979.0,6.202291674536515
5980.0,6.253016238902889
5981.0,6.261398700269015
5982.0,6.248400429062855
5983.0,6.247078071153941
5984.0,6.251952709891906
5985.0,6.250592484032978
5986.0,6.247241920335842
5987.0,6.226006180201075
5988.0,6.247927552867372
5989.0,6.2336536411121095
5990.0,6.225835422953598
5991.0,6.224747363200284
5992.0,6.219277658390138
5993.0,6.227436447480204
5994.0,6.217573891191971
5995.0,6.2261498881736435
5996.0,6.213831350565236
5997.0,6.2278435999993835
5998.0,6.224042336626762
5999.0,6.211646596939046
6000.0,6.217509813445345
6001.0,6.20865749012841
6002.0,6.21862286363186
6003.0,6.221283509201586
6004.0,6.216796151179023
6005.0,6.224558583678783
6006.0,6.220574412214911
6007.0,6.226557077206408
6008.0,6.229821647434672
6009.0,6.229385298598663
6010.0,6.229643825220173
6011.0,6.228470353014949
6012.0,6.234314682516432
6013.0,6.232917403693254
6014.0,6.233901895497821
6015.0,6.2374357245404655
6016.0,6.239028915217773
6017.0,6.230051830958128
6018.0,6.234046095699841
6019.0,6.2423571958819535
6020.0,6.24293508012376
6021.0,6.241564921034973
6022.0,6.246302042656925
6023.0,6.246708418108521
6024.0,6.248445995068634
6025.0,6.249588719698883
6026.0,6.248716115927892
6027.0,6.252755784904893
6028.0,6.252665164423756
6029.0,6.2531135439550685
6030.0,6.2545575690281785
6031.0,6.2575602935875345
6032.0,6.258427400616704
6033.0,6.259309162998589
6034.0,6.260778556734155
6035.0,6.2634415801131835
6036.0,6.26443708647295
6037.0,6.266120617336783
6038.0,6.266947218858784
6039.0,6.268440316125305
6040.0,6.270432096207468
6041.0,6.271842920290583
6042.0,6.272554402681973
6043.0,6.274280480635339
6044.0,6.276164366388651
6045.0,6.276559664590244
6046.0,6.2789234407043715
6047.0,6.280134348495084
6048.0,6.281456626189365
6049.0,6.283128077390593
6050.0,6.284358222553112
6051.0,6.281270954907051
6052.0,6.278438393452246
6053.0,6.275604699427334
6054.0,6.272749403246056
6055.0,6.2699335180525155
6056.0,6.266889616150508
6057.0,6.263748344827029
6058.0,6.260888333951832
6059.0,6.2576844817676625
6060.0,6.2549385438445135
6061.0,6.252073205898068
6062.0,6.249262440346356
6063.0,6.2464237735635235
6064.0,6.243584696747276
6065.0,6.240687650163993
6066.0,6.237752930507384
6067.0,6.234669260658409
6068.0,6.23173716019716
6069.0,6.22865604650298
6070.0,6.226178944723563
6071.0,6.223394183388801
6072.0,6.220587017639818
6073.0,6.217748035042642
6074.0,6.214930313083013
6075.0,6.212128146648654
6076.0,6.2092640304644
6077.0,6.206375452275426
6078.0,6.2035445928988615
6079.0,6.200717559648614
6080.0,6.197835257864586
6081.0,6.194917230683094
6082.0,6.191983021912635
6083.0,6.188755900032309
6084.0,6.18630117302429
6085.0,6.18361477528815
6086.0,6.180884494286209
6087.0,6.178034512215669
6088.0,6.17511846451031
6089.0,6.172181435590517
6090.0,6.1692852809567436
6091.0,6.166507361755246
6092.0,6.163792600898698
6093.0,6.1610417628221175
6094.0,6.158188456295616
6095.0,6.155334741479219
6096.0,6.152478986373368
6097.0,6.149622536791871
6098.0,6.146767234463734
6099.0,6.143911888423662
6100.0,6.1410561340533345
6101.0,6.134789815471591
6102.0,6.128812313260402
6103.0,6.12276683932849
6104.0,6.116641297858853
6105.0,6.110480621640841
6106.0,6.104182513026532
6107.0,6.0978350304762445
6108.0,6.091517461510378
6109.0,6.085271909668327
6110.0,6.079117929425412
6111.0,6.072853646518429
6112.0,6.066576408373083
6113.0,6.060299141799653
6114.0,6.054020013410801
6115.0,6.047739177339868
6116.0,6.041457502692773
6117.0,6.035174989453315
6118.0,6.028863074573617
6119.0,6.022582162212783
6120.0,6.016322418018811
6121.0,6.010036550247957
6122.0,6.0037498438037655
6123.0,5.99746229867007
6124.0,5.991173914830657
6125.0,5.984884692269338
6126.0,5.978594630969938
6127.0,5.972270701996974
6128.0,5.965929346022708
6129.0,5.959587919920667
6130.0,5.953244032380064
6131.0,5.946887099595991
6132.0,5.940503491913492
6133.0,5.934097896933962
6134.0,5.927475394311487
6135.0,5.921176812735376
6136.0,5.914877542281419
6137.0,5.908579113008178
6138.0,5.902279772022443
6139.0,5.895977846965143
6140.0,5.88967508703514
6141.0,5.883370872770538
6142.0,5.876973293833068
6143.0,5.87041473546585
6144.0,5.863740230472925
6145.0,5.857397263549079
6146.0,5.851090340988399
6147.0,5.844782583464793
6148.0,5.838473990962253
6149.0,5.8321603637058335
6150.0,5.825730275235308
6151.0,5.823099686055839
6152.0,5.82046429748993
6153.0,5.817751038996993
6154.0,5.814938691744844
6155.0,5.812236666280897
6156.0,5.809662226137156
6157.0,5.807087420973161
6158.0,5.804439559595514
6159.0,5.801727848571545
6160.0,5.798795860886382
6161.0,5.796034081035111
6162.0,5.7934578219534885
6163.0,5.790837048170231
6164.0,5.7880831509282675
6165.0,5.7853708099004715
6166.0,5.782644014317463
6167.0,5.779822828931825
6168.0,5.777244750763745
6169.0,5.7745647099182005
6170.0,5.771623286690985
6171.0,5.768761221675316
6172.0,5.76618029594853
6173.0,5.763422127549586
6174.0,5.760599547072808
6175.0,5.757693919796858
6176.0,5.755113665349423
6177.0,5.7525149763773396
6178.0,5.749572795344324
6179.0,5.746630614311305
6180.0,5.744043926448743
6181.0,5.741317790656804
6182.0,5.738493771473026
6183.0,5.735600471436375
6184.0,5.732657911485817
6185.0,5.729715351535255
6186.0,5.727061361995749
6187.0,5.724343065343547
6188.0,5.721512468930325
6189.0,5.718681438448478
6190.0,5.715738499570619
6191.0,5.7127955606927605
6192.0,5.710072827315399
6193.0,5.707361560309187
6194.0,5.704426222233508
6195.0,5.701536065705523
6196.0,5.698647138912756
6197.0,5.695732425227263
6198.0,5.69278424747114
6199.0,5.689815608604264
6200.0,5.686923755820492
6201.0,5.682843157054614
6202.0,5.678645025947281
6203.0,5.674446894839958
6204.0,5.67024876373263
6205.0,5.666050632625298
6206.0,5.66185250151797
6207.0,5.657636986307056
6208.0,5.653423055412238
6209.0,5.649258108195986
6210.0,5.645059977088659
6211.0,5.6408618459813304
6212.0,5.636663714873999
6213.0,5.632465583766675
6214.0,5.628267452659347
6215.0,5.624069321552015
6216.0,5.6198711904446865
6217.0,5.615673059337359
6218.0,5.611474928230036
6219.0,5.607257416168789
6220.0,5.602942700905877
6221.0,5.598627982751195
6222.0,5.594104781159266
6223.0,5.58976452654352
6224.0,5.585566935924019
6225.0,5.581369345304514
6226.0,5.577096365637764
6227.0,5.572974164065514
6228.0,5.568755421991859
6229.0,5.564451529859255
6230.0,5.55990983066889
6231.0,5.55546839776355
6232.0,5.551271347617955
6233.0,5.547074297472369
6234.0,5.5428772473267784
6235.0,5.538680197181183
6236.0,5.534483147035592
6237.0,5.530203036109174
6238.0,5.526088487942385
6239.0,5.521820922094989
6240.0,5.517360179349214
6241.0,5.512822048782115
6242.0,5.508591405822678
6243.0,5.504394896137081
6244.0,5.500177801983558
6245.0,5.495776985402888
6246.0,5.491454470265519
6247.0,5.487020486501415
6248.0,5.48250120997956
6249.0,5.478325396477697
6250.0,5.473889778571858
6251.0,5.474961578074057
6252.0,5.475933962337936
6253.0,5.4772545081598345
6254.0,5.477939850168902
6255.0,5.479233511558183
6256.0,5.479807563318036
6257.0,5.4803512253484765
6258.0,5.4816840978802155
6259.0,5.482643647154069
6260.0,5.4826510855194455
6261.0,5.484417074582833
6262.0,5.485660302839579
6263.0,5.481732993930581
6264.0,5.486258951324114
6265.0,5.488656350251113
6266.0,5.48749034546238
6267.0,5.4891152995963255
6268.0,5.490989027096801
6269.0,5.48561328114934
6270.0,5.487425799869913
6271.0,5.493656791477618
6272.0,5.491818569897092
6273.0,5.496116573499432
6274.0,5.483863241015692
6275.0,5.497834993934995
6276.0,5.4986489951599
6277.0,5.493057054214906
6278.0,5.495251949951765
6279.0,5.05042152190443
6280.0,5.200221873545736
6281.0,5.231328096628042
6282.0,5.242600807367426
6283.0,5.381528062814044
6284.0,5.317640146747031
6285.0,5.474236344954486
6286.0,5.413031626899382
6287.0,5.503051112181465
6288.0,5.496683556299168
6289.0,5.465506356396192
6290.0,5.493676827237437
6291.0,5.4302695205929
6292.0,5.408274678253688
6293.0,5.51300349234781
6294.0,5.392877525443428
6295.0,5.388160028067923
6296.0,5.512715136464912
6297.0,5.397762561064809
6298.0,5.384120497823119
6299.0,5.510336082613029
6300.0,5.4072696159336
6301.0,5.391868250358149
6302.0,5.528921908797753
6303.0,5.529462048259126
6304.0,5.375003956058631
6305.0,5.466067371851591
6306.0,5.53232065699352
6307.0,5.510089548290804
6308.0,5.378499598636235
6309.0,5.534922544336151
6310.0,5.536185917867859
6311.0,5.531941737392886
6312.0,5.410173272010099
6313.0,5.538749077426334
6314.0,5.538623306845184
6315.0,5.538413123531556
6316.0,5.499040985623076
6317.0,5.4966002670653475
6318.0,5.530912985734183
6319.0,5.530042870810382
6320.0,5.545944804834524
6321.0,5.491658980289813
6322.0,5.534119033646238
6323.0,5.545487547792465
6324.0,5.547135383380165
6325.0,5.541284904800645
6326.0,5.517476696262965
6327.0,5.554397549025344
6328.0,5.55235936153243
6329.0,5.5572462287260835
6330.0,5.556898020138679
6331.0,5.5410402027285794
6332.0,5.558955309358002
6333.0,5.561157565267492
6334.0,5.554916349870717
6335.0,5.560111182886643
6336.0,5.561759023122258
6337.0,5.562687099226205
6338.0,5.564555504848576
6339.0,5.568482980219523
6340.0,5.5701695759163625
6341.0,5.572307822371239
6342.0,5.571163443508726
6343.0,5.569143867607971
6344.0,5.5639159867996115
6345.0,5.576614434012289
6346.0,5.579172376140921
6347.0,5.578418669228352
6348.0,5.580450525467075
6349.0,5.567453103231659
6350.0,5.58415106156867
6351.0,5.584174329795154
6352.0,5.576967310781641
6353.0,5.577695636629458
6354.0,5.582519536975708
6355.0,5.583351517886275
6356.0,5.5834843689852525
6357.0,5.579412286589062
6358.0,5.583310692827356
6359.0,5.582793758781635
6360.0,5.57854227324206
6361.0,5.5771091032656575
6362.0,5.582390320009524
6363.0,5.573925700046679
6364.0,5.581496852203386
6365.0,5.582047036632421
6366.0,5.58159778642769
6367.0,5.581248763083395
6368.0,5.581702182793011
6369.0,5.581529569686916
6370.0,5.576147808050364
6371.0,5.579547985106935
6372.0,5.58058506956301
6373.0,5.570954508359756
6374.0,5.578832557779119
6375.0,5.578457571537636
6376.0,5.57961408062666
6377.0,5.579342472856166
6378.0,5.580258424893134
6379.0,5.579730466874618
6380.0,5.5797432058486
6381.0,5.577429796568363
6382.0,5.5793483403473525
6383.0,5.577951327481919
6384.0,5.575470561681284
6385.0,5.576766042153922
6386.0,5.577423185020546
6387.0,5.577315959809199
6388.0,5.5772679919266475
6389.0,5.577014463921136
6390.0,5.577146434308291
6391.0,5.5741594080150385
6392.0,5.5756807889470545
6393.0,5.5752208045329645
6394.0,5.575675659617293
6395.0,5.574932526446242
6396.0,5.575096117633371
6397.0,5.574815238950495
6398.0,5.575443633035647
6399.0,5.572560700113897
6400.0,5.574975655707041
6401.0,5.572709771033155
6402.0,5.570494794496451
6403.0,5.571067328240935
6404.0,5.570072147827257
6405.0,5.56779362397285
6406.0,5.5668275979490245
6407.0,5.566717901518501
6408.0,5.565609472387794
6409.0,5.563969033209113
6410.0,5.5582616049191484
6411.0,5.559373303676232
6412.0,5.560857307200413
6413.0,5.559074622055867
6414.0,5.558665088978995
6415.0,5.5563749741678485
6416.0,5.554471314077863
6417.0,5.554631263712065
6418.0,5.552256388577279
6419.0,5.549678746552564
6420.0,5.550724615464933
6421.0,5.547158757687891
6422.0,5.548074118975751
6423.0,5.547578368443887
6424.0,5.5459106858751195
6425.0,5.544243700593014
6426.0,5.543702007894109
6427.0,5.536174624454678
6428.0,5.53983952944751
6429.0,5.539163505647593
6430.0,5.538781035331502
6431.0,5.5359644313420775
6432.0,5.533292377750524
6433.0,5.534781217137318
6434.0,5.532703749964725
6435.0,5.523579297053715
6436.0,5.52614980727379
6437.0,5.528847155432164
6438.0,5.528558852266159
6439.0,5.527171424614238
6440.0,5.525104815827199
6441.0,5.520861367444577
6442.0,5.519445653702018
6443.0,5.519641284517084
6444.0,5.5198669322988785
6445.0,5.512922389863617
6446.0,5.514358089111406
6447.0,5.511703657391379
6448.0,5.513024296365014
6449.0,5.511737408226412
6450.0,5.503579724144406
6451.0,5.505466257606393
6452.0,5.5071920776063426
6453.0,5.500637791727966
6454.0,5.5016119752832715
6455.0,5.495480582397025
6456.0,5.482297126212043
6457.0,5.489990924719026
6458.0,5.492440635499519
6459.0,5.480014245396506
6460.0,5.482753109683417
6461.0,5.450604387088433
6462.0,5.46550342598627
6463.0,5.476265603162013
6464.0,5.460593954021918
6465.0,5.4562759851760605
6466.0,5.443314799990065
6467.0,5.464557990763165
6468.0,5.43778927132536
6469.0,5.446241692995358
6470.0,5.438938233332502
6471.0,5.420909143564308
6472.0,5.433680260958607
6473.0,5.448033104090187
6474.0,5.411668160059259
6475.0,5.410639759847651
6476.0,5.436645125944286
6477.0,5.338465362998515
6478.0,5.350144226757417
6479.0,5.400621735711378
6480.0,5.436328152366344
6481.0,5.392319994986066
6482.0,5.357718284014834
6483.0,5.414848328001694
6484.0,5.424390541739798
6485.0,5.340614710186342
6486.0,5.347757632101158
6487.0,5.393369211525882
6488.0,5.407688180174406
6489.0,5.36901411696505
6490.0,5.395564961743096
6491.0,5.385028989610983
6492.0,5.3992227228459475
6493.0,5.3241154668556945
6494.0,5.398669457310517
6495.0,5.318432144406874
6496.0,5.383917869166158
6497.0,5.388116419111588
6498.0,5.312083540304881
6499.0,5.359951622271273
6500.0,5.384539727327498
6501.0,5.3811989230848045
6502.0,5.373785001116712
6503.0,5.3666070607198
6504.0,5.357278684365146
6505.0,5.346513337294431
6506.0,5.3357647318163774
6507.0,5.349699462224302
6508.0,5.342254108233051
6509.0,5.333079536811689
6510.0,5.2985044438923214
6511.0,5.324152510096573
6512.0,5.3220474270220475
6513.0,5.316043178552654
6514.0,5.27067873269563
6515.0,5.299118472847779
6516.0,5.2537270144210835
6517.0,5.238490555840157
6518.0,5.13387926367822
6519.0,5.234008971938725
6520.0,5.250033576630178
6521.0,5.20895988610171
6522.0,5.266629303777174
6523.0,5.263203905281675
6524.0,5.244898410069987
6525.0,5.232184014647448
6526.0,5.19612820165056
6527.0,5.241440286711516
6528.0,5.2320439180152425
6529.0,5.226698308010493
6530.0,5.225755723418436
6531.0,5.220049359795463
6532.0,5.203175901840377
6533.0,5.207311081589243
6534.0,5.146203751559638
6535.0,5.197395610679662
6536.0,5.154018315506296
6537.0,5.180077944308979
6538.0,5.171916473292431
6539.0,5.164177764136719
6540.0,5.171433051691809
6541.0,5.163144958485177
6542.0,5.156959900820633
6543.0,5.1549830189747645
6544.0,5.121960662108143
6545.0,5.137880094947967
6546.0,5.055562673675697
6547.0,5.130259812451541
6548.0,5.117771472740423
6549.0,5.106753641061912
6550.0,5.053187933219841
6551.0,5.100441261270403
6552.0,5.121296081557347
6553.0,5.123578809275185
6554.0,5.059938486005376
6555.0,5.108800203659703
6556.0,5.10399160095698
6557.0,5.124218771633006
6558.0,5.1322978415770955
6559.0,5.100048527076059
6560.0,5.116950477507058
6561.0,5.139968103279172
6562.0,5.125757850464605
6563.0,5.131837085010014
6564.0,5.138287007600901
6565.0,5.132918320324367
6566.0,5.09853282014535
6567.0,5.149873550332638
6568.0,5.151566211942795
6569.0,5.156596780339901
6570.0,5.152882244748406
6571.0,5.139005648341615
6572.0,5.158502886802288
6573.0,5.160154329348485
6574.0,5.1188526702267145
6575.0,5.165922426277272
6576.0,5.167918478227884
6577.0,5.10503506032395
6578.0,5.17182581083452
6579.0,5.178039909114112
6580.0,5.180351491904987
6581.0,5.178789743760989
6582.0,5.182313279709879
6583.0,5.167334832942316
6584.0,5.184917468971122
6585.0,5.174300184364378
6586.0,5.192125112344179
6587.0,5.189464569180653
6588.0,5.164463475439135
6589.0,5.19096362506371
6590.0,5.195108651943342
6591.0,5.201672492474406
6592.0,5.205363248775649
6593.0,5.205782807642394
6594.0,5.20858359150346
6595.0,5.205669002338503
6596.0,5.203228643483272
6597.0,5.215198431035723
6598.0,5.214759630643982
6599.0,5.217106253530489
6600.0,5.221365187623433
6601.0,5.202473190424669
6602.0,5.215237841885438
6603.0,5.2152077863284285
6604.0,5.202467156950845
6605.0,5.209209992279442
6606.0,5.209320060574338
6607.0,5.201033302317567
6608.0,5.205211240621117
6609.0,5.202702603782558
6610.0,5.201318182439299
6611.0,5.197794243712777
6612.0,5.196081521559117
6613.0,5.194132687433771
6614.0,5.18378525792719
6615.0,5.190718137033102
6616.0,5.188569030718182
6617.0,5.185552537546638
6618.0,5.183962637179007
6619.0,5.181652462571285
6620.0,5.179910657794544
6621.0,5.177317815921177
6622.0,5.176037945984887
6623.0,5.17281384524231
6624.0,5.170881075748123
6625.0,5.168563796665897
6626.0,5.167655746387988
6627.0,5.165527918228298
6628.0,5.1605451206507755
6629.0,5.161543417447834
6630.0,5.156044440008644
6631.0,5.155799142543643
6632.0,5.155350535679647
6633.0,5.152860614898336
6634.0,5.149895189672358
6635.0,5.146459216687731
6636.0,5.146870104502172
6637.0,5.143987463703561
6638.0,5.142658053114936
6639.0,5.1404202574641165
6640.0,5.137922519674896
6641.0,5.136463946214785
6642.0,5.134075743313302
6643.0,5.131330127285411
6644.0,5.127425732774261
6645.0,5.125360003991303
6646.0,5.12399726485171
6647.0,5.1240539186065455
6648.0,5.121466712432545
6649.0,5.11969053401777
6650.0,5.117611811514116
6651.0,5.112730876121662
6652.0,5.113113920005576
6653.0,5.110745897098849
6654.0,5.1077789826050966
6655.0,5.105109998987491
6656.0,5.103753358247532
6657.0,5.100704198932991
6658.0,5.098875100966654
6659.0,5.096668691120756
6660.0,5.09432642873819
6661.0,5.092050344373121
6662.0,5.088285394909189
6663.0,5.0873634084087564
6664.0,5.083122938614871
6665.0,5.082859473903782
6666.0,5.080527407415665
6667.0,5.07619129704862
6668.0,5.075799420200566
6669.0,5.073563481389681
6670.0,5.07122565491866
6671.0,5.06888768158885
6672.0,5.066542843319167
6673.0,5.062870832577475
6674.0,5.0615420541360665
6675.0,5.05930716100666
6676.0,5.05709673554888
6677.0,5.054651173392259
6678.0,5.052278949712722
6679.0,5.050050984411533
6680.0,5.04782273564116
6681.0,5.045557589987709
6682.0,5.043220013537589
6683.0,5.040862095219709
6684.0,5.038447567239635
6685.0,5.035356106972384
6686.0,5.03323325394365
6687.0,5.031514012356641
6688.0,5.02917331436351
6689.0,5.026829123590274
6690.0,5.02412189173337
6691.0,5.02210310629904
6692.0,5.019776814462713
6693.0,5.017438676621286
6694.0,5.014972877890746
6695.0,5.012668888018022
6696.0,5.010211211024033
6697.0,5.0079778067091105
6698.0,5.005612576850632
6699.0,5.0033696765304985
6700.0,5.0010290189004225
6701.0,4.999215018268123
6702.0,4.9977975650989475
6703.0,4.996122913347013
6704.0,4.994588177893098
6705.0,4.992976575204435
6706.0,4.991330096337753
6707.0,4.989569340402349
6708.0,4.988044347043769
6709.0,4.98652620499755
6710.0,4.984860848591123
6711.0,4.983085788841679
6712.0,4.981471672304563
6713.0,4.979978813612608
6714.0,4.978485328602818
6715.0,4.976907090542247
6716.0,4.975301097964195
6717.0,4.973691574020984
6718.0,4.971917015864456
6719.0,4.970382659489271
6720.0,4.968872602216445
6721.0,4.967218163639872
6722.0,4.965442430745878
6723.0,4.963773103584497
6724.0,4.962277249714832
6725.0,4.960781198651816
6726.0,4.959098701576118
6727.0,4.957586997377286
6728.0,4.955975441661448
6729.0,4.954264104337337
6730.0,4.952671460045112
6731.0,4.951112415355387
6732.0,4.949483731088423
6733.0,4.947784405627693
6734.0,4.946055207564746
6735.0,4.944556380881219
6736.0,4.942967566698997
6737.0,4.941302927453479
6738.0,4.939526296954027
6739.0,4.937938164758653
6740.0,4.936438572698828
6741.0,4.934819669745468
6742.0,4.933042814830475
6743.0,4.9313185539412645
6744.0,4.929818392844136
6745.0,4.928231493414026
6746.0,4.926557553098235
6747.0,4.9247804737620315
6748.0,4.92319405502492
6749.0,4.921647647282228
6750.0,4.920004985897073
6751.0,4.919501774483902
6752.0,4.918985489170126
6753.0,4.918692778406972
6754.0,4.918321445489476
6755.0,4.91784775820032
6756.0,4.917278949177721
6757.0,4.916900518557627
6758.0,4.91657608221086
6759.0,4.9161403724841355
6760.0,4.915624302199654
6761.0,4.915105063417078
6762.0,4.914811935957428
6763.0,4.914462221284949
6764.0,4.913969096322568
6765.0,4.9134001436577
6766.0,4.913017795038743
6767.0,4.912723209272497
6768.0,4.912313331523515
6769.0,4.911744307034793
6770.0,4.911221912991409
6771.0,4.910927149848514
6772.0,4.910562356354821
6773.0,4.91008791146516
6774.0,4.909518815150769
6775.0,4.909127913403547
6776.0,4.9088057245963554
6777.0,4.908362923471404
6778.0,4.907861788783989
6779.0,4.90732824382473
6780.0,4.907033065979124
6781.0,4.906611807367292
6782.0,4.906166180846579
6783.0,4.905634963451622
6784.0,4.905115135765975
6785.0,4.904665523937461
6786.0,4.904227029449583
6787.0,4.903839931179664
6788.0,4.903263120687825
6789.0,4.90283812363741
6790.0,4.902268811835137
6791.0,4.901926636150812
6792.0,4.901565243332229
6793.0,4.901102355799135
6794.0,4.900609821084605
6795.0,4.900071086178791
6796.0,4.8996138904500235
6797.0,4.8992310340453304
6798.0,4.898688741399303
6799.0,4.897583070709309
6800.0,4.897811360323749
6801.0,4.897672951008143
6802.0,4.89716775365839
6803.0,4.897713888070064
6804.0,4.89766244453201
6805.0,4.897481143958986
6806.0,4.896833292592847
6807.0,4.897434617922773
6808.0,4.8972027803242355
6809.0,4.896726773037517
6810.0,4.89740220222639
6811.0,4.897362711412782
6812.0,4.897307683413475
6813.0,4.8971045593836635
6814.0,4.897108869875124
6815.0,4.896790995136669
6816.0,4.895867779879913
6817.0,4.897018768453518
6818.0,4.896765552191954
6819.0,4.895574181877773
6820.0,4.89675876811999
6821.0,4.896645575023368
6822.0,4.896629790791541
6823.0,4.895913368850942
6824.0,4.896537453320671
6825.0,4.895735999990102
6826.0,4.894599875576971
6827.0,4.894907861437746
6828.0,4.8962175723236125
6829.0,4.895587169614751
6830.0,4.896004633455049
6831.0,4.894807623098307
6832.0,4.895923728555671
6833.0,4.8961167763129065
6834.0,4.895960264674754
6835.0,4.8944351584742245
6836.0,4.895292390708913
6837.0,4.895776424382146
6838.0,4.895675829916717
6839.0,4.895623539022919
6840.0,4.8947635324044825
6841.0,4.893731360677617
6842.0,4.89512217949336
6843.0,4.894809174639743
6844.0,4.8922577069799775
6845.0,4.894584721815162
6846.0,4.894349850069989
6847.0,4.89465589865016
6848.0,4.8939581336133955
6849.0,4.895194654763156
6850.0,4.893839028016016
6851.0,4.894531302159023
6852.0,4.893974257153278
6853.0,4.893520536707212
6854.0,4.8927713243908775
6855.0,4.889576346395474
6856.0,4.889399054157114
6857.0,4.891262973755814
6858.0,4.890097100231276
6859.0,4.8898037036082
6860.0,4.88874643153282
6861.0,4.888004553630457
6862.0,4.886920347815023
6863.0,4.886915913824414
6864.0,4.886246291645717
6865.0,4.883732978039135
6866.0,4.882368443522407
6867.0,4.881293648653487
6868.0,4.873045418837722
6869.0,3.6344134403442405
6870.0,2.83036718838539
6871.0,3.2692141927374236
6872.0,3.375351192371777
6873.0,3.0024408128249043
6874.0,3.793317387962129
6875.0,3.7231013688989747
6876.0,3.561562191076508
6877.0,3.5898176784520346
6878.0,4.2458269359871394
6879.0,3.766490832606603
6880.0,4.265952647761668
6881.0,4.107687359664445
6882.0,4.373535376190607
6883.0,4.861638084305948
6884.0,4.862946342202017
6885.0,4.844556549127085
6886.0,4.1622330960217395
6887.0,4.796032550867456
6888.0,3.9909180544529024
6889.0,3.938555088594408
6890.0,4.791868615629786
6891.0,3.8555998577187673
6892.0,3.7799449964471425
6893.0,4.805377292810048
6894.0,3.8501207638805117
6895.0,3.7129311871012325
6896.0,4.7885120036358675
6897.0,4.805501919061254
6898.0,3.8297197746742753
6899.0,3.8045453019125297
6900.0,4.830762525826972
6901.0,4.8228394796299145
6902.0,3.9176039738780957
6903.0,3.906544277361631
6904.0,4.839693842994101
6905.0,4.8368299707848434
6906.0,4.036128054056883
6907.0,4.009276038047211
6908.0,4.824810326507185
6909.0,4.839923715392246
6910.0,4.334700133778422
6911.0,4.01239908677463
6912.0,4.809343403555575
6913.0,4.833699365992191
6914.0,4.845559628162704
6915.0,4.289546624401027
6916.0,4.278593082562358
6917.0,4.839865066700938
6918.0,4.840092921493172
6919.0,4.837469822637416
6920.0,4.4233404426257845
6921.0,4.407607016828036
6922.0,4.847570056161183
6923.0,4.841966678710589
6924.0,4.819432286798635
6925.0,4.486055318479084
6926.0,4.490620123165476
6927.0,4.8359358175133105
6928.0,4.842618548271308
6929.0,4.801529084682474
6930.0,4.840768409515936
6931.0,4.399302849528586
6932.0,4.701391419084953
6933.0,4.796165638704056
6934.0,4.7832438289353245
6935.0,4.80304270933283
6936.0,4.62406061084568
6937.0,4.712229590060744
6938.0,4.8241794528633655
6939.0,4.838418467218133
6940.0,4.669726939375129
6941.0,4.805946179113242
6942.0,4.527889951928006
6943.0,4.703528561461858
6944.0,4.652130886643907
6945.0,4.835396661105482
6946.0,4.675607463949754
6947.0,4.842293284591516
6948.0,4.824756770567488
6949.0,4.6394224832502635
6950.0,4.733154413804705
6951.0,4.693922798623021
6952.0,4.831972657935076
6953.0,4.75767748847812
6954.0,4.827173077793708
6955.0,4.787407480421207
6956.0,4.741466334519768
6957.0,4.826121398998872
6958.0,4.516919887094522
6959.0,4.797350865351515
6960.0,4.824170666710945
6961.0,4.701283689008502
6962.0,4.810439951504127
6963.0,4.624043246715378
6964.0,4.823498491983837
6965.0,4.8257049836725665
6966.0,4.78271079866887
6967.0,4.795100761567005
6968.0,4.825268338980413
6969.0,4.822904904780451
6970.0,4.820420735232074
6971.0,4.821826364653693
6972.0,4.80998885653045
6973.0,4.768228730369693
6974.0,4.806623435476689
6975.0,4.813043678708331
6976.0,4.811575067135376
6977.0,4.811174395211711
6978.0,4.810838092106215
6979.0,4.759600277013753
6980.0,4.8011408820802055
6981.0,4.796976664116754
6982.0,4.8052259189935524
6983.0,4.763753200697769
6984.0,4.7952364608231886
6985.0,4.808294855720062
6986.0,4.799927041060004
6987.0,4.774246905667866
6988.0,4.736073821667545
6989.0,4.704764371778233
6990.0,4.766934832924988
6991.0,4.606436520225355
6992.0,4.729487264668273
6993.0,4.774233190601847
6994.0,4.780393596352361
6995.0,4.690228609308303
6996.0,4.679189785971828
6997.0,4.776694307023534
6998.0,4.792815793617124
6999.0,4.789464630437365
7000.0,4.743852251668531
7001.0,4.599509932561769
7002.0,4.781407817323221
7003.0,4.773214570012273
7004.0,4.753801604763638
7005.0,4.775819505403046
7006.0,4.7250382459697455
7007.0,4.58115797697065
7008.0,4.724330260590901
7009.0,4.7507961777671746
7010.0,4.7439316156247875
7011.0,4.752071069770125
7012.0,4.726062681139699
7013.0,4.644988771959272
7014.0,4.754280851916817
7015.0,4.751220059055655
7016.0,4.747286914614996
7017.0,4.712024001404044
7018.0,4.527847542989576
7019.0,4.709184776979893
7020.0,4.746511578658019
7021.0,4.7023728523203445
7022.0,4.727047667917331
7023.0,4.706166984061196
7024.0,4.721496437548354
7025.0,4.606754014344189
7026.0,4.711112950629373
7027.0,4.7097842479085354
7028.0,4.697158911316506
7029.0,4.524040418422934
7030.0,4.655899191630217
7031.0,4.706494584777011
7032.0,4.7156832357844545
7033.0,4.712513327279907
7034.0,4.7135450073948375
7035.0,4.716270993753479
7036.0,4.7136838855025855
7037.0,4.710709062420873
7038.0,4.705854191739394
7039.0,4.627132380450576
7040.0,4.665586834038709
7041.0,4.661898815038189
7042.0,4.571203355896224
7043.0,4.6931843536905005
7044.0,4.667758205420417
7045.0,4.688647953780231
7046.0,4.673714271212003
7047.0,4.681609339980257
7048.0,4.686186625958866
7049.0,4.6400174477056
7050.0,4.671192452459672
7051.0,4.6662618521508055
7052.0,4.654484670992267
7053.0,4.585104002786378
7054.0,4.6222670961700665
7055.0,4.579673420634038
7056.0,4.644919789725073
7057.0,4.62972196149532
7058.0,4.630366447650416
7059.0,4.577095448225305
7060.0,4.606178858219856
7061.0,4.613222501124981
7062.0,4.5927286631552375
7063.0,4.58909400743119
7064.0,4.598248578681348
7065.0,4.571076976055253
7066.0,4.589758395872527
7067.0,4.571761572750244
7068.0,4.5357543244075975
7069.0,4.568350085977413
7070.0,4.567900290170387
7071.0,4.562236465665061
7072.0,4.562547063636542
7073.0,4.556003441961114
7074.0,4.52787992705696
7075.0,4.540328853926423
7076.0,4.539237856113818
7077.0,4.520701101984091
7078.0,4.525595703279144
7079.0,4.525425145306013
7080.0,4.474968383754465
7081.0,4.48512018958155
7082.0,4.496931931361458
7083.0,4.496022358665645
7084.0,4.500595331076121
7085.0,4.493847877146685
7086.0,4.494092614186847
7087.0,4.48259921045359
7088.0,4.470304370741417
7089.0,4.478913366389676
7090.0,4.4237397642025265
7091.0,4.460820361547074
7092.0,4.4559892952243265
7093.0,4.442198297830974
7094.0,4.452858720810145
7095.0,4.439370469223845
7096.0,4.428417872136274
7097.0,4.427058995738415
7098.0,4.41980454897023
7099.0,4.419616139498401
7100.0,4.411468475164923
7101.0,4.397664777656714
7102.0,4.403499127759166
7103.0,4.4018956565078255
7104.0,4.392944361889331
7105.0,4.403333796309304
7106.0,4.398244649144972
7107.0,4.399331883180539
7108.0,4.369322012009434
7109.0,4.395241428744916
7110.0,4.392573008379218
7111.0,4.377188343901266
7112.0,4.3854781806353
7113.0,4.380980609022644
7114.0,4.375288365509623
7115.0,4.385460908407849
7116.0,4.3747599169341544
7117.0,4.374235579584209
7118.0,4.369047941749691
7119.0,4.376020436211724
7120.0,4.3427275331689446
7121.0,4.365689579285818
7122.0,4.359095951753052
7123.0,4.366157787385006
7124.0,4.351663857686098
7125.0,4.352791719729592
7126.0,4.352540866613212
7127.0,4.351376937534476
7128.0,4.350076515260782
7129.0,4.349931120750661
7130.0,4.3215807095724985
7131.0,4.329232038053415
7132.0,4.330445901533415
7133.0,4.327645333535873
7134.0,4.329084913947932
7135.0,4.331971689244658
7136.0,4.31640321669752
7137.0,4.329691706136617
7138.0,4.328613255246987
7139.0,4.297671065270113
7140.0,4.307114941148431
7141.0,4.320761464357525
7142.0,4.300366162196778
7143.0,4.307945619938802
7144.0,4.305102062419409
7145.0,4.282640366770833
7146.0,4.308094701602653
7147.0,4.2960142997152655
7148.0,4.289639056171825
7149.0,4.290846064636475
7150.0,4.24141229359933
7151.0,4.2942583559013086
7152.0,4.272531883080631
7153.0,4.232295028562541
7154.0,4.291703432809601
7155.0,4.287082611922086
7156.0,4.287462987429768
7157.0,4.287649722171043
7158.0,4.260025429679549
7159.0,4.292847650468374
7160.0,4.287809688382551
7161.0,4.222231996237226
7162.0,4.291821025058996
7163.0,4.295362062777742
7164.0,4.247974315710119
7165.0,4.277413744134705
7166.0,4.20011832941685
7167.0,4.2727983108516945
7168.0,4.225588086086336
7169.0,4.1251641706153785
7170.0,3.97145670215291
7171.0,4.236670056873994
7172.0,4.067678273356849
7173.0,4.105390532129707
7174.0,4.230756531306843
7175.0,3.7179134971893353
7176.0,3.957161695635577
7177.0,4.27470053436028
7178.0,4.058608893210595
7179.0,3.709912830974555
7180.0,3.966753087922326
7181.0,4.2181651303594965
7182.0,4.2716016228797535
7183.0,4.060330795418304
7184.0,3.7992686256923465
7185.0,4.265894178869219
7186.0,3.7682483555832538
7187.0,3.7228741409887474
7188.0,3.5466474715115806
7189.0,3.4321755192804844
7190.0,4.189278743208792
7191.0,4.246295854788249
7192.0,4.288445891606176
7193.0,3.7651684399718306
7194.0,3.7069781028373914
7195.0,4.087342259108797
7196.0,3.719267110081485
7197.0,4.059179274711608
7198.0,4.183756770417657
7199.0,4.083001773969349
7200.0,3.8851629424834897
7201.0,4.233988662181163
7202.0,3.9401663988165767
7203.0,3.3118642269382845
7204.0,4.220436865844292
7205.0,4.261762441855873
7206.0,3.570794236755824
7207.0,4.231650356319675
7208.0,3.6661056951528606
7209.0,4.143863573143703
7210.0,4.28346152382318
7211.0,4.170949982794975
7212.0,4.157400675090289
7213.0,4.222436618310976
7214.0,4.284778341316946
7215.0,4.317069561041438
7216.0,4.30892391511588
7217.0,4.298369526932599
7218.0,4.2228376940832915
7219.0,4.169222319495993
7220.0,4.245995200930453
7221.0,4.2896899137626745
7222.0,4.320428356313408
7223.0,4.325182840062223
7224.0,4.329602782563516
7225.0,4.255388321391528
7226.0,4.023525181519055
7227.0,4.32455487804541
7228.0,4.3306793412219085
7229.0,4.1816309910391665
7230.0,4.144315304299978
7231.0,4.3325009560817955
7232.0,4.332068897265897
7233.0,4.294282659668366
7234.0,4.135648807881822
7235.0,3.6906888470153505
7236.0,4.13427992559605
7237.0,3.568385177713685
7238.0,3.9683070477450078
7239.0,4.336087018216885
7240.0,4.3127630880301355
7241.0,4.327511461259738
7242.0,4.120694412358216
7243.0,3.4683568756974026
7244.0,4.348755022999908
7245.0,4.150205992525765
7246.0,3.715097613063372
7247.0,4.301828997128823
7248.0,4.05151899520846
7249.0,4.129125773965839
7250.0,4.355557819869096
7251.0,4.22531790099323
7252.0,4.1962932560062
7253.0,4.332980917558433
7254.0,3.822020660115695
7255.0,3.8270223567455464
7256.0,3.969204956881703
7257.0,4.364305030662158
7258.0,4.357983932956749
7259.0,4.1676588405414945
7260.0,4.121250140819598
7261.0,4.311025893270222
7262.0,4.30812834092669
7263.0,4.186612646445598
7264.0,4.232416805891926
7265.0,4.226437644924255
7266.0,4.233473576514792
7267.0,3.961440882454878
7268.0,3.752854772514006
7269.0,4.382454591896994
7270.0,4.358653989721606
7271.0,4.366478179003624
7272.0,4.137352976707173
7273.0,4.369987783783991
7274.0,4.371393640622388
7275.0,3.6724449821345666
7276.0,4.356964504435972
7277.0,4.0728460990339
7278.0,4.136137754346358
7279.0,3.6191263100076885
7280.0,4.125779776383467
7281.0,4.332400786995223
7282.0,4.32471278056061
7283.0,4.300580035452524
7284.0,4.252184634796031
7285.0,4.349775523628264
7286.0,4.400223067432484
7287.0,4.393917700649787
7288.0,4.4001308612593215
7289.0,4.059319185192601
7290.0,4.134679949287518
7291.0,4.400576800166611
7292.0,3.821414881121458
7293.0,4.115261817050235
7294.0,4.242089618021975
7295.0,4.206115382567199
7296.0,4.330184071812844
7297.0,4.186898301627261
7298.0,4.3144874351817375
7299.0,4.404024896542287
7300.0,4.376822219503071
7301.0,4.411424337471088
7302.0,4.145413543194493
7303.0,4.365071993532993
7304.0,4.292319516695092
7305.0,3.998497863492626
7306.0,3.927643400178617
7307.0,4.377994352150043
7308.0,4.373338543599045
7309.0,4.425416360890105
7310.0,4.420337430797943
7311.0,4.180970056758518
7312.0,4.097081558723458
7313.0,4.302724547899426
7314.0,4.397397121863737
7315.0,4.203663904835472
7316.0,4.4232466450946974
7317.0,4.349913773053228
7318.0,4.3094022295825205
7319.0,4.2024491576361935
7320.0,4.256628682570199
7321.0,4.158600843506834
7322.0,4.440214028941696
7323.0,4.3710293046957185
7324.0,4.439863603581747
7325.0,4.442870522429655
7326.0,4.34678820296958
7327.0,4.419221702906439
7328.0,4.4460317129026246
7329.0,4.288465411251295
7330.0,4.416066938976489
7331.0,4.443229119789997
7332.0,4.4477835172563
7333.0,4.335776410061195
7334.0,4.45258478792604
7335.0,4.349216198311054
7336.0,4.299941658763152
7337.0,4.350668252540476
7338.0,4.439898033947682
7339.0,4.453032290569542
7340.0,4.462479803548595
7341.0,4.454469672118558
7342.0,4.446536641658951
7343.0,4.442023701044287
7344.0,4.4581822768405885
7345.0,4.467979232042951
7346.0,4.36482045742681
7347.0,4.392654367374484
7348.0,4.467440195570581
7349.0,4.459791571289802
7350.0,4.419495887946757
7351.0,4.377895738118728
7352.0,4.36738371220548
7353.0,4.470318054863061
7354.0,4.471226317838466
7355.0,4.434527223781595
7356.0,4.445496704370448
7357.0,4.4459304671871
7358.0,4.429912804521969
7359.0,4.402147288108198
7360.0,4.463598375566957
7361.0,4.436496751984333
7362.0,4.386560173697174
7363.0,4.4177905217783024
7364.0,4.4246235858408935
7365.0,4.45505686143504
7366.0,4.369595220367496
7367.0,4.438456718814984
7368.0,4.414189714043696
7369.0,4.458876874220049
7370.0,4.4344417566192975
7371.0,4.327102896002706
7372.0,4.441694301350031
7373.0,4.436451381756772
7374.0,4.432809536213133
7375.0,4.4547386130189475
7376.0,4.439646295148619
7377.0,4.461452500823119
7378.0,4.449730074930787
7379.0,4.45786959515199
7380.0,4.403799306531767
7381.0,4.455632689312173
7382.0,4.456815507266731
7383.0,4.4496853255699005
7384.0,4.414716946645644
7385.0,4.423242509732663
7386.0,4.376650913885327
7387.0,4.458154651126346
7388.0,4.4590916224866115
7389.0,4.455267306258751
7390.0,4.4579989731302865
7391.0,4.444889280174998
7392.0,4.409956656462076
7393.0,4.4013720866222705
7394.0,4.431901072818392
7395.0,4.450876009878507
7396.0,4.453598130279935
7397.0,4.45659885344555
7398.0,4.401541412912484
7399.0,4.409927039979661
7400.0,4.446800010500124
7401.0,4.445565684174707
7402.0,4.453150969843011
7403.0,4.444411573458126
7404.0,4.448932103219944
7405.0,4.448583155819443
7406.0,4.438564745099653
7407.0,4.446565082786207
7408.0,4.436017953603877
7409.0,4.44002769157025
7410.0,4.434306743278783
7411.0,4.441782288976291
7412.0,4.4335918416003866
7413.0,4.405728091457856
7414.0,4.440823710774282
7415.0,4.4397083121292615
7416.0,4.437515760583157
7417.0,4.42186598567883
7418.0,4.425263039925553
7419.0,4.4347538501329
7420.0,4.43338160575205
7421.0,4.434077803616432
7422.0,4.431890868827378
7423.0,4.416035973565778
7424.0,4.429523441496867
7425.0,4.423199736282063
7426.0,4.426836481111356
7427.0,4.410835919729827
7428.0,4.413002807025893
7429.0,4.425189799733625
7430.0,4.42036575356888
7431.0,4.423120573879911
7432.0,4.422068129870925
7433.0,4.419478619411
7434.0,4.419758803965491
7435.0,4.417746533115603
7436.0,4.417671340363671
7437.0,4.414669481043425
7438.0,4.415325809780709
7439.0,4.414167605585181
7440.0,4.411879266927612
7441.0,4.411679919480093
7442.0,4.409858627214492
7443.0,4.401127476817045
7444.0,4.4072140447337365
7445.0,4.408129537539896
7446.0,4.406567868970332
7447.0,4.406260978068601
7448.0,4.404334108018253
7449.0,4.404390129372461
7450.0,4.403373623024053
7451.0,4.4010520279433765
7452.0,4.399955163289716
7453.0,4.3983327922097
7454.0,4.395331369842757
7455.0,4.396557818478778
7456.0,4.394415651667202
7457.0,4.392468200117335
7458.0,4.39197365468057
7459.0,4.391774772691062
7460.0,4.388348399029401
7461.0,4.387746605406274
7462.0,4.387198470542534
7463.0,4.386616609044602
7464.0,4.3853888864773545
7465.0,4.384215022416632
7466.0,4.382996631427114
7467.0,4.381725963883791
7468.0,4.380232330014159
7469.0,4.377451226464419
7470.0,4.376775449347815
7471.0,4.375702973612041
7472.0,4.374609654310987
7473.0,4.373899193405913
7474.0,4.372635283568187
7475.0,4.371478265808273
7476.0,4.370324344654439
7477.0,4.368752609744508
7478.0,4.367632394974106
7479.0,4.365712247627682
7480.0,4.365054997601718
7481.0,4.364049434862616
7482.0,4.362481391752849
7483.0,4.3613898501053905
7484.0,4.360461594932598
7485.0,4.359196197012526
7486.0,4.357828811788806
7487.0,4.356581793415798
7488.0,4.355629204594999
7489.0,4.354247069738861
7490.0,4.3531244677511385
7491.0,4.35152702913205
7492.0,4.350417562665188
7493.0,4.349564846690508
7494.0,4.348301783501255
7495.0,4.346552243871796
7496.0,4.345763183469223
7497.0,4.344204608361768
7498.0,4.343554535397557
7499.0,4.342051601913445
7500.0,4.341157190828081
7501.0,4.339930309706007
7502.0,4.338817213018116
7503.0,4.3380480330170315
7504.0,4.3368595279056095
7505.0,4.335530726044148
7506.0,4.3348577219513755
7507.0,4.33368404185911
7508.0,4.332831495465923
7509.0,4.332224543016189
7510.0,4.330970686361398
7511.0,4.329964109857066
7512.0,4.329094566823264
7513.0,4.32821168115156
7514.0,4.327244489114698
7515.0,4.326260822535097
7516.0,4.325159384962955
7517.0,4.323939616096718
7518.0,4.32298539974459
7519.0,4.321789563122435
7520.0,4.321192010246341
7521.0,4.3202899667922825
7522.0,4.3191709675758
7523.0,4.318289462073831
7524.0,4.317061380985786
7525.0,4.316216298620226
7526.0,4.315147513654846
7527.0,4.314139029972928
7528.0,4.313285539816243
7529.0,4.312355086088475
7530.0,4.311233568403766
7531.0,4.310127529762458
7532.0,4.309274698207905
7533.0,4.308205779321322
7534.0,4.307136860434737
7535.0,4.3062291471340695
7536.0,4.305375077532866
7537.0,4.304267859131991
7538.0,4.303347187351115
7539.0,4.302260316552841
7540.0,4.3012621835927165
7541.0,4.300133480871247
7542.0,4.299090687883301
7543.0,4.298315700775223
7544.0,4.2973696942243675
7545.0,4.296360903453616
7546.0,4.2953502168280595
7547.0,4.294316726397547
7548.0,4.293247539658485
7549.0,4.292178352919421
7550.0,4.291008756211104
7551.0,4.289814057651719
7552.0,4.2884240030001965
7553.0,4.286973987666938
7554.0,4.285418640151278
7555.0,4.284091412976675
7556.0,4.282645244702854
7557.0,4.281145003762384
7558.0,4.279567994461599
7559.0,4.278144521881443
7560.0,4.2767718174733975
7561.0,4.2751901218803035
7562.0,4.273896097789295
7563.0,4.272496239738203
7564.0,4.27104015797288
7565.0,4.269582233690579
7566.0,4.268125308086167
7567.0,4.266667068072105
7568.0,4.265176508698642
7569.0,4.263676079849887
7570.0,4.262175651001134
7571.0,4.260675222152381
7572.0,4.259174793303626
7573.0,4.2578838457212225
7574.0,4.256364912020786
7575.0,4.254795713830297
7576.0,4.253504439823947
7577.0,4.2520386371579475
7578.0,4.250395450821088
7579.0,4.249105679547496
7580.0,4.247640234576347
7581.0,4.246170606405019
7582.0,4.244679424805308
7583.0,4.242803038017976
7584.0,4.241345174617222
7585.0,4.239925354678403
7586.0,4.238318809671754
7587.0,4.236395333688438
7588.0,4.234221144219679
7589.0,4.23164684126823
7590.0,4.228554598012649
7591.0,4.224632026173911
7592.0,4.219464333889938
7593.0,4.212085549560146
7594.0,4.200157126870741
7595.0,4.166053931026734
7596.0,2.5794586354412616
7597.0,1.695563681398134
7598.0,1.5689622332412365
7599.0,1.8916932064911194
7600.0,2.186525805434155
7601.0,1.0420472994965004
7602.0,1.1916830197748505
7603.0,1.620486040422825
7604.0,0.4567522962119399
7605.0,1.5190118406308102
7606.0,0.6544481716440882
7607.0,1.2493187883084922
7608.0,0.9892961672990446
7609.0,0.8325175144244789
7610.0,0.9996966123160957
7611.0,1.3018486158292764
7612.0,1.282832963302902
7613.0,1.8132142248448246
7614.0,1.1856475102599155
7615.0,1.3862257954291957
7616.0,3.1529267101781686
7617.0,1.6557754920791317
7618.0,2.1164285058856738
7619.0,3.8733037333370604
7620.0,4.090372189133971
7621.0,4.093058212289499
7622.0,3.8345638423853314
7623.0,1.6851486351971758
7624.0,3.6446563578385467
7625.0,2.007066527681595
7626.0,1.9489582661505733
7627.0,1.8156224309362348
7628.0,3.609997634279335
7629.0,1.1940643807324507
7630.0,1.2366093720414626
7631.0,2.750005979067253
7632.0,3.496176814782283
7633.0,1.1570429372842521
7634.0,1.0826231332748264
7635.0,2.940306351101672
7636.0,3.5945865522671467
7637.0,1.503849265694589
7638.0,1.3364425180945025
7639.0,2.403098907800186
7640.0,3.715327717047785
7641.0,3.104745897945062
7642.0,1.3474656819290691
7643.0,1.3291914538948566
7644.0,3.715956625263759
7645.0,3.7857691923129924
7646.0,1.743394900748013
7647.0,1.6297616747798231
7648.0,2.8590436450466776
7649.0,3.908300903544806
7650.0,3.909922539012557
7651.0,1.8102234136201742
7652.0,1.712922497095322
7653.0,3.6257783534355257
7654.0,3.9878145652553054
7655.0,3.98950789416002
7656.0,2.189393073874127
7657.0,2.117536366420697
7658.0,3.7153604727936567
7659.0,4.044785378329979
7660.0,4.071455465761054
7661.0,3.1038022574702544
7662.0,2.7724183506527993
7663.0,2.9824528554502203
7664.0,4.069630833907243
7665.0,4.105010883869565
7666.0,4.058552217930963
7667.0,2.860861998387652
7668.0,2.8320642919955783
7669.0,4.0601863333480654
7670.0,4.103165272085016
7671.0,4.106728767428008
7672.0,4.050152515002942
7673.0,3.1853507074997163
7674.0,3.1810619618452654
7675.0,4.101722387852756
7676.0,4.116696127022435
7677.0,4.112520296649137
7678.0,4.077671302468319
7679.0,3.4630570398107205
7680.0,3.460398037520301
7681.0,4.10980667010198
7682.0,4.115072656984866
7683.0,4.112945084733759
7684.0,4.108993010123079
7685.0,3.6707560959602388
7686.0,3.6601651524821754
7687.0,4.107111518990177
7688.0,4.106138133824731
7689.0,4.102707306600138
7690.0,4.098519158491985
7691.0,3.8389786838071007
7692.0,3.818832538121244
7693.0,4.091398149800931
7694.0,4.094580622481106
7695.0,4.094150347178762
7696.0,4.090631364694726
7697.0,4.090631713193321
7698.0,3.9473203240219106
7699.0,3.9410269141788055
7700.0,4.088830256990985
7701.0,4.0931574260931
7702.0,4.08664704805355
7703.0,4.0848948854115
7704.0,4.08623966124189
7705.0,4.0273952744075325
7706.0,4.019082579565549
7707.0,4.086176861939311
7708.0,4.086794056537908
7709.0,4.08547303486733
7710.0,4.084152013196754
7711.0,4.082830991526177
7712.0,4.0525014837632565
7713.0,4.054659652372105
7714.0,4.077091506654362
7715.0,4.073753759886968
7716.0,4.068234200415134
7717.0,4.074898417065464
7718.0,4.065629508984296
7719.0,4.061128511175281
7720.0,4.053398387598821
7721.0,4.06925265709722
7722.0,4.061147292666797
7723.0,4.063322520571394
7724.0,4.054965337322042
7725.0,4.064175759078499
7726.0,4.062662998186909
7727.0,4.048976408908301
7728.0,4.046203587686119
7729.0,4.058644656143995
7730.0,4.057243149584557
7731.0,4.04745935710468
7732.0,4.045342132869788
7733.0,4.0529795212114985
7734.0,4.05194003007635
7735.0,4.0497720070262
7736.0,4.041377805716216
7737.0,4.040270538125402
7738.0,4.046549043462781
7739.0,4.045237135823227
7740.0,4.043862569438911
7741.0,4.037301524740095
7742.0,4.035509705644347
7743.0,4.039528838517966
7744.0,4.038187315609775
7745.0,4.036782514697299
7746.0,4.032141929948258
7747.0,4.030581861926335
7748.0,4.032864581886126
7749.0,4.0315915169591126
7750.0,4.030226486231095
7751.0,4.029167229004263
7752.0,4.02600764631625
7753.0,4.024949192095217
7754.0,4.026327376487544
7755.0,4.025215447197503
7756.0,4.024195473679306
7757.0,4.022267548022126
7758.0,4.0211079583080895
7759.0,4.020875051813876
7760.0,4.020461299098101
7761.0,4.0195277554528
7762.0,4.018594211807499
7763.0,4.016969992828589
7764.0,4.016005486822374
7765.0,4.015658152317448
7766.0,4.0147910020520845
7767.0,4.013835874190314
7768.0,4.012880014957549
7769.0,4.011875134647501
7770.0,4.010652179022115
7771.0,4.009657299171065
7772.0,4.009060818319529
7773.0,4.008107231539786
7774.0,4.007154480594469
7775.0,4.006201599453777
7776.0,4.005095713834769
7777.0,4.004089436112202
7778.0,4.002824742230161
7779.0,4.002222582695723
7780.0,4.001289155987482
7781.0,4.000355729279242
7782.0,3.9994223025710034
7783.0,3.9984888758627637
7784.0,3.99742644276736
7785.0,3.9966220224462843
7786.0,3.9956885957380437
7787.0,3.9947551690298044
7788.0,3.9938217423215656
7789.0,3.9928883156133264
7790.0,3.9918114438839734
7791.0,3.9910214621968456
7792.0,3.9900880354886064
7793.0,3.9891546087803667
7794.0,3.9874489417139727
7795.0,3.986896748500027
7796.0,3.986354328655647
7797.0,3.9854209019474074
7798.0,3.984608425692147
7799.0,3.9836294554248473
7800.0,3.9828705631322263
7801.0,3.9819474659236307
7802.0,3.981024398011937
7803.0,3.9800989775299795
7804.0,3.9791405137634133
7805.0,3.9763547631482608
7806.0,3.9773120357160185
7807.0,3.9764076167286384
7808.0,3.975487516219813
7809.0,3.974556085616646
7810.0,3.973604589208934
7811.0,3.972403978777969
7812.0,3.9714419424902134
7813.0,3.970750099985801
7814.0,3.96979860357809
7815.0,3.968847107170379
7816.0,3.967975592878163
7817.0,3.9670064292513327
7818.0,3.966271698467351
7819.0,3.9648857003338307
7820.0,3.9641437049890773
7821.0,3.96255583188522
7822.0,3.9620839113528157
7823.0,3.961522838281246
7824.0,3.9601649122719844
7825.0,3.959828107335384
7826.0,3.9588764917388346
7827.0,3.9575069636471953
7828.0,3.956748164662226
7829.0,3.956163170058006
7830.0,3.954717601512055
7831.0,3.95382476991684
7832.0,3.9535074810644915
7833.0,3.9526271316378474
7834.0,3.9513381048328178
7835.0,3.949529529091076
7836.0,3.9498550013295217
7837.0,3.9488027340842375
7838.0,3.947801535222225
7839.0,3.94547643959488
7840.0,3.9460195967893488
7841.0,3.943879754628033
7842.0,3.9391217642954324
7843.0,3.941311166632643
7844.0,3.942734847410589
7845.0,3.9418226045108873
7846.0,3.9408834569435753
7847.0,3.9380499494585894
7848.0,3.933729589045199
7849.0,3.9327071917337415
7850.0,3.937273277274253
7851.0,3.932767149042165
7852.0,3.9352003248012632
7853.0,3.932745644830703
7854.0,3.9336290223182706
7855.0,3.9326879210134296
7856.0,3.9252078737866207
7857.0,3.921666553300356
7858.0,3.9280607751920456
7859.0,3.929038411988955
7860.0,3.9267691674121465
7861.0,3.9254451951825122
7862.0,3.926033337451033
7863.0,3.9186461396982377
7864.0,3.9207330115036467
7865.0,3.9160384620012034
7866.0,3.9200077393711408
7867.0,3.9064935938155694
7868.0,3.8810105749862833
7869.0,3.910405210836526
7870.0,3.9165950995923993
7871.0,3.9174718972367373
7872.0,3.8894599131979968
7873.0,3.9063896251052355
7874.0,3.9146161064651834
7875.0,3.8908578508655376
7876.0,3.9120378707788848
7877.0,3.8996407777694126
7878.0,3.892156065876948
7879.0,3.8584043915758666
7880.0,3.908753113906992
7881.0,3.9077273292759345
7882.0,3.8903064974309034
7883.0,3.8727392764491473
7884.0,3.8919424520176635
7885.0,3.90417378427025
7886.0,3.9023077322124875
7887.0,3.8802641741435773
7888.0,3.890513536852294
7889.0,3.8417594976218497
7890.0,3.897780129040549
7891.0,3.8827296715186974
7892.0,3.879323838742254
7893.0,3.868676684262607
7894.0,3.8390049217593782
7895.0,3.8904459821225883
7896.0,3.8253741593650066
7897.0,3.8723394446925266
7898.0,3.7431263838654685
7899.0,3.8872723443480144
7900.0,3.890037933473804
7901.0,3.889368889409146
7902.0,3.8832960724160386
7903.0,3.853138336000686
7904.0,3.7639896134904856
7905.0,3.854583942347635
7906.0,3.8747787975949644
7907.0,3.885089072653623
7908.0,3.883561989856824
7909.0,3.8788590843002364
7910.0,3.8779049653003246
7911.0,3.7628257397365963
7912.0,3.855135458364584
7913.0,3.841414663110576
7914.0,3.8629159620820674
7915.0,3.878227736042516
7916.0,3.878862431441059
7917.0,3.876721732778201
7918.0,3.823458681415119
7919.0,3.8604732890155646
7920.0,3.831248922344
7921.0,3.8741899691661446
7922.0,3.871286972311998
7923.0,3.761153412745106
7924.0,3.871924919581737
7925.0,3.870495439194838
7926.0,3.8484617580380385
7927.0,3.816924058501028
7928.0,3.870205758418004
7929.0,3.869390384015065
7930.0,3.8592061507871733
7931.0,3.7457813975476952
7932.0,3.8425485822123053
7933.0,3.866060038133841
7934.0,3.8383535297917337
7935.0,3.862893525588122
7936.0,3.8648246266557966
7937.0,3.8642176888307658
7938.0,3.863377220716414
7939.0,3.8580148025092016
7940.0,3.8619449078949453
7941.0,3.855750394018064
7942.0,3.8601286394383068
7943.0,3.8590560185565645
7944.0,3.836912822648335
7945.0,3.8529148787606653
7946.0,3.857723007878869
7947.0,3.8560544668148675
7948.0,3.8555985648868925
7949.0,3.848642399341945
7950.0,3.8217218160487842
7951.0,3.8538878557703145
7952.0,3.851748154633806
7953.0,3.8151695956443405
7954.0,3.8493016756767235
7955.0,3.8516497149709483
7956.0,3.8248390205174054
7957.0,3.850668152240483
7958.0,3.83697720052805
7959.0,3.848066762304971
7960.0,3.8400880539464297
7961.0,3.752802971475238
7962.0,3.8210407460073252
7963.0,3.7580124297926303
7964.0,3.804818457910756
7965.0,3.713778356715062
7966.0,3.829632142588714
7967.0,3.8026347139220165
7968.0,3.844391074828832
7969.0,3.8411215351131096
7970.0,3.7902261898765253
7971.0,3.818762913010595
7972.0,3.8415431777411704
7973.0,3.8344185586428403
7974.0,3.778485909520488
7975.0,3.8401691499510857
7976.0,3.823398920445936
7977.0,3.8213814001899893
7978.0,3.837238425561215
7979.0,3.825845896287934
7980.0,3.83229774246166
7981.0,3.836043649977067
7982.0,3.819288595062609
7983.0,3.814449195823576
7984.0,3.8301663538441577
7985.0,3.8321340579686467
7986.0,3.7997040890391793
7987.0,3.792516183971039
7988.0,3.8155373718667547
7989.0,3.815224438142212
7990.0,3.815673988455097
7991.0,3.8307756502388157
7992.0,3.8310028803752836
7993.0,3.8009229104538838
7994.0,3.8242782770130215
7995.0,3.8248700926195753
7996.0,3.8045701931022307
7997.0,3.8234023346638315
7998.0,3.820878102276561
7999.0,3.8185634680288345
8000.0,3.7933031862981665
8001.0,3.778573732318641
8002.0,3.7773716834089974
8003.0,3.760236305445888
8004.0,3.8198463323224647
8005.0,3.8129460263432864
8006.0,3.8145113504038837
8007.0,3.8011885671654952
8008.0,3.820422212729454
8009.0,3.800937918975297
8010.0,3.6662259757258826
8011.0,3.8185356622046287
8012.0,3.8185745002755533
8013.0,3.7964991332800913
8014.0,3.8100538718601853
8015.0,3.72294689896907
8016.0,3.7628487204595973
8017.0,3.8030218798138877
8018.0,3.8102648363175606
8019.0,3.8038384128500415
8020.0,3.783860869177042
8021.0,3.8047422861976106
8022.0,3.8062983303812925
8023.0,3.7665815617161535
8024.0,3.7848305246605913
8025.0,3.7564116696173904
8026.0,3.759834277760208
8027.0,3.787428126312529
8028.0,3.784216654222825
8029.0,3.795731530292283
8030.0,3.772212624442638
8031.0,3.7358097152503094
8032.0,3.7929424237365734
8033.0,3.792517338488204
8034.0,3.7920866228889065
8035.0,3.79988370075785
8036.0,3.742408715385055
8037.0,3.7689075791054836
8038.0,3.7839891474779646
8039.0,3.743650343318707
8040.0,3.7898100152719736
8041.0,3.795501705414076
8042.0,3.7561837341608615
8043.0,3.789158106547402
8044.0,3.7792461156165698
8045.0,3.743720823768244
8046.0,3.7587118115387437
8047.0,3.762692291940898
8048.0,3.736437905737793
8049.0,3.78331409503227
8050.0,3.7902239234413444
8051.0,3.775480016023102
8052.0,3.787778140963295
8053.0,3.7865151029092092
8054.0,3.78551958773012
8055.0,3.7577055351229385
8056.0,3.781349427577061
8057.0,3.7646531329507447
8058.0,3.78004378185717
8059.0,3.7796300609691005
8060.0,3.7825351016203297
8061.0,3.7715069284593468
8062.0,3.7564785915155516
8063.0,3.7764304396493262
8064.0,3.7671338460738615
8065.0,3.7580417731594236
8066.0,3.7630928649964406
8067.0,3.76236030880812
8068.0,3.7664722165497335
8069.0,3.7751977051192545
8070.0,3.769738246748971
8071.0,3.7689080109996547
8072.0,3.73397532886454
8073.0,3.750668030337407
8074.0,3.770230454093306
8075.0,3.768872832793893
8076.0,3.7700653999737814
8077.0,3.7601971396235867
8078.0,3.747225382458353
8079.0,3.7591906104194996
8080.0,3.765822947476643
8081.0,3.7468362249172387
8082.0,3.7506305325466998
8083.0,3.753950376032092
8084.0,3.7478274123802353
8085.0,3.7543956420052704
8086.0,3.761442634915066
8087.0,3.715714449026672
8088.0,3.713604561724192
8089.0,3.755525980363637
8090.0,3.754660309252349
8091.0,3.749994079036092
8092.0,3.7531695535702214
8093.0,3.710331884914676
8094.0,3.747695254500693
8095.0,3.7510328041736782
8096.0,3.727768111689625
8097.0,3.7184960116229564
8098.0,3.7317619880695387
8099.0,3.7020627086080435
8100.0,3.735409284499483
8101.0,3.701501877948909
8102.0,3.7416869378874793
8103.0,3.739311295149639
8104.0,3.71565796179483
8105.0,3.7186412214862368
8106.0,3.7393484862123207
8107.0,3.719280777631349
8108.0,3.7325892898498045
8109.0,3.7200434759013024
8110.0,3.6632331757983594
8111.0,3.7101522093686556
8112.0,3.7187730978834366
8113.0,3.69908437436042
8114.0,3.727026776595698
8115.0,3.6809937925067495
8116.0,3.5672070550097965
8117.0,3.711758334546101
8118.0,3.7315510880091516
8119.0,3.7294352593074858
8120.0,3.7072154476706056
8121.0,3.656166308400475
8122.0,3.7238833656101398
8123.0,3.6631717066199676
8124.0,3.6742881736673865
8125.0,3.6179069094039455
8126.0,3.6762898562639377
8127.0,3.685266155000032
8128.0,3.6589983908027435
8129.0,3.6408270527664515
8130.0,3.723023084173601
8131.0,3.7236452133947084
8132.0,3.6113692375809756
8133.0,3.495010106338563
8134.0,3.6793115579345024
8135.0,3.664744197474477
8136.0,3.2573128939391984
8137.0,3.389834018104267
8138.0,3.668867965554908
8139.0,3.5662444509743962
8140.0,3.712373960191768
8141.0,3.6820433509390136
8142.0,3.613151126493983
8143.0,3.3652564727866694
8144.0,3.355555442921009
8145.0,3.696141455381734
8146.0,3.500437514005527
8147.0,3.6557420064296378
8148.0,3.5817973549691655
8149.0,3.4670831241121443
8150.0,3.52710408680652
8151.0,3.3648876077331167
8152.0,3.2710117269996246
8153.0,3.7000842824754607
8154.0,3.6817667737500934
8155.0,3.3559336124528385
8156.0,3.453933667039962
8157.0,3.0261318967559854
8158.0,3.6734992971923424
8159.0,3.6739236629762266
8160.0,3.1811379865931633
8161.0,3.6600725969167693
8162.0,3.690849536644464
8163.0,3.634369736601206
8164.0,2.7403872477545375
8165.0,3.1010845221495855
8166.0,3.5544231604120164
8167.0,2.7386513628659683
8168.0,3.5838575861946773
8169.0,3.659775292178734
8170.0,3.678786976726504
8171.0,3.256808078151995
8172.0,2.6814094265914377
8173.0,3.638692990976992
8174.0,3.674377844524012
8175.0,3.6562477310940724
8176.0,3.667179668169838
8177.0,3.6253390802560292
8178.0,3.6700339804711573
8179.0,2.7517599267625616
8180.0,3.1879526477390066
8181.0,3.034651378158706
8182.0,3.616867440700767
8183.0,3.6703856591573
8184.0,3.1166815393735128
8185.0,3.5733242205696993
8186.0,3.6607864332523152
8187.0,3.6735883211710663
8188.0,3.6066719775867724
8189.0,3.247229177215512
8190.0,3.6423271896564047
8191.0,3.2788968758183947
8192.0,3.081316424460242
8193.0,3.6585677070609965
8194.0,3.659851497366715
8195.0,3.025682012822729
8196.0,3.5469270316937878
8197.0,3.6696153568700827
8198.0,3.673951033411261
8199.0,3.647797924739919
8200.0,2.7960917890125647
8201.0,3.5117420055169943
8202.0,3.470287002129911
8203.0,3.3227950637491954
8204.0,3.661272706109009
8205.0,3.6724277849595355
8206.0,3.6732047452257497
8207.0,3.6225690827845396
8208.0,3.6731098699216664
8209.0,3.6685014143322645
8210.0,3.6714992110612585
8211.0,3.667537521522239
8212.0,3.5656631765712574
8213.0,3.604345021801974
8214.0,3.458999501174187
8215.0,3.6211560713440085
8216.0,3.6551768268816214
8217.0,3.6193556702204517
8218.0,3.6655630239519565
8219.0,3.653560555843127
8220.0,3.272006982978615
8221.0,3.60611765797506
8222.0,3.6593752752139355
8223.0,3.6466627470244393
8224.0,3.3980074435230905
8225.0,3.6450180272702446
8226.0,3.3281979841252047
8227.0,3.581920254159193
8228.0,3.4331549256550833
8229.0,2.7925278550779256
8230.0,2.8235420069123762
8231.0,2.449539979297823
8232.0,3.2322962971642326
8233.0,3.315175363543446
8234.0,2.6888470338305304
8235.0,3.6365368921717485
8236.0,3.146900161165014
8237.0,3.554434007859737
8238.0,3.598078626051783
8239.0,3.616907639092037
8240.0,3.48458986080975
8241.0,3.639503178973265
8242.0,3.496131736574357
8243.0,3.6356944794958364
8244.0,3.642050304586121
8245.0,3.5082548792020627
8246.0,3.032072814939603
8247.0,3.640846988449303
8248.0,3.6490569484622664
8249.0,3.626546846086697
8250.0,3.646308995155624
8251.0,3.634675380837671
8252.0,3.6444713434521487
8253.0,3.6423231777393212
8254.0,3.636907200307464
8255.0,3.4261319237780707
8256.0,3.6383104387279817
8257.0,3.633200999381412
8258.0,3.5999562675876065
8259.0,2.92060151249375
8260.0,3.5905580440069524
8261.0,3.6313465209220213
8262.0,3.2868391462617517
8263.0,3.6079135265333777
8264.0,3.6302048333720727
8265.0,3.6105629333065625
8266.0,3.3680120461336167
8267.0,3.611043498239275
8268.0,3.6330701404615136
8269.0,3.6304699142077324
8270.0,3.6345767946472276
8271.0,3.6025200754664652
8272.0,3.6206434526933036
8273.0,3.62670404919704
8274.0,3.2936368954002577
8275.0,3.563544788845456
8276.0,3.4909140108686465
8277.0,2.992922137231714
8278.0,3.5948237101723657
8279.0,3.1670809291009876
8280.0,3.6143667449834944
8281.0,3.5870539515857023
8282.0,3.1842994156566604
8283.0,3.6071290918416477
8284.0,2.953261602977787
8285.0,3.5519465603715887
8286.0,3.6166436928119823
8287.0,3.6167086021749926
8288.0,3.611025959840831
8289.0,3.597141613666911
8290.0,2.8292249212474054
8291.0,3.5141298425367005
8292.0,3.2917900955117876
8293.0,3.602441296925005
8294.0,3.6073510440404517
8295.0,3.6119890640582497
8296.0,3.258498659548483
8297.0,3.209955561329577
8298.0,3.5036167441920507
8299.0,3.6085060620206986
8300.0,3.6042640143155356
8301.0,3.5975665243077777
8302.0,3.5639960241908666
8303.0,3.1997748163833615
8304.0,3.6023706487661737
8305.0,3.598476566538082
8306.0,3.5394825295564223
8307.0,2.881302485445067
8308.0,3.504850808894461
8309.0,3.5896730871534084
8310.0,3.584667037028006
8311.0,3.592892631725044
8312.0,3.5854557671345924
8313.0,3.58182346921991
8314.0,3.3270395315728347
8315.0,3.5871125750971022
8316.0,3.527048564251462
8317.0,3.5947205966176283
8318.0,3.4904588646797423
8319.0,3.4660236972045824
8320.0,3.266592545056894
8321.0,3.4626548576064606
8322.0,3.5952432948471964
8323.0,3.4260141109440707
8324.0,2.8580322258102866
8325.0,3.5895293835816546
8326.0,3.5959598972457183
8327.0,3.5938939545073985
8328.0,3.5822882666297624
8329.0,3.5448886395459085
8330.0,3.590743317721716
8331.0,3.5558732488254186
8332.0,3.3109713233544342
8333.0,3.571492353490474
8334.0,3.5473310949071415
8335.0,3.5362409127005643
8336.0,3.431830919960281
8337.0,3.560549616228642
8338.0,3.475802155594967
8339.0,3.582670509508568
8340.0,3.5842352023251687
8341.0,3.17835027344501
8342.0,3.5570748363543987
8343.0,3.5856246444243127
8344.0,3.5355805383411187
8345.0,3.5238927519562058
8346.0,3.5722059949891225
8347.0,3.576957508948056
8348.0,3.579631731283596
8349.0,3.5752831485009313
8350.0,3.5632686997291394
8351.0,3.5142642993437168
8352.0,3.4863872733515744
8353.0,3.5749093595258046
8354.0,3.576306618661956
8355.0,3.5467904017310934
8356.0,3.4764051396718796
8357.0,3.5308504130653047
8358.0,3.5734616028934
8359.0,3.4303485591713563
8360.0,3.510549797376468
8361.0,3.5730437190067614
8362.0,3.5419235001487857
8363.0,3.57125129663225
8364.0,3.4827491793005945
8365.0,3.4727247235555248
8366.0,3.5666167426605444
8367.0,3.566382751285587
8368.0,3.5641480260129885
8369.0,3.5387558570249933
8370.0,3.4581398277300446
8371.0,3.5615768312999028
8372.0,3.5518407925545725
8373.0,3.545289962189704
8374.0,3.561091369881521
8375.0,3.5548148691207073
8376.0,3.4677549439352573
8377.0,3.5391722994042993
8378.0,3.5398030949686703
8379.0,3.4472143846454917
8380.0,3.5357760419125968
8381.0,3.550823615623337
8382.0,3.556859968142874
8383.0,3.5550453603953707
8384.0,3.5399664351449003
8385.0,3.5502548836934373
8386.0,3.5193909414304425
8387.0,3.5203641528795004
8388.0,3.493637236313355
8389.0,3.530886147197309
8390.0,3.5267780590692017
8391.0,3.541503728547903
8392.0,3.539813542799196
8393.0,3.5482510674781356
8394.0,3.546810119318162
8395.0,3.5457024778755315
8396.0,3.504916606563551
8397.0,3.51926744356983
8398.0,3.5398556294623305
8399.0,3.5216326234378466
8400.0,3.5167383515158828
8401.0,3.5397983228080925
8402.0,3.524705425081472
8403.0,3.523365486745147
8404.0,3.538214772455093
8405.0,3.5309042855587656
8406.0,3.5286430930251105
8407.0,3.524521336014714
8408.0,3.4816371296161672
8409.0,3.5339315993738953
8410.0,3.5278417613983777
8411.0,3.455805523937897
8412.0,3.5046921027286446
8413.0,3.5249115071099526
8414.0,3.527833554341522
8415.0,3.528893811582066
8416.0,3.5241398969905657
8417.0,3.522174396331955
8418.0,3.4753360509107165
8419.0,3.5185557470557027
8420.0,3.5120283419296965
8421.0,3.4800360096792406
8422.0,3.522815034832888
8423.0,3.519499308327238
8424.0,3.520492087967454
8425.0,3.5201210587110134
8426.0,3.5188635910993225
8427.0,3.5190435735095527
8428.0,3.5158404587182526
8429.0,3.5146539823256444
8430.0,3.5040908848913235
8431.0,3.5131214714030428
8432.0,3.502759745433199
8433.0,3.4794278186549596
8434.0,3.5127544827119475
8435.0,3.507573382577227
8436.0,3.5102593877611956
8437.0,3.5021151245859197
8438.0,3.5054961107993803
8439.0,3.46418540131114
8440.0,3.4899062903220894
8441.0,3.5049785126259243
8442.0,3.503670576140153
8443.0,3.494407887676683
8444.0,3.5046050512189093
8445.0,3.483235142061546
8446.0,3.503190435663234
8447.0,3.490607775338456
8448.0,3.4977068078032145
8449.0,3.497253007905844
8450.0,3.49820536269495
8451.0,3.4965993943725113
8452.0,3.49050061215761
8453.0,3.48715637401054
8454.0,3.480698454322258
8455.0,3.4854702521185796
8456.0,3.48381221448669
8457.0,3.4813096633388105
8458.0,3.4795577133885036
8459.0,3.473013105817991
8460.0,3.4736146509773738
8461.0,3.4716397396377823
8462.0,3.4638855023616624
8463.0,3.4389617882302734
8464.0,3.4620947862601135
8465.0,3.453089311969051
8466.0,3.455855071124734
8467.0,3.456062446600998
8468.0,3.4532771539012344
8469.0,3.4507994070698156
8470.0,3.4469517486111534
8471.0,3.4442633141804415
8472.0,3.438840294525083
8473.0,3.43960676970712
8474.0,3.4373723382610732
8475.0,3.4349202211458536
8476.0,3.4295708487499232
8477.0,3.4240697737755306
8478.0,3.4271423373360945
8479.0,3.4240463114056987
8480.0,3.411544873256361
8481.0,3.414736056616207
8482.0,3.3976475873931893
8483.0,3.410220266676161
8484.0,3.411136929711187
8485.0,3.4040062893099243
8486.0,3.4062282132361226
8487.0,3.4034784393594384
8488.0,3.400791163683805
8489.0,3.377322459790932
8490.0,3.3937722650720925
8491.0,3.3883020590335464
8492.0,3.3904544914526986
8493.0,3.387687278468437
8494.0,3.3702225999418816
8495.0,3.382141807158534
8496.0,3.3724323857251046
8497.0,3.3768727552821023
8498.0,3.374097440154802
8499.0,3.360308142946423
8500.0,3.3690511932352427
8501.0,3.3658723059140887
8502.0,3.35521891169166
8503.0,3.3615530181727187
8504.0,3.3590320155247855
8505.0,3.349290424819598
8506.0,3.3504374672346806
8507.0,3.3516428266994667
8508.0,3.3319756408768697
8509.0,3.346232480463015
8510.0,3.344245501669722
8511.0,3.341624747089334
8512.0,3.3346597033039713
8513.0,3.336034292096
8514.0,3.302903458077593
8515.0,3.307418426202787
8516.0,3.324467486689769
8517.0,3.326307939140298
8518.0,3.3170067240476393
8519.0,3.318115584088676
8520.0,3.317594192312508
8521.0,3.3143441338515873
8522.0,3.2868541511540963
8523.0,3.3110786864010158
8524.0,3.3087140245843534
8525.0,3.297901935812521
8526.0,3.302938135267376
8527.0,3.2979615822002883
8528.0,3.298231736932215
8529.0,3.2883411311129067
8530.0,3.294056377112109
8531.0,3.2914393363048333
8532.0,3.2827950103892376
8533.0,3.285609566809443
8534.0,3.279635305882587
8535.0,3.2815800183280635
8536.0,3.278587249899593
8537.0,3.2648552352974454
8538.0,3.2734183367128145
8539.0,3.260022607241461
8540.0,3.268598495766482
8541.0,3.265888452961791
8542.0,3.254786408284443
8543.0,3.235846989110903
8544.0,3.258430337903473
8545.0,3.256694547122741
8546.0,3.253722122092038
8547.0,3.2516503311722436
8548.0,3.246872774849292
8549.0,3.238633345209265
8550.0,3.2429658743079486
8551.0,3.2469973189452666
8552.0,3.248627805832741
8553.0,3.2511857907967627
8554.0,3.2566951124153793
8555.0,3.258608180063262
8556.0,3.2487973950971862
8557.0,3.2608788090007086
8558.0,3.2660070605502023
8559.0,3.2675142095888012
8560.0,3.275300951770541
8561.0,3.2753459206086735
8562.0,3.281377003474044
8563.0,3.283944885690757
8564.0,3.287490162179836
8565.0,3.2853085932238577
8566.0,3.2939620942081844
8567.0,3.2969340214266385
8568.0,3.30020947634271
8569.0,3.302800239711799
8570.0,3.3062461789422377
8571.0,3.3040080586402136
8572.0,3.3123499462651775
8573.0,3.3085192200623004
8574.0,3.3142959246390298
8575.0,3.315319649633105
8576.0,3.3205141459194834
8577.0,3.32735388977814
8578.0,3.3274092150932604
8579.0,3.3341474244465985
8580.0,3.3370672224788134
8581.0,3.340439312692219
8582.0,3.343660214739362
8583.0,3.3449345469161784
8584.0,3.3475652019566917
8585.0,3.3519976271558827
8586.0,3.3556592546085864
8587.0,3.359016634461882
8588.0,3.3623093687726677
8589.0,3.363193880121561
8590.0,3.3681058208252446
8591.0,3.3713846576303403
8592.0,3.3745545793073592
8593.0,3.3703784199985645
8594.0,3.3768406165922147
8595.0,3.382249657381335
8596.0,3.3871418071210355
8597.0,3.3894042359544683
8598.0,3.3930433398577753
8599.0,3.3962003518400774
8600.0,3.399363362209958
8601.0,3.396796456645493
8602.0,3.3940560362407486
8603.0,3.3897690884844076
8604.0,3.3880688114831057
8605.0,3.385468249292205
8606.0,3.382815461711277
8607.0,3.3799828194929344
8608.0,3.3747527025389177
8609.0,3.3743429537661247
8610.0,3.3703666552325715
8611.0,3.3682300130617393
8612.0,3.364618202240708
8613.0,3.360373352841569
8614.0,3.3601695345333376
8615.0,3.3571115873229984
8616.0,3.354660084807872
8617.0,3.351607608413696
8618.0,3.3486118605184187
8619.0,3.3460625476809343
8620.0,3.3430653269648616
8621.0,3.339835850016861
8622.0,3.3366528344728064
8623.0,3.334358199979641
8624.0,3.3305651402448295
8625.0,3.3285914993149164
8626.0,3.3264640880180014
8627.0,3.3217088401226817
8628.0,3.3203029754945534
8629.0,3.315775460850657
8630.0,3.3142485381356654
8631.0,3.3123120879853634
8632.0,3.308704781917754
8633.0,3.3061777731726005
8634.0,3.30306166458762
8635.0,3.3004795363128028
8636.0,3.2982768446913204
8637.0,3.295436050811869
8638.0,3.291993513302737
8639.0,3.2894009087319405
8640.0,3.2864507300557264
8641.0,3.284185108304146
8642.0,3.2810763266970278
8643.0,3.278443410735328
8644.0,3.275744364547263
8645.0,3.272846497530554
8646.0,3.270099757116585
8647.0,3.2664858041023606
8648.0,3.2644425751129873
8649.0,3.2613509669578296
8650.0,3.258737141410073
8651.0,3.2616143437524237
8652.0,3.264130407505454
8653.0,3.2670623969428045
8654.0,3.269647784803075
8655.0,3.273023209198419
8656.0,3.2758754255599167
8657.0,3.2782584754008095
8658.0,3.280868256262218
8659.0,3.284614106256021
8660.0,3.2875136740500928
8661.0,3.289849353734594
8662.0,3.2928606993442817
8663.0,3.2951949151267654
8664.0,3.2989790702628428
8665.0,3.301850793235778
8666.0,3.304427256516874
8667.0,3.3070806663374435
8668.0,3.3095670753186717
8669.0,3.313150128420433
8670.0,3.316046582775494
8671.0,3.3190173481932006
8672.0,3.321236247424628
8673.0,3.3239974561930565
8674.0,3.327631332263032
8675.0,3.3304840083120837
8676.0,3.3333365813834406
8677.0,3.3353387814503366
8678.0,3.338415431738844
8679.0,3.3418441824123573
8680.0,3.3447468736688677
8681.0,3.3475994467402246
8682.0,3.3504520198115846
8683.0,3.3530943437963323
8684.0,3.3557619310285234
8685.0,3.359009739025655
8686.0,3.3618623120970117
8687.0,3.3647148851683686
8688.0,3.367473397842385
8689.0,3.3704200313110824
8690.0,3.3731352050939805
8691.0,3.375638977657662
8692.0,3.378436702304125
8693.0,3.381503883863078
8694.0,3.384489115544702
8695.0,3.3875689609013904
8696.0,3.390353322349936
8697.0,3.3933954974624982
8698.0,3.396297547743937
8699.0,3.399167863010886
8700.0,3.401945873640358
8701.0,3.401451327044621
8702.0,3.401256008432965
8703.0,3.4012299060456934
8704.0,3.4008312637466362
8705.0,3.4005448680851273
8706.0,3.400425920822826
8707.0,3.399995293868714
8708.0,3.3998930106332153
8709.0,3.399452004230037
8710.0,3.398601526166582
8711.0,3.398916112193008
8712.0,3.3986987459404028
8713.0,3.398349551232577
8714.0,3.3981132710169586
8715.0,3.3978877268454855
8716.0,3.397711435360606
8717.0,3.3973635681841836
8718.0,3.397235176773895
8719.0,3.396846938146888
8720.0,3.396579790598451
8721.0,3.396334522939111
8722.0,3.3961677130646564
8723.0,3.3959021896693895
8724.0,3.395493506205777
8725.0,3.395369762828956
8726.0,3.3950313029225754
8727.0,3.3947143253957717
8728.0,3.394454822279529
8729.0,3.3942428011667425
8730.0,3.3940068177497067
8731.0,3.3937329204958537
8732.0,3.3932108651704884
8733.0,3.3931851259881465
8734.0,3.392911228734293
8735.0,3.3926373314804397
8736.0,3.392363434226586
8737.0,3.392089536972733
8738.0,3.3901238555896374
8739.0,3.391541742465026
8740.0,3.3910614299647617
8741.0,3.3909939479573192
8742.0,3.390720050703466
8743.0,3.390439049080998
8744.0,3.3901314214657274
8745.0,3.389396014199382
8746.0,3.389554219464879
8747.0,3.3893505644341984
8748.0,3.3890766671803454
8749.0,3.388802769926492
8750.0,3.3885288726726386
8751.0,3.3869763602390464
8752.0,3.38796108566465
8753.0,3.387581243589401
8754.0,3.3873932986566624
8755.0,3.387109405152668
8756.0,3.386825511648674
8757.0,3.3865416181446797
8758.0,3.386257724640686
8759.0,3.385973831136692
8760.0,3.38551304539767
8761.0,3.383275442769632
8762.0,3.3846538961859274
8763.0,3.3848382571207156
8764.0,3.383630071481327
8765.0,3.3842704701127277
8766.0,3.3838780081869784
8767.0,3.383454565082654
8768.0,3.3834187896007455
8769.0,3.383134896096751
8770.0,3.3823067239181173
8771.0,3.3824960433700086
8772.0,3.380897957369019
8773.0,3.381903262716307
8774.0,3.381715428576781
8775.0,3.381158200002761
8776.0,3.381124104873373
8777.0,3.3807702299523754
8778.0,3.3805798545608052
8779.0,3.380295961056811
8780.0,3.3800120675528165
8781.0,3.379728174048823
8782.0,3.378928252605885
8783.0,3.374142436685746
8784.0,3.378766900805679
8785.0,3.377108156467251
8786.0,3.378308706528852
8787.0,3.376818017404457
8788.0,3.37623006750938
8789.0,3.375705736824264
8790.0,3.376899575925893
8791.0,3.3768892390088823
8792.0,3.376605345504888
8793.0,3.3763214520008944
8794.0,3.3760375584969
8795.0,3.3734080939072215
8796.0,3.3754697714889117
8797.0,3.3751858779849178
8798.0,3.3749019844809243
8799.0,3.37461809097693
8800.0,3.374334197472936
8801.0,3.3731946249569034
8802.0,3.366604586569947
8803.0,3.3703646066182533
8804.0,3.369775907408806
8805.0,3.36847142808945
8806.0,3.3582901585325198
8807.0,3.366304001463184
8808.0,3.363583092671676
8809.0,3.3640780448286436
8810.0,3.362938472312611
8811.0,3.361798899796579
8812.0,3.359346082376895
8813.0,3.3594546514069115
8814.0,3.345863754404354
8815.0,3.356953124464573
8816.0,3.356101037216416
8817.0,3.354961464700384
8818.0,3.3538218921843526
8819.0,3.352682319668319
8820.0,3.3515427471522865
8821.0,3.3483134565002652
8822.0,3.3404239292113562
8823.0,3.3350832034942983
8824.0,3.3467761697503455
8825.0,3.341999804608162
8826.0,3.3446870212432582
8827.0,3.343565739540059
8828.0,3.342426167024028
8829.0,3.341286594507994
8830.0,3.3401469239554484
8831.0,3.3389975606684037
8832.0,3.337796915582744
8833.0,3.334023000770575
8834.0,3.3234688549228317
8835.0,3.334324913625439
8836.0,3.3332550145696267
8837.0,3.3319594179503804
8838.0,3.320932447523557
8839.0,3.3275926183972753
8840.0,3.328534005263423
8841.0,3.3232695735866966
8842.0,3.324941455241435
8843.0,3.325240288926932
8844.0,3.3241144558758733
8845.0,3.3229706587545773
8846.0,3.3218223803258544
8847.0,3.320646478151838
8848.0,3.314293540881488
8849.0,3.316496660733937
8850.0,3.3161130988180525
8851.0,3.316731493924245
8852.0,3.316267684331813
8853.0,3.31455150067722
8854.0,3.3147499406296657
8855.0,3.3022561276249425
8856.0,3.3142431698689014
8857.0,3.3138856974928146
8858.0,3.313352180143916
8859.0,3.311717626083767
8860.0,3.272366641248635
8861.0,3.2811506672669415
8862.0,3.3099582017725884
8863.0,3.3109596429901105
8864.0,3.3105718186468933
8865.0,3.3101054417759586
8866.0,3.3096211525717507
8867.0,3.308949553864587
8868.0,3.305365477039579
8869.0,3.2837866099519943
8870.0,3.3075014860530003
8871.0,3.3032678412161443
8872.0,3.302656019811012
8873.0,3.3062070582131726
8874.0,3.305684481116715
8875.0,3.3013383171400466
8876.0,3.3048581469128093
8877.0,3.3044139662171874
8878.0,3.303937154639011
8879.0,3.3033845181361436
8880.0,3.2992832001394143
8881.0,3.297175930843846
8882.0,3.2348960103597237
8883.0,3.3007740940520627
8884.0,3.294056506992448
8885.0,3.290952970013795
8886.0,3.3000794719569675
8887.0,3.2996698443426458
8888.0,3.299191220818697
8889.0,3.2973855578872895
8890.0,3.2976473933515718
8891.0,3.2975279193653657
8892.0,3.2964241422510465
8893.0,3.296829267858505
8894.0,3.296355865958516
8895.0,3.295824164376927
8896.0,3.290707557526549
8897.0,3.286102383367324
8898.0,3.2938875899163125
8899.0,3.269633996096372
8900.0,3.292787303293455
8901.0,3.284990522960711
8902.0,3.2898930021469797
8903.0,3.2648237443348176
8904.0,3.2918441575212363
8905.0,3.292698813629346
8906.0,3.292607996027288
8907.0,3.2924590758551875
8908.0,3.292256774007749
8909.0,3.2911132758422568
8910.0,3.266524538793436
8911.0,3.2915078283883417
8912.0,3.2915886936185643
8913.0,3.2835273842806934
8914.0,3.284927597690581
8915.0,3.2911516793661475
8916.0,3.2910503076008566
8917.0,3.290788992274976
8918.0,3.2767299236086624
8919.0,3.2873411336176135
8920.0,3.223610299259853
8921.0,3.2887808511502916
8922.0,3.2676956926085814
8923.0,3.2807077505252304
8924.0,3.285474511633628
8925.0,3.2882026932345205
8926.0,3.2870736112146623
8927.0,3.2861638187768794
8928.0,3.288941839599568
8929.0,3.2639618034599116
8930.0,3.2864656666007215
8931.0,3.227273051717614
8932.0,3.1894691190099387
8933.0,3.1644581008458794
8934.0,3.2725632272432468
8935.0,3.2720422737266155
8936.0,3.2287576344431588
8937.0,3.1707282424412804
8938.0,3.2628091079777004
8939.0,3.2860193309373646
8940.0,3.282223130228112
8941.0,3.28656518439366
8942.0,3.278911401609809
8943.0,3.131119614760074
8944.0,3.264025400509312
8945.0,3.171623310246872
8946.0,3.2824728843548225
8947.0,3.2567122777637323
8948.0,3.2791578374846027
8949.0,2.9881324815711436
8950.0,3.2766366889920104
8951.0,3.1237084133954536
8952.0,3.2716397206039125
8953.0,3.233371522463691
8954.0,3.1428802440365087
8955.0,3.0691949994110908
8956.0,3.2587599105036467
8957.0,2.5861627185249136
8958.0,3.126701293516914
8959.0,3.2529195185517783
8960.0,3.2404625630384856
8961.0,3.076988799690274
8962.0,3.2645352062269883
8963.0,3.2504397541387373
8964.0,3.226093152373226
8965.0,2.4966635893458244
8966.0,2.8208211386379727
8967.0,3.2312523178496777
8968.0,2.64651040417283
8969.0,2.8883897876219837
8970.0,3.2489667876073107
8971.0,3.2324335562502706
8972.0,3.225629710231887
8973.0,3.138919346665355
8974.0,2.2387516161511303
8975.0,3.0816447554455277
8976.0,3.2086281536479535
8977.0,2.634432668879517
8978.0,3.2151391465969206
8979.0,3.0915094231442684
8980.0,3.238940943057591
8981.0,3.236096946446486
8982.0,3.205221740026161
8983.0,2.1366054553768308
8984.0,3.1296759118992545
8985.0,3.2282274891517626
8986.0,3.228043395347302
8987.0,3.2118326410780647
8988.0,3.202615191626183
8989.0,2.4452610894373223
8990.0,2.0016335757305077
8991.0,2.85422104990125
8992.0,2.719071969859588
8993.0,2.414853201658487
8994.0,1.9583933183669966
8995.0,2.8604141549982955
8996.0,3.1342852017842793
8997.0,3.2074322596105014
8998.0,3.202530704143287
8999.0,3.2111151422478326
9000.0,3.2030349998015275
9001.0,3.183411179440032
9002.0,3.057428989609352
9003.0,1.7597956832925556
9004.0,3.1515347740443365
9005.0,3.1800239756488518
9006.0,2.1821711356142495
9007.0,3.0613481980923494
9008.0,3.171850835154921
9009.0,3.0181264059770254
9010.0,2.4807310548633503
9011.0,3.1053240435660157
9012.0,3.0933725943674792
9013.0,3.1803373107223445
9014.0,2.4248620649200427
9015.0,3.038944501293595
9016.0,3.1558243389068483
9017.0,3.1889290338987983
9018.0,3.149028150804323
9019.0,1.609845475054176
9020.0,2.9672387006353538
9021.0,3.1035542239081257
9022.0,3.185488510187431
9023.0,3.1721121378999495
9024.0,3.16343771751204
9025.0,2.261525340691232
9026.0,3.1291252017046283
9027.0,3.143565310395716
9028.0,2.2360949580691485
9029.0,2.8591903262360607
9030.0,3.178067276555804
9031.0,3.17403252492488
9032.0,3.0129055342306463
9033.0,3.1510874873652237
9034.0,2.7230271774901653
9035.0,3.161652423265717
9036.0,3.1892005080507606
9037.0,3.128364512653957
9038.0,3.1763469460104403
9039.0,3.19017889281959
9040.0,3.1891962004601426
9041.0,3.184755123783281
9042.0,3.1404205228626503
9043.0,3.0736739988323123
9044.0,3.121958474482626
9045.0,2.70615439957999
9046.0,3.1436027349059756
9047.0,3.183331361922824
9048.0,3.183380935721996
9049.0,3.18128775441586
9050.0,3.047628743898465
9051.0,3.122427301646742
9052.0,3.178702686401275
9053.0,3.147753621653631
9054.0,3.094663877518689
9055.0,2.796618359294562
9056.0,2.9362557700656486
9057.0,3.151494041093824
9058.0,3.170123904552218
9059.0,3.162830544279695
9060.0,3.1515046390116357
9061.0,3.154185905383981
9062.0,3.149240207581882
9063.0,2.6893614345301264
9064.0,3.0486891779655907
9065.0,2.8174772850615404
9066.0,2.95296594219591
9067.0,2.9828704395145555
9068.0,3.115372118005608
9069.0,3.1470411041877595
9070.0,3.111737229477409
9071.0,2.8632616287353256
9072.0,2.276721848275069
9073.0,3.1083153278967
9074.0,2.4198912132868022
9075.0,2.68085695783102
9076.0,3.018853271680105
9077.0,2.585843116018542
9078.0,3.126942103221332
9079.0,3.1338754500165327
9080.0,3.1324344367124253
9081.0,2.989513931415976
9082.0,2.217740520195214
9083.0,2.8947283860432282
9084.0,2.3784162388195624
9085.0,3.1118706174410558
9086.0,3.111667152937118
9087.0,3.118877106264229
9088.0,2.9993589041900095
9089.0,2.2308012525639875
9090.0,2.4906423212707076
9091.0,3.100010872042647
9092.0,2.9142338902965004
9093.0,2.954325421744226
9094.0,3.099141234413745
9095.0,2.7264825940394344
9096.0,2.7062266293818813
9097.0,3.0190580107164178
9098.0,2.8259834234667096
9099.0,3.09994475492449
9100.0,3.0796431170615137
9101.0,2.847952868447639
9102.0,2.2866358440417094
9103.0,2.4841457081469573
9104.0,3.041912612826858
9105.0,3.0921506018098444
9106.0,3.087368831853491
9107.0,3.0644595078736407
9108.0,2.4022224267838928
9109.0,2.781338375785876
9110.0,2.542416135659961
9111.0,2.6649213157630225
9112.0,3.0723145155065894
9113.0,3.0476639327447717
9114.0,3.0703695808704428
9115.0,3.031031771011336
9116.0,3.05972676357283
9117.0,3.0524581575141196
9118.0,2.9032518323729177
9119.0,2.9362625002031386
9120.0,2.6955311326655687
9121.0,2.07745205563982
9122.0,2.6865984283547246
9123.0,3.0118411874322
9124.0,3.0547907022435674
9125.0,3.0577126130959176
9126.0,3.0177821801235307
9127.0,2.826959041487099
9128.0,3.0340610804648485
9129.0,3.0181158098196033
9130.0,2.831908422275977
9131.0,2.6692439615362593
9132.0,2.640177646002061
9133.0,2.049905235344038
9134.0,2.941803513200733
9135.0,2.7931362732250737
9136.0,3.0115400131221923
9137.0,2.5474606456230657
9138.0,2.6311506832231673
9139.0,1.763782215362089
9140.0,2.644657931216462
9141.0,3.0141768535675704
9142.0,2.9878674976327835
9143.0,2.903241157764926
9144.0,2.9597764325057776
9145.0,2.945696338787561
9146.0,2.8949851090654026
9147.0,2.803321361486405
9148.0,2.9769988672212455
9149.0,2.9520931375769965
9150.0,2.982831944949574
9151.0,2.9254256533221037
9152.0,2.917506736933009
9153.0,2.6926261543691687
9154.0,2.7617983151694556
9155.0,2.2525545997201784
9156.0,2.4003445130003223
9157.0,2.933482334771597
9158.0,1.6427670466621769
9159.0,2.6171198119711425
9160.0,2.963083561223422
9161.0,2.9689206263112897
9162.0,2.9038353425836387
9163.0,2.570599638317525
9164.0,2.9410258818511785
9165.0,2.87777914990203
9166.0,2.893842473475914
9167.0,2.883347292497742
9168.0,2.986950031128146
9169.0,2.9775318851681303
9170.0,2.654272387381324
9171.0,2.7753696515252457
9172.0,2.852685090866934
9173.0,2.929445574349115
9174.0,2.871265575950401
9175.0,2.651385100500917
9176.0,2.745233602032051
9177.0,1.9614033100400954
9178.0,2.428003365328406
9179.0,2.4964758321307796
9180.0,2.8022603586824553
9181.0,2.772674489207743
9182.0,2.930105426258281
9183.0,2.9473507303088877
9184.0,2.7813997802129022
9185.0,2.9304261079605864
9186.0,2.8413805328275306
9187.0,2.307055766185176
9188.0,2.70948412587274
9189.0,2.9060629014017856
9190.0,2.9247833489107564
9191.0,2.9539777610714193
9192.0,2.9538170698298076
9193.0,2.854354046372318
9194.0,2.8847985972364083
9195.0,2.6666115213785093
9196.0,2.9437644884476786
9197.0,2.9283954805189873
9198.0,2.2043826889972813
9199.0,2.7353501960169355
9200.0,2.931383378750378
9201.0,2.930630932173401
9202.0,2.8879580584388
9203.0,2.9326454423365305
9204.0,2.9372048938031616
9205.0,2.94505165039158
9206.0,2.9374945896082747
9207.0,2.9143620138224735
9208.0,2.776546989188426
9209.0,2.8303415741344193
9210.0,2.797197902372951
9211.0,2.7988064626000266
9212.0,2.9160242788678667
9213.0,2.916173360241482
9214.0,2.9297872718318305
9215.0,2.7524247849605397
9216.0,2.892371389402981
9217.0,2.5707678979057205
9218.0,2.8559220457570573
9219.0,2.854779530957972
9220.0,2.4132173343649344
9221.0,2.92350530598538
9222.0,2.9155732951207
9223.0,2.9063019133060264
9224.0,2.88557809460884
9225.0,2.8307511072042946
9226.0,2.9218994169102688
9227.0,2.7831308875102057
9228.0,2.7145627583289462
9229.0,2.9196756058113
9230.0,2.9129264002710933
9231.0,2.8334013003165905
9232.0,2.80820138128363
9233.0,2.813390976615754
9234.0,2.8667038562546976
9235.0,2.7696357181983777
9236.0,2.901217261512783
9237.0,2.7040258579653345
9238.0,2.7821154662827254
9239.0,2.8910487919350905
9240.0,2.818911387217383
9241.0,2.6292390409588777
9242.0,2.7481967959659754
9243.0,2.802847655926784
9244.0,2.902336075408853
9245.0,2.809777226390779
9246.0,2.7948093939732668
9247.0,2.6307874488813847
9248.0,2.8191763590598753
9249.0,2.549701610247089
9250.0,2.8919005872424637
9251.0,2.894725677032883
9252.0,2.7668339933280297
9253.0,2.8402921977854567
9254.0,2.5808063649327675
9255.0,2.8629832067074377
9256.0,2.837719740066695
9257.0,2.8010269488856974
9258.0,2.854353147577153
9259.0,2.872362306579392
9260.0,2.882122001944583
9261.0,2.871115861439261
9262.0,2.7888664582434157
9263.0,2.548192623839849
9264.0,2.7847579124834088
9265.0,2.7375102039135695
9266.0,2.8367462401881807
9267.0,2.9010073427812206
9268.0,2.893179556235113
9269.0,2.8192651612227437
9270.0,2.892049534714435
9271.0,2.878858697448799
9272.0,2.788470576997278
9273.0,2.8402802081845766
9274.0,2.8882740290553492
9275.0,2.739012709935879
9276.0,2.658801847160389
9277.0,2.8509612468339163
9278.0,2.7450448717901885
9279.0,2.815314359264669
9280.0,2.7634292892468832
9281.0,2.172489619991956
9282.0,2.433373056595013
9283.0,2.525658752217349
9284.0,2.8480691099792295
9285.0,2.7533486751128913
9286.0,2.882010899683404
9287.0,2.393459556151154
9288.0,2.471465558457125
9289.0,2.3457157941461415
9290.0,2.817793308038408
9291.0,2.62970539690063
9292.0,2.6783862515286567
9293.0,2.84296726552509
9294.0,2.483100678312526
9295.0,2.783430889200752
9296.0,2.582713638788844
9297.0,2.3603737854261104
9298.0,2.2718783019992386
9299.0,2.816209967096404
9300.0,2.0578242997242677
9301.0,2.416478762283779
9302.0,2.866254208815672
9303.0,1.8016856679896247
9304.0,2.1085101975970977
9305.0,2.688186784966467
9306.0,2.1524983652121876
9307.0,2.3824163046288227
9308.0,2.849362803989291
9309.0,2.7989672500367124
9310.0,2.1918137631738683
9311.0,1.6953651661665838
9312.0,0.9714056771366897
9313.0,2.6868839217946494
9314.0,2.416929845489904
9315.0,2.751018394633265
9316.0,2.769956961149108
9317.0,2.5673602778532056
9318.0,1.409951114021055
9319.0,0.3786061453558555
9320.0,1.9208213074614313
9321.0,2.31153188297602
9322.0,1.685706573698931
9323.0,2.3806680357134877
9324.0,2.7055500662033327
9325.0,1.9453690499993554
9326.0,1.7348627124105067
9327.0,1.3070247359938463
9328.0,0.5219113914424766
9329.0,2.5958912408021155
9330.0,1.617673224057241
9331.0,2.263119475482156
9332.0,2.7744495180424233
9333.0,2.3772430453318054
9334.0,1.7792639001890724
9335.0,2.624227239807587
9336.0,0.9178796654590856
9337.0,0.9774710847932895
9338.0,2.102117542888746
9339.0,1.9025026942211225
9340.0,1.9094701782657437
9341.0,1.6620299763959978
9342.0,0.9343813462849628
9343.0,2.553880677675951
9344.0,2.4196390808634867
9345.0,0.5004396652608328
9346.0,0.6288820977460734
9347.0,0.8185095104147129
9348.0,0.5394657186857821
9349.0,2.0256597106768663
9350.0,2.5349616708810503
9351.0,2.6989006760403518
9352.0,2.7593790026498533
9353.0,2.3299126922000633
9354.0,2.7321825754113696
9355.0,2.2212793014085674
9356.0,0.6300593318287945
9357.0,0.49923739308889237
9358.0,2.1696675818153732
9359.0,2.4545898005560365
9360.0,0.657727732461329
9361.0,0.3987772328089377
9362.0,2.221171443924906
9363.0,2.5385674628747235
9364.0,2.285066383362921
9365.0,2.722275552115085
9366.0,2.5953565291969944
9367.0,1.7542802122285317
9368.0,1.8209951842673502
9369.0,0.9774561023582191
9370.0,2.3455506409860485
9371.0,2.46540793067069
9372.0,0.7933403311381575
9373.0,1.842038694428576
9374.0,0.26786483344063167
9375.0,2.0638715847637874
9376.0,2.462033419811332
9377.0,2.634100193914952
9378.0,2.147749088705641
9379.0,2.5330813937412353
9380.0,0.7609695508557847
9381.0,1.994217500241533
9382.0,1.7288351363330274
9383.0,1.729069703029405
9384.0,0.5959366213628824
9385.0,2.107331290217451
9386.0,2.4029637635445082
9387.0,2.7246937026228792
9388.0,2.6520081230776156
9389.0,0.9880605089141054
9390.0,1.2520210741204325
9391.0,2.6605305775604347
9392.0,2.8144880651414175
9393.0,2.7589782481506298
9394.0,2.2714847575072907
9395.0,2.7035001045157436
9396.0,2.8248175540708425
9397.0,2.5152692486614208
9398.0,2.8083275330201665
9399.0,2.5154417368819533
9400.0,2.828574532193469
9401.0,2.3946590241085364
9402.0,1.8293663551109498
9403.0,2.229168926195705
9404.0,2.072828696947957
9405.0,2.4529717963563904
9406.0,2.3900597299475614
9407.0,2.4638380610853527
9408.0,2.6834248435392074
9409.0,2.397846362067288
9410.0,2.5426165914287644
9411.0,2.641160044171078
9412.0,2.096302267101592
9413.0,0.9560744333645461
9414.0,2.3745396617573835
9415.0,2.6526913164417727
9416.0,2.42738848112825
9417.0,2.550023243810889
9418.0,2.785626632313466
9419.0,2.607464108990903
9420.0,1.2080051989359795
9421.0,2.4085959118557545
9422.0,2.751645060211434
9423.0,2.521201296004741
9424.0,1.8609873637465788
9425.0,2.340092227776048
9426.0,2.7494836287906184
9427.0,2.6757543925682556
9428.0,2.564932417736354
9429.0,1.091500000774303
9430.0,0.9092501307708821
9431.0,0.5580444416874372
9432.0,2.3679420277063046
9433.0,1.1696511149707727
9434.0,2.443217667897898
9435.0,2.7318365607829804
9436.0,2.7589460103958325
9437.0,2.7663764774404584
9438.0,2.754758278048974
9439.0,2.6366513588864726
9440.0,1.1648324801320067
9441.0,1.4995685288160026
9442.0,2.4480789292870346
9443.0,0.7187642043330461
9444.0,0.8511695728790747
9445.0,1.9015598743790794
9446.0,1.1952525752444119
9447.0,2.1363977076724514
9448.0,2.4711473311953487
9449.0,1.9853206939636658
9450.0,2.7940501884042432
9451.0,2.752374111201895
9452.0,2.202467269303044
9453.0,2.0290558971362707
9454.0,2.7566356938453103
9455.0,2.7126362535362913
9456.0,2.5151697334342518
9457.0,0.8120085041105589
9458.0,2.180728607929581
9459.0,1.0824015494221388
9460.0,2.515792339588413
9461.0,2.666768068175849
9462.0,1.790549180190997
9463.0,0.8087511757950083
9464.0,0.8330121207658933
9465.0,2.608957107250671
9466.0,2.725153595707717
9467.0,2.3955232842093133
9468.0,2.0293533136004687
9469.0,2.732948813441505
9470.0,2.2656011931770568
9471.0,1.8647732864587765
9472.0,1.3357207444784602
9473.0,2.2238894380910175
9474.0,2.7622343174692667
9475.0,2.732595226568052
9476.0,2.6605162302328846
9477.0,1.4539745743872685
9478.0,1.8567379265363968
9479.0,2.1325956451302206
9480.0,2.751949023087394
9481.0,2.7065931313303633
9482.0,2.379661784692159
9483.0,0.8705104836630024
9484.0,0.6334437256398819
9485.0,1.342507751821678
9486.0,2.629275914680763
9487.0,2.697265699247211
9488.0,2.5199460271389698
9489.0,2.3253484267394553
9490.0,2.2466136243529493
9491.0,2.798451210464236
9492.0,2.686042843321961
9493.0,2.742073375010109
9494.0,2.605850928619256
9495.0,2.6315013241649416
9496.0,1.3061435516540876
9497.0,0.5355360024157129
9498.0,2.4433103132976908
9499.0,2.458484127675028
9500.0,1.2107022958001323
9501.0,2.4859358013174133
9502.0,1.752362088943702
9503.0,1.09518543909041
9504.0,0.4000533844411581
9505.0,2.2339033728630393
9506.0,2.687928997769799
9507.0,2.629124832591624
9508.0,2.323145923408249
9509.0,2.658380515302785
9510.0,2.7087085361727246
9511.0,2.6295467613972696
9512.0,2.7378296805354316
9513.0,2.461215188826875
9514.0,2.718876016974525
9515.0,2.509018472960696
9516.0,2.376784671814962
9517.0,2.3558811493859384
9518.0,2.6975464384432617
9519.0,1.727594045086389
9520.0,1.0478802555961961
9521.0,2.4109265055139915
9522.0,1.458521113785015
9523.0,2.3321102507292344
9524.0,2.2392330892269854
9525.0,0.5450132796590232
9526.0,2.298784219447994
9527.0,2.5372875628175846
9528.0,1.75667488913955
9529.0,2.6297639297470146
9530.0,2.1807289733995976
9531.0,1.4530626091831713
9532.0,1.9417303669207968
9533.0,2.7354098961014928
9534.0,2.274937753736916
9535.0,2.725602833751979
9536.0,2.44760135658259
9537.0,2.669896452204829
9538.0,2.1213769263860986
9539.0,1.4951305729972786
9540.0,2.71195172603954
9541.0,2.1497985468060463
9542.0,2.7223732977397592
9543.0,2.291281212487772
9544.0,2.0965888306601426
9545.0,2.6484214491689055
9546.0,1.7941012561341543
9547.0,0.6920927896818287
9548.0,2.2581839735273532
9549.0,2.230518061252105
9550.0,2.5991086556390237
9551.0,2.2056463270322393
9552.0,2.6230436419802685
9553.0,2.4710386310308374
9554.0,2.629593914307411
9555.0,2.600808532006963
9556.0,1.1545271144916345
9557.0,1.540315748034899
9558.0,2.595218357564046
9559.0,2.0123673550136316
9560.0,1.1358764624427686
9561.0,2.2047609926928664
9562.0,2.6918420107168526
9563.0,2.743892744821067
9564.0,2.7287794665722434
9565.0,1.7900531103001154
9566.0,2.2177900470900216
9567.0,2.061070540192617
9568.0,1.6506969414914394
9569.0,1.2183360021249332
9570.0,2.45873622278807
9571.0,2.3182837059778927
9572.0,2.20797185102084
9573.0,2.3881108447619193
9574.0,1.835452546459096
9575.0,2.632729747585301
9576.0,2.73742100600736
9577.0,2.738196946596364
9578.0,2.608028053319786
9579.0,2.7081604365336127
9580.0,2.4019948283284642
9581.0,2.7498289791014257
9582.0,2.067983657431139
9583.0,1.65848594550148
9584.0,1.1636954826569101
9585.0,2.5213494052184013
9586.0,2.6814213110961083
9587.0,2.673087239542884
9588.0,2.6228011809174383
9589.0,2.4951525627311635
9590.0,2.2768879172946432
9591.0,1.895889785838445
9592.0,1.5083409024268903
9593.0,1.987789858163092
9594.0,1.8902728080194726
9595.0,1.5135518223568378
9596.0,2.653578854465789
9597.0,1.8824140733310777
9598.0,2.5833750565947797
9599.0,2.528791868002248
9600.0,2.271801160682225
9601.0,2.0937904321840133
9602.0,2.2537622937644346
9603.0,2.608999145528314
9604.0,2.542232103239496
9605.0,2.7704536447362584
9606.0,2.5857795135307846
9607.0,2.157895781108629
9608.0,1.6283707395573264
9609.0,2.1517769057011886
9610.0,2.5992494359471023
9611.0,2.3126159084517726
9612.0,2.6113510488316707
9613.0,1.995005116266319
9614.0,2.7374713524176633
9615.0,2.7363452762406784
9616.0,2.73637568140104
9617.0,2.350927202835674
9618.0,1.6889505314797375
9619.0,2.7411882564611116
9620.0,2.6974709523725107
9621.0,2.0325719094672
9622.0,2.6457312759492244
9623.0,2.117460067083048
9624.0,1.6512704935566158
9625.0,1.9151751307445382
9626.0,2.6059520741668685
9627.0,2.4029464891361676
9628.0,2.188790969433296
9629.0,1.8120368758527572
9630.0,2.7124468991024537
9631.0,2.358692476367198
9632.0,2.657589104980738
9633.0,2.654825338692443
9634.0,2.7395712011164877
9635.0,2.751802468996311
9636.0,2.667577045028202
9637.0,2.708205819109899
9638.0,2.447493922161255
9639.0,1.8807329897152274
9640.0,1.3146688912822393
9641.0,2.5045659398297295
9642.0,2.7248485905929427
9643.0,1.976992875263788
9644.0,2.6648160183212553
9645.0,2.729673978239513
9646.0,2.534259509363622
9647.0,2.6112336227539563
9648.0,1.2288327845175862
9649.0,1.9997520976659449
9650.0,2.704559879193066
9651.0,2.443909318439095
9652.0,2.6102653175925927
9653.0,2.651118944734344
9654.0,2.6717659649274967
9655.0,2.357757576966632
9656.0,2.522712393119115
9657.0,2.4034612822606687
9658.0,2.6687739258146776
9659.0,2.586518850668988
9660.0,2.351360483800128
9661.0,2.7195121159007996
9662.0,2.4768626279878023
9663.0,2.4280705838216985
9664.0,2.3042374851419574
9665.0,1.6293246597694486
9666.0,2.4159171032242375
9667.0,2.1461314058780654
9668.0,2.6179421493903168
9669.0,2.578514933693205
9670.0,2.3919778439426205
9671.0,2.639115885001434
9672.0,2.601476451558991
9673.0,1.7095965393643882
9674.0,2.645657683058064
9675.0,2.7172684543326064
9676.0,2.7258793461239725
9677.0,2.7208443503611264
9678.0,2.713388206937971
9679.0,2.7093660871667944
9680.0,2.7173024298373383
9681.0,2.7156128441019804
9682.0,2.669628623846684
9683.0,1.7355212634128026
9684.0,2.4204108297592213
9685.0,2.6247719942778174
9686.0,2.7085744829541634
9687.0,2.669742854448606
9688.0,2.6886769577545637
9689.0,2.571099847971786
9690.0,2.7107767618198992
9691.0,2.618469859634975
9692.0,2.6870691360139336
9693.0,2.669876768983909
9694.0,2.605017935287652
9695.0,2.491439898291227
9696.0,2.6950374470220515
9697.0,2.6014908976304905
9698.0,2.659243650714595
9699.0,2.704889459550509
9700.0,2.691581561344699
9701.0,2.5160970287606093
9702.0,2.6587989449036082
9703.0,2.5438044072027868
9704.0,1.9454604107722917
9705.0,2.656609795431732
9706.0,2.7002034844977056
9707.0,2.6997800095958397
9708.0,2.6412941581163425
9709.0,2.7030270900631193
9710.0,2.7010982518426094
9711.0,2.6227384206263804
9712.0,2.42692596389678
9713.0,2.690621591507542
9714.0,2.6897126922322685
9715.0,2.65752265594091
9716.0,2.6875915883383867
9717.0,2.6580661361338977
9718.0,1.8693739567249625
9719.0,2.647645689774408
9720.0,2.68597191871145
9721.0,2.6961504019990805
9722.0,2.6808090262125113
9723.0,2.678247260375126
9724.0,2.691371093094965
9725.0,2.6656975766155697
9726.0,2.1969906982792
9727.0,2.307216120187818
9728.0,2.6581882198134332
9729.0,2.619627790501692
9730.0,2.6288818602390953
9731.0,2.6232228223450593
9732.0,2.676166114501226
9733.0,2.4190404301658823
9734.0,2.6296479401747415
9735.0,2.6927916678634256
9736.0,2.6855711778417404
9737.0,2.542489653012717
9738.0,2.1531089232791776
9739.0,2.028028073793288
9740.0,2.3217902437843763
9741.0,2.5346176053332665
9742.0,2.660541061337466
9743.0,2.6793761164502534
9744.0,2.6526017672811077
9745.0,2.647392309483216
9746.0,1.7233074772383952
9747.0,2.601770447601991
9748.0,2.633436542485286
9749.0,2.6748001245233883
9750.0,2.6697975863275856
9751.0,2.637079027265431
9752.0,1.7944133851543351
9753.0,2.6514674317560543
9754.0,2.6844081172893803
9755.0,2.6680449143341556
9756.0,2.36941854998828
9757.0,2.33248884255748
9758.0,2.5930236506257707
9759.0,2.5668668488704403
9760.0,1.9298677792816161
9761.0,2.3890551316813284
9762.0,2.646969246952496
9763.0,2.6843371535590643
9764.0,2.57277228865234
9765.0,2.314067032642445
9766.0,2.1753229074345444
9767.0,2.598129415323355
9768.0,2.3685728125595107
9769.0,2.6753164066580575
9770.0,2.6865677908836005
9771.0,2.553469943044751
9772.0,2.667881022110578
9773.0,2.690394243904395
9774.0,2.6869268622338653
9775.0,2.678386047463458
9776.0,2.60218480219494
9777.0,2.418950896915731
9778.0,2.6672752999069638
9779.0,2.557693559005744
9780.0,2.566533321633361
9781.0,2.6573587284055167
9782.0,2.3385513468090315
9783.0,2.6656367629928837
9784.0,2.661202916783881
9785.0,1.9392611200984629
9786.0,2.608357816942174
9787.0,2.6821812471115183
9788.0,2.6717608582100727
9789.0,2.656469637833569
9790.0,2.4617958886500624
9791.0,2.678342442445818
9792.0,2.6300167908252003
9793.0,2.614213955981984
9794.0,2.2209774282783963
9795.0,2.603887215299976
9796.0,2.047011665660504
9797.0,2.6484237171015663
9798.0,2.596749343037117
9799.0,2.680798365403754
9800.0,2.6775535420741514
9801.0,2.6654987894955653
9802.0,2.3276318115473917
9803.0,2.657675529292897
9804.0,2.224990835269589
9805.0,2.5275626049790647
9806.0,2.4458322300994833
9807.0,2.679527780338496
9808.0,2.6558461367211503
9809.0,2.6687188998392317
9810.0,2.684281247538036
9811.0,2.6281960744587947
9812.0,2.6802486614534837
9813.0,2.661388000245254
9814.0,2.6833096883113825
9815.0,2.631345679325996
9816.0,2.5221625836588273
9817.0,2.677110866722448
9818.0,2.6197104553303276
9819.0,2.608718404523465
9820.0,2.5883063101752493
9821.0,2.637382432104632
9822.0,2.682409808192147
9823.0,2.6840487206984833
9824.0,2.5973882437542017
9825.0,2.6462618953967136
9826.0,2.657264437177186
9827.0,2.5899404569909845
9828.0,2.2717715189580097
9829.0,2.5510192393201128
9830.0,2.6644874526091007
9831.0,2.6815696811609064
9832.0,2.677828905337695
9833.0,2.675518242875914
9834.0,2.6141850380428453
9835.0,2.4719136902083263
9836.0,2.679555562017774
9837.0,2.681158031930407
9838.0,2.6511106819460646
9839.0,2.658789512214176
9840.0,2.6753103784903742
9841.0,2.6672947180146207
9842.0,2.6783952007204506
9843.0,2.648466382591761
9844.0,2.680997451171497
9845.0,2.5383018002141675
9846.0,2.6557702030863375
9847.0,2.575264883626961
9848.0,2.661703605872922
9849.0,2.6449295765839214
9850.0,2.651285889624948
9851.0,2.6471742033760575
9852.0,2.4360940440697663
9853.0,2.6386716778785373
9854.0,2.665406155917588
9855.0,2.6712267019165274
9856.0,2.6631464418463078
9857.0,2.6699590704054907
9858.0,2.671274795751812
9859.0,2.662871695442656
9860.0,2.6438977708278393
9861.0,2.6748448659490873
9862.0,2.6756546285009826
9863.0,2.668102916525597
9864.0,2.662705448945081
9865.0,2.674409857565647
9866.0,2.673517432550195
9867.0,2.6697325172813664
9868.0,2.6415473047395808
9869.0,2.669301290282503
9870.0,2.6532252720943204
9871.0,2.6415596154773904
9872.0,2.653108744973951
9873.0,2.6071264688582643
9874.0,2.667004290077375
9875.0,2.6664958366053755
9876.0,2.5708295496648286
9877.0,2.603522818706318
9878.0,2.6646137033348722
9879.0,2.666766891953218
9880.0,2.6648996317129003
9881.0,2.6281667539583324
9882.0,2.6557792275600005
9883.0,2.6572683469369194
9884.0,2.660979517030217
9885.0,2.6635801016187948
9886.0,2.6623759777073177
9887.0,2.653439868835191
9888.0,2.6576848354145772
9889.0,2.6574968134481365
9890.0,2.659693165295246
9891.0,2.6528440930119643
9892.0,2.656172399373619
9893.0,2.654528279925223
9894.0,2.6508082161458693
9895.0,2.6573064243049744
9896.0,2.649965522715767
9897.0,2.6401967839794653
9898.0,2.646494857211804
9899.0,2.638360845775837
9900.0,2.638732542193541
9901.0,2.6449825888327205
9902.0,2.589922225807695
9903.0,2.6292673314651105
9904.0,2.641421275406609
9905.0,2.6515589393179604
9906.0,2.65346522874255
9907.0,2.6534087691307318
9908.0,2.6439697934673587
9909.0,2.6531402164129854
9910.0,2.6524461679253015
9911.0,2.627470827991404
9912.0,2.65170972085137
9913.0,2.640938852908521
9914.0,2.649126493309847
9915.0,2.64980344309726
9916.0,2.6508616740635023
9917.0,2.650915428569673
9918.0,2.6423551724908405
9919.0,2.651369230414495
9920.0,2.6515853198047044
9921.0,2.6513402975771485
9922.0,2.6433791696551556
9923.0,2.633745915999446
9924.0,2.650546755015296
9925.0,2.6497303183369794
9926.0,2.6440946889859314
9927.0,2.6490213170432795
9928.0,2.6489309489492774
9929.0,2.591799336984209
9930.0,2.618592268286048
9931.0,2.646545690106791
9932.0,2.6370031122033777
9933.0,2.645850804832148
9934.0,2.641243544230552
9935.0,2.6471007995272298
9936.0,2.6485555820041924
9937.0,2.640309061668026
9938.0,2.6467404482669323
9939.0,2.6454887794807824
9940.0,2.64819503079987
9941.0,2.648022062557052
9942.0,2.64301166797113
9943.0,2.6434999300781907
9944.0,2.6365087148027757
9945.0,2.6468919261823904
9946.0,2.6471227524272356
9947.0,2.6467558718779225
9948.0,2.6465384684089104
9949.0,2.645551878571255
9950.0,2.646131348877955
9951.0,2.646309213469989
9952.0,2.646053108299462
9953.0,2.639802059062362
9954.0,2.6420295613996623
9955.0,2.6421508690947086
9956.0,2.643816167117997
9957.0,2.645125023952471
9958.0,2.6380289666830334
9959.0,2.6438450710948884
9960.0,2.635367762224584
9961.0,2.6430134473600497
9962.0,2.644394538839524
9963.0,2.64423473546186
9964.0,2.6419964009777086
9965.0,2.642993646101943
9966.0,2.643733433558485
9967.0,2.642958832476954
9968.0,2.6422782189939293
9969.0,2.641515662421539
9970.0,2.627760297169569
9971.0,2.6423986695958734
9972.0,2.640081291058142
9973.0,2.6419785434112333
9974.0,2.6414306678570885
9975.0,2.6421393165183256
9976.0,2.641959361517201
9977.0,2.640440878932075
9978.0,2.64137751671074
9979.0,2.640574388599161
9980.0,2.621562019513212
9981.0,2.6406900378290588
9982.0,2.6399299017078706
9983.0,2.6406996765093256
9984.0,2.6405197215082006
9985.0,2.6403397665070756
9986.0,2.639838510353797
9987.0,2.6269814025314053
9988.0,2.639654840769538
9989.0,2.6362946376414644
9990.0,2.6393713085633106
9991.0,2.636896515567408
9992.0,2.6338006759749293
9993.0,2.6381356588106373
9994.0,2.6386037854080127
9995.0,2.6364982329124476
9996.0,2.6151800715981426
9997.0,2.636321063798073
9998.0,2.63676509074495
9999.0,2.6378872228294985
10000.0,2.6355745261621495
10001.0,2.6328006385433196
10002.0,2.615606016531207
10003.0,2.635540306053259
10004.0,2.635395688381427
10005.0,2.633759414074365
10006.0,2.634385155864431
10007.0,2.6338385140864933
10008.0,2.6332797979247675
10009.0,2.6327191839762145
10010.0,2.6321581574815958
10011.0,2.631587697140587
10012.0,2.630920827530355
10013.0,2.6210015671141558
10014.0,2.62180746207056
10015.0,2.6231951957522615
10016.0,2.6284731430290784
10017.0,2.6279857838738625
10018.0,2.625166688019918
10019.0,2.593712109961886
10020.0,2.580010671833277
10021.0,2.6104256877627297
10022.0,2.621726728418594
10023.0,2.6246341397825383
10024.0,2.60957164590892
10025.0,2.610921670485126
10026.0,2.6048602034594235
10027.0,2.6217332778024387
10028.0,2.621751970304377
10029.0,2.6178211956752344
10030.0,2.6209730917548044
10031.0,2.6203978852383916
10032.0,2.6198765508470503
10033.0,2.619314525216156
10034.0,2.6187303609876187
10035.0,2.6175774762353963
10036.0,2.617191107487779
10037.0,2.616794154628105
10038.0,2.6163970722908427
10039.0,2.6147759879504506
10040.0,2.5880284290198086
10041.0,2.608551574389357
10042.0,2.6141584952587293
10043.0,2.6135558566064168
10044.0,2.6000885126123867
10045.0,2.604169385795673
10046.0,2.6119536059451742
10047.0,2.611490968143995
10048.0,2.610931547280562
10049.0,2.6098524629989095
10050.0,2.6077428502558564
10051.0,2.6016351063194376
10052.0,2.6085459238719935
10053.0,2.6081190466146547
10054.0,2.6074765491408742
10055.0,2.6054127168249597
10056.0,2.580404141789935
10057.0,2.605071583626576
10058.0,2.6051391695750334
10059.0,2.604762465201394
10060.0,2.604183669406624
10061.0,2.603161787475263
10062.0,2.5941985711078805
10063.0,2.6024239199743358
10064.0,2.6017577739795263
10065.0,2.600974457904565
10066.0,2.600247594398989
10067.0,2.590839026875997
10068.0,2.5995962318348163
10069.0,2.599153751180051
10070.0,2.5984919058702878
10071.0,2.5959657828536518
10072.0,2.5880854828957993
10073.0,2.5945773444083486
10074.0,2.596321296664065
10075.0,2.595754751913449
10076.0,2.5911965761405544
10077.0,2.5929513582653434
10078.0,2.5940236610533023
10079.0,2.593294849960605
10080.0,2.570298158744187
10081.0,2.582424317890772
10082.0,2.5904486225908014
10083.0,2.591226645940566
10084.0,2.5885891868053337
10085.0,2.5822932534170056
10086.0,2.5893653665080474
10087.0,2.5890694452373992
10088.0,2.5884154433283517
10089.0,2.5868321820178664
10090.0,2.5561319008207435
10091.0,2.586065630272777
10092.0,2.5769510060088603
10093.0,2.584444002010959
10094.0,2.5642496647928006
10095.0,2.561379582557022
10096.0,2.5645713130226846
10097.0,2.581347784230499
10098.0,2.57009289252728
10099.0,2.5820780688677463
10100.0,2.571490041640632
10101.0,2.579586743701155
10102.0,2.577989946526863
10103.0,2.563392604315024
10104.0,2.579359122013117
10105.0,2.5770698362563293
10106.0,2.5780112185900137
10107.0,2.577852134056075
10108.0,2.5756796116827934
10109.0,2.5704471874299415
10110.0,2.5753508034819657
10111.0,2.57562883338902
10112.0,2.5741825100588276
10113.0,2.572993077532882
10114.0,2.573841887421398
10115.0,2.5710755128377025
10116.0,2.572832431908912
10117.0,2.572152690287672
10118.0,2.562271208988342
10119.0,2.568095899319342
10120.0,2.5700793014455225
10121.0,2.568116605889239
10122.0,2.541308432353124
10123.0,2.5685070848010576
10124.0,2.5683234934071235
10125.0,2.567824629202716
10126.0,2.567263571622524
10127.0,2.565541664229965
10128.0,2.564675916932268
10129.0,2.5654567213900994
10130.0,2.5650094064410123
10131.0,2.564276558048762
10132.0,2.552343301018517
10133.0,2.5628591839218986
10134.0,2.5627572811446404
10135.0,2.562239532867322
10136.0,2.5616891071064205
10137.0,2.561130792624839
10138.0,2.5605712281631483
10139.0,2.5600111460759134
10140.0,2.559450074219252
10141.0,2.5588800188476712
10142.0,2.5582639105578164
10143.0,2.5549228415428407
10144.0,2.547239911912765
10145.0,2.5509801905465963
10146.0,2.5558870194637247
10147.0,2.5522403566466583
10148.0,2.5444573798306918
10149.0,2.554250238807175
10150.0,2.5538270610434006
10151.0,2.5532853405013474
10152.0,2.552722020460651
10153.0,2.5521379000800293
10154.0,2.5514821973258712
10155.0,2.5499620693817158
10156.0,2.5275020652475577
10157.0,2.549409132140893
10158.0,2.5492736553255284
10159.0,2.548577091460393
10160.0,2.5482337782631026
10161.0,2.547680356528576
10162.0,2.5471204947024915
10163.0,2.5465597614580378
10164.0,2.545999493282047
10165.0,2.545436904875226
10166.0,2.5448635229412133
10167.0,2.5442208898721885
10168.0,2.535751797722939
10169.0,2.5417053118887907
10170.0,2.536712597485356
10171.0,2.5419959263001783
10172.0,2.541491090406219
10173.0,2.5408907894877473
10174.0,2.5396965415325345
10175.0,2.525256803523404
10176.0,2.539016326000236
10177.0,2.538670120030068
10178.0,2.538123831907855
10179.0,2.5361869598251694
10180.0,2.5369749679796287
10181.0,2.5364615091699068
10182.0,2.5359043233107212
10183.0,2.5353415365604923
10184.0,2.5347719467132044
10185.0,2.534167693825447
10186.0,2.529658127921324
10187.0,2.532247332429541
10188.0,2.5325022694276877
10189.0,2.5319684756652188
10190.0,2.531407888745487
10191.0,2.5308097831387024
10192.0,2.530054998928971
10193.0,2.520419250070425
10194.0,2.4857503844785573
10195.0,2.5260152882000675
10196.0,2.527846376840501
10197.0,2.527443707448012
10198.0,2.5269155290636456
10199.0,2.5263601591088785
10200.0,2.5257980188103106
10201.0,2.525231994229277
10202.0,2.524647987829928
10203.0,2.5238842936230728
10204.0,2.5171870006989527
10205.0,2.5178166455943165
10206.0,2.5222389395643448
10207.0,2.5218451990191575
10208.0,2.521297290448273
10209.0,2.5202925226298407
10210.0,2.5200194019161124
10211.0,2.519606112238635
10212.0,2.5189247805448636
10213.0,2.5156496793705356
10214.0,2.5178358274367705
10215.0,2.5162656900832694
10216.0,2.5120271102040195
10217.0,2.504232869775561
10218.0,2.510496247807352
10219.0,2.5150131729181613
10220.0,2.514545350507031
10221.0,2.5140023826604048
10222.0,2.5134437668658607
10223.0,2.5128821256427902
10224.0,2.5123207240109333
10225.0,2.5117580400231336
10226.0,2.51118779250465
10227.0,2.510588267643771
10228.0,2.5098364464353455
10229.0,2.491396294501518
10230.0,2.5023877831538313
10231.0,2.5081956851532583
10232.0,2.507782634740607
10233.0,2.5072370067438174
10234.0,2.506608004868773
10235.0,2.5000694794072387
10236.0,2.5006863218342255
10237.0,2.504517285573806
10238.0,2.4949692561006875
10239.0,2.4768956881853015
10240.0,2.4789342237159095
10241.0,2.5017685031787456
10242.0,2.5020835820744467
10243.0,2.501619296615553
10244.0,2.501074738855577
10245.0,2.5005141140983618
10246.0,2.499951318246587
10247.0,2.499387718728961
10248.0,2.4988193232501557
10249.0,2.497802285323543
10250.0,2.4974391854855695
10251.0,2.4971065417490763
10252.0,2.4963586523549326
10253.0,2.489895679240774
10254.0,2.495310812392647
10255.0,2.4948582179754473
10256.0,2.4942740612672103
10257.0,2.4932430638319443
10258.0,2.4827681730256392
10259.0,2.492463843762903
10260.0,2.4920451486196074
10261.0,2.491483856209624
10262.0,2.4907569845044826
10263.0,2.4828173704453302
10264.0,2.4882023543780227
10265.0,2.489222191263949
10266.0,2.488690145490419
10267.0,2.4881319140959426
10268.0,2.4875694485245696
10269.0,2.487005448148034
10270.0,2.486434845926433
10271.0,2.4858372883074527
10272.0,2.485016451798831
10273.0,2.471306717836152
10274.0,2.48367348611635
10275.0,2.482491320683445
10276.0,2.4650051305680902
10277.0,2.4802195306885837
10278.0,2.4818715394336577
10279.0,2.4811396686485208
10280.0,2.4806400535700464
10281.0,2.4802400224453205
10282.0,2.4796778930377097
10283.0,2.4791130058374375
10284.0,2.478531607294515
10285.0,2.477821485198123
10286.0,2.464207969938479
10287.0,2.4762380773027255
10288.0,2.473721983068738
10289.0,2.4729851485686942
10290.0,2.4751169515345732
10291.0,2.47443032352041
10292.0,2.473951916934849
10293.0,2.4734500457564916
10294.0,2.4702192089716624
10295.0,2.47086589639354
10296.0,2.471758847713966
10297.0,2.4712128784332323
10298.0,2.470645988042859
10299.0,2.4700513575471184
10300.0,2.465698621846214
10301.0,2.4680632956839212
10302.0,2.468367502537326
10303.0,2.46782405947864
10304.0,2.46726206268463
10305.0,2.466695807873102
10306.0,2.4660895032560144
10307.0,2.4652671642156965
10308.0,2.4649868764051224
10309.0,2.4636644841157054
10310.0,2.46112907640925
10311.0,2.463285934948397
10312.0,2.462737360496464
10313.0,2.46215813687487
10314.0,2.4613253916183564
10315.0,2.4528679519870633
10316.0,2.460403531137659
10317.0,2.4598990070944735
10318.0,2.4588950245985703
10319.0,2.458363997134665
10320.0,2.458207145250742
10321.0,2.45764670849376
10322.0,2.457081615554649
10323.0,2.456515616691657
10324.0,2.4559492931651263
10325.0,2.4553827341326224
10326.0,2.454816333699122
10327.0,2.4542494289546157
10328.0,2.4536822160904475
10329.0,2.453114941221412
10330.0,2.4525481762761343
10331.0,2.4519809820550202
10332.0,2.4514103446311513
10333.0,2.4507697453172868
10334.0,2.445057927202573
10335.0,2.449665706260721
10336.0,2.4491273687435844
10337.0,2.447234877702717
10338.0,2.4478724234442475
10339.0,2.4474369626342796
10340.0,2.4468741729028616
10341.0,2.446306320898351
10342.0,2.4457380559394104
10343.0,2.4451695861796097
10344.0,2.4446010304563193
10345.0,2.443997573683894
10346.0,2.443388860033353
10347.0,2.442620749754063
10348.0,2.441975625442828
10349.0,2.441751125451289
10350.0,2.4411895579305276
10351.0,2.440621915721449
10352.0,2.4400533153191324
10353.0,2.4394843168101312
10354.0,2.438914324835433
10355.0,2.4383369170262523
10356.0,2.4374379420806904
10357.0,2.4369881282092827
10358.0,2.4365919213155807
10359.0,2.435532720093763
10360.0,2.435448354983251
10361.0,2.4329203549929215
10362.0,2.434160823059572
10363.0,2.4337811864752656
10364.0,2.433207738192173
10365.0,2.432032306183905
10366.0,2.431330917749377
10367.0,2.430691990918899
10368.0,2.43031989486518
10369.0,2.4295838743873857
10370.0,2.428918997659034
10371.0,2.428141274414892
10372.0,2.427929904814421
10373.0,2.4267647982586045
10374.0,2.4262595965857576
10375.0,2.426189168128082
10376.0,2.4256966097682207
10377.0,2.4253200855845676
10378.0,2.424465366054966
10379.0,2.424061282784489
10380.0,2.4238245216639327
10381.0,2.423476255367021
10382.0,2.4228292573206467
10383.0,2.422351931555247
10384.0,2.421697452312972
10385.0,2.420245087073106
10386.0,2.4200486631331537
10387.0,2.419855283339058
10388.0,2.4189996276914116
10389.0,2.4188711574293262
10390.0,2.417452133106751
10391.0,2.417726453461734
10392.0,2.4164853151604078
10393.0,2.4164964889265246
10394.0,2.415326731060931
10395.0,2.415136681281682
10396.0,2.4141722918420836
10397.0,2.4142534728373555
10398.0,2.413264119524023
10399.0,2.412406490566
10400.0,2.41256590108263
10401.0,2.411325282538304
10402.0,2.411421624955304
10403.0,2.4102394961722675
10404.0,2.4102362578515435
10405.0,2.4093113855661814
10406.0,2.408502902739218
10407.0,2.4085359597189555
10408.0,2.407456616107748
10409.0,2.4073326640970585
10410.0,2.406765160190353
10411.0,2.405799160474219
10412.0,2.4054407608532213
10413.0,2.40367977982734
10414.0,2.403773520110568
10415.0,2.403886994733674
10416.0,2.403090959397109
10417.0,2.4026528888623457
10418.0,2.402176888119044
10419.0,2.4013761809429037
10420.0,2.401000034020949
10421.0,2.4004343829078922
10422.0,2.3996709034821753
10423.0,2.3982398682621033
10424.0,2.398488419336451
10425.0,2.397972877079467
10426.0,2.3975136501840555
10427.0,2.396939835526475
10428.0,2.3961470059073533
10429.0,2.395688217667757
10430.0,2.3951613651195425
10431.0,2.3945922027596334
10432.0,2.393956065980743
10433.0,2.3932391378723437
10434.0,2.392737520582658
10435.0,2.392207719167313
10436.0,2.3916788282302046
10437.0,2.3910922161803803
10438.0,2.390463924628497
10439.0,2.3899157464507566
10440.0,2.3891580725865045
10441.0,2.388680087471346
10442.0,2.388124987611253
10443.0,2.387559902462103
10444.0,2.386968811090284
10445.0,2.3863569564107308
10446.0,2.385783540319469
10447.0,2.3851866806317847
10448.0,2.384544723486767
10449.0,2.3836051492062604
10450.0,2.38338051689825
10451.0,2.3827826826052267
10452.0,2.382203181139152
10453.0,2.381613358965146
10454.0,2.3810139020967536
10455.0,2.380343464921301
10456.0,2.3789962605318467
10457.0,2.3792177998673028
10458.0,2.3786244963221717
10459.0,2.3780271520444813
10460.0,2.3774265735824835
10461.0,2.3768334562030153
10462.0,2.376237614464745
10463.0,2.3756410593546504
10464.0,2.3750428145841997
10465.0,2.3744488051926327
10466.0,2.373851803722031
10467.0,2.3732543000199384
10468.0,2.3726571092135758
10469.0,2.372059725290243
10470.0,2.3714581651060453
10471.0,2.3705752635468182
10472.0,2.3702543603341577
10473.0,2.3696560023674986
10474.0,2.3686459534018454
10475.0,2.368385815377538
10476.0,2.367792147502239
10477.0,2.3672356564219488
10478.0,2.366628863486721
10479.0,2.3660153612750543
10480.0,2.3652763674484714
10481.0,2.3647986199161815
10482.0,2.364187275967587
10483.0,2.363574494862166
10484.0,2.362960430932296
10485.0,2.3623456390122146
10486.0,2.3617292155406475
10487.0,2.3611117260553183
10488.0,2.3604699426643405
10489.0,2.3598017389232604
10490.0,2.3592192426183027
10491.0,2.355819398644117
10492.0,2.3551980946554534
10493.0,2.355523524934233
10494.0,2.3540474385729673
10495.0,2.3532781736125057
10496.0,2.3533050175506816
10497.0,2.3526742516330055
10498.0,2.3521433668222604
10499.0,2.352794872527065
10500.0,2.3514738769358012
10501.0,2.3505717421800685
10502.0,2.3502381902383145
10503.0,2.350896606288571
10504.0,2.3494408397619377
10505.0,2.3490249668993473
10506.0,2.3490153790032333
10507.0,2.348314608224118
10508.0,2.3478950860537817
10509.0,2.3468140457575255
10510.0,2.3465748035595793
10511.0,2.3450876649704036
10512.0,2.345274542090677
10513.0,2.3434088998537943
10514.0,2.343966246873891
10515.0,2.3415355215983054
10516.0,2.3424998720459884
10517.0,2.339990998766264
10518.0,2.3413022246777717
10519.0,2.3381110717815883
10520.0,2.3398981407801314
10521.0,2.3390447951259667
10522.0,2.3369789215895396
10523.0,2.338010905770954
10524.0,2.335149576621542
10525.0,2.336667256125339
10526.0,2.3342927647657166
10527.0,2.3351588517187403
10528.0,2.334629322225678
10529.0,2.3322538916056192
10530.0,2.333271150500728
10531.0,2.331793975064625
10532.0,2.331132055806226
10533.0,2.3312022927528293
10534.0,2.3291646168281437
10535.0,2.3297713250779446
10536.0,2.3291003544244075
10537.0,2.327241425234733
10538.0,2.32768452401218
10539.0,2.3269698215485866
10540.0,2.3252891224612764
10541.0,2.3255447190060425
10542.0,2.3248146140868915
10543.0,2.323306410864367
10544.0,2.323371741305459
10545.0,2.3226337616411636
10546.0,2.321193535421104
10547.0,2.320919381279762
10548.0,2.3204259052428733
10549.0,2.319192321847517
10550.0,2.318937761333162
10551.0,2.3181927856333466
10552.0,2.317064638329949
10553.0,2.3166720662001987
10554.0,2.3159268062545286
10555.0,2.3151002953105277
10556.0,2.3141667311061256
10557.0,2.3133267389603684
10558.0,2.312693631818481
10559.0,2.311846693240646
10560.0,2.311099645639927
10561.0,2.3103884338670784
10562.0,2.3096335927404748
10563.0,2.3088965029499477
10564.0,2.3081746208592144
10565.0,2.3073851426638927
10566.0,2.3064828372767283
10567.0,2.3057996521198874
10568.0,2.305007895905714
10569.0,2.3042079790930132
10570.0,2.3033276333352597
10571.0,2.3021529658093574
10572.0,2.3018160399146135
10573.0,2.300989573371506
10574.0,2.2997741846576756
10575.0,2.299401202498959
10576.0,2.2986250906249315
10577.0,2.297797123237903
10578.0,2.2970328096252146
10579.0,2.2962413804105557
10580.0,2.2951529339677053
10581.0,2.2939605207301197
10582.0,2.293869593665069
10583.0,2.2930876929369464
10584.0,2.2922902862400667
10585.0,2.290889472945044
10586.0,2.2907427560721745
10587.0,2.2899747604481138
10588.0,2.289201360852809
10589.0,2.2881760430191433
10590.0,2.286701145809171
10591.0,2.2858834222793747
10592.0,2.2861648644717367
10593.0,2.285420176810703
10594.0,2.2846833128491624
10595.0,2.28397738609796
10596.0,2.2832798104434477
10597.0,2.282595901433077
10598.0,2.2819145155404224
10599.0,2.2812420259933015
10600.0,2.280560951051816
10601.0,2.2783721883964216
10602.0,2.2792148045037184
10603.0,2.278562148972649
10604.0,2.2775057115558335
10605.0,2.2772105841426717
10606.0,2.2765796105025293
10607.0,2.2759198496655473
10608.0,2.275247846428419
10609.0,2.274593152012684
10610.0,2.2739326824174246
10611.0,2.2725291357324773
10612.0,2.2705141559435007
10613.0,2.2719492073155068
10614.0,2.2713029773987325
10615.0,2.2706431209659343
10616.0,2.2699684061404244
10617.0,2.269299981998551
10618.0,2.2686384701145674
10619.0,2.267963373759176
10620.0,2.2672996257904594
10621.0,2.2666230778676635
10622.0,2.2659229609997285
10623.0,2.2627926092873296
10624.0,2.259872824958155
10625.0,2.263827414705383
10626.0,2.2632178643882166
10627.0,2.261835219002438
10628.0,2.257975132918864
10629.0,2.261023919101831
10630.0,2.257980457143164
10631.0,2.2595379129254884
10632.0,2.258841437981712
10633.0,2.257332318380699
10634.0,2.25544700042759
10635.0,2.2542593260003057
10636.0,2.254721290690044
10637.0,2.2551798233974907
10638.0,2.2529200504301867
10639.0,2.2540811360477253
10640.0,2.2512191735190243
10641.0,2.2524687332380924
10642.0,2.2494983217067284
10643.0,2.2513873011142223
10644.0,2.2481127460088954
10645.0,2.249605653930615
10646.0,2.2491349767792235
10647.0,2.237985768393071
10648.0,2.2470392953842087
10649.0,2.2440251502664634
10650.0,2.2466014259781346
10651.0,2.2411266442829945
10652.0,2.2425650080137687
10653.0,2.244055241909576
10654.0,2.239909911204999
10655.0,2.243594832176265
10656.0,2.242839005484453
10657.0,2.2395074653283884
10658.0,2.2413788640323777
10659.0,2.2339127371185397
10660.0,2.2403532262278034
10661.0,2.240076746850638
10662.0,2.238755575126697
10663.0,2.237218546987207
10664.0,2.238416827793063
10665.0,2.2338609894044903
10666.0,2.237476405873281
10667.0,2.2367241001486917
10668.0,2.2364834847814405
10669.0,2.2350815819069982
10670.0,2.2293334095167743
10671.0,2.231739522821027
10672.0,2.2349911154031843
10673.0,2.2349722561814387
10674.0,2.2344443287492237
10675.0,2.2324714697204637
10676.0,2.2205851797361293
10677.0,2.229817315233854
10678.0,2.2262548435970144
10679.0,2.2264365952129537
10680.0,2.2287788679031904
10681.0,2.2267801920281447
10682.0,2.2313120037585983
10683.0,2.2272045518328087
10684.0,2.230307429023493
10685.0,2.2265339050410127
10686.0,2.2313810418074795
10687.0,2.2242298553246034
10688.0,2.229427031208214
10689.0,2.2307111324897635
10690.0,2.2290468894492546
10691.0,2.2299466886834587
10692.0,2.2278611161575763
10693.0,2.2286972766559106
10694.0,2.220245318626618
10695.0,2.210676739640842
10696.0,2.2289997691239467
10697.0,2.228427766293871
10698.0,2.2282166875298635
10699.0,2.2208306611706097
10700.0,2.2264319579100085
10701.0,2.22762972963038
10702.0,2.2066457954736833
10703.0,2.2243476139237943
10704.0,2.2271775649475747
10705.0,2.2269659299819633
10706.0,2.2267466504058095
10707.0,2.2231257594252107
10708.0,2.225970395895614
10709.0,2.2259242935250407
10710.0,2.224169132570487
10711.0,2.224173723077612
10712.0,2.223698886718684
10713.0,2.224939230621352
10714.0,2.2246365342261316
10715.0,2.22096796016889
10716.0,2.2222639691815758
10717.0,2.2216687425548907
10718.0,2.221485825214191
10719.0,2.2130912478530966
10720.0,2.2219402341580436
10721.0,2.215425680984621
10722.0,2.2221023991847493
10723.0,2.2210164615959407
10724.0,2.2011952528177927
10725.0,2.220670288423219
10726.0,2.201361432554265
10727.0,2.2198522694389
10728.0,2.220252293711151
10729.0,2.2189360877958135
10730.0,2.2074038534138376
10731.0,2.2175276236385497
10732.0,2.2178567940915594
10733.0,2.216926937149938
10734.0,2.2182319194166777
10735.0,2.2170394981980635
10736.0,2.2174730915904926
10737.0,2.217151376272696
10738.0,2.2167773469647933
10739.0,2.2163962577528387
10740.0,2.216015535574833
10741.0,2.215612778713719
10742.0,2.212560491305452
10743.0,2.213686918391812
10744.0,2.213792352858037
10745.0,2.2130132586351756
10746.0,2.157199552903861
10747.0,2.1931947063160213
10748.0,2.172933248627115
10749.0,2.1974572824868845
10750.0,2.2115511531202925
10751.0,2.211535611962923
10752.0,2.21070571238107
10753.0,2.2089157956253627
10754.0,2.209842898164767
10755.0,2.207625946848753
10756.0,2.2086039186900313
10757.0,2.2082164078638105
10758.0,2.207095219157707
10759.0,2.2081128069260014
10760.0,2.2076700369924636
10761.0,2.2072306509168684
10762.0,2.2065869319080718
10763.0,2.203353236050398
10764.0,2.1939739651205485
10765.0,2.2018094012514786
10766.0,2.2048761942343944
10767.0,2.2044773423350303
10768.0,2.2040419006008736
10769.0,2.2035653057202347
10770.0,2.2030223728730944
10771.0,2.201517154023557
10772.0,2.1898743597554247
10773.0,2.201115987345943
10774.0,2.191920428450856
10775.0,2.087099168941396
10776.0,2.154535784814525
10777.0,2.1988922330626033
10778.0,2.1989599675566875
10779.0,2.1986590094059686
10780.0,2.198290218842352
10781.0,2.197483631808457
10782.0,2.1814826932391034
10783.0,2.1961201704650706
10784.0,2.191213407538954
10785.0,2.176441956940769
10786.0,2.1951142338327387
10787.0,2.1948698123628776
10788.0,2.1944150541955785
10789.0,2.1939231727765605
10790.0,2.1934203457661177
10791.0,2.192921351220696
10792.0,2.1922459606498936
10793.0,2.1916261933259005
10794.0,2.190966885520603
10795.0,2.1760140682578384
10796.0,2.189692169911559
10797.0,2.1895284387878764
10798.0,2.1701914105201436
10799.0,2.1883536492280315
10800.0,2.1847298881033166
10801.0,2.186963080482447
10802.0,2.1464972457840443
10803.0,2.0742187093513293
10804.0,2.1852966321875926
10805.0,2.1854850931755645
10806.0,2.1784387505089358
10807.0,2.1565519874313686
10808.0,2.1837481711302518
10809.0,2.1643821994218713
10810.0,2.1802665652572495
10811.0,2.1824201087820434
10812.0,2.177741075291265
10813.0,2.1733879198894264
10814.0,2.0848753952974013
10815.0,2.1662110061322255
10816.0,2.179190484659444
10817.0,2.1793345188867033
10818.0,2.1782246531360174
10819.0,2.150188399383181
10820.0,2.1760537605485633
10821.0,2.1693190029649934
10822.0,2.1761562356152124
10823.0,2.176365697361964
10824.0,2.1757624852851256
10825.0,2.1693339842504376
10826.0,2.1745974024368224
10827.0,2.1742622978663726
10828.0,2.173749051072283
10829.0,2.1732202367235858
10830.0,2.1726874281173636
10831.0,2.172145494209499
10832.0,2.1715123533955754
10833.0,2.170491969525833
10834.0,2.165406951748981
10835.0,1.9948945138296243
10836.0,2.1612039414601782
10837.0,2.1060077622872697
10838.0,2.1666523492750844
10839.0,2.167482499503611
10840.0,2.1642948921654757
10841.0,2.129890442845987
10842.0,2.164871371548828
10843.0,2.1638554628040803
10844.0,2.142635152152233
10845.0,2.1631134362896023
10846.0,2.112953100569105
10847.0,2.1606038334412814
10848.0,2.161628564746152
10849.0,2.161544833826634
10850.0,2.1611807112032033
10851.0,2.160869874426678
10852.0,2.1449577088544842
10853.0,2.1432410637764474
10854.0,2.1463415624490123
10855.0,2.1557014487872563
10856.0,2.147235519443173
10857.0,2.157835020282581
10858.0,2.157100374675994
10859.0,2.154615036612845
10860.0,2.0197252508984036
10861.0,2.1275580325473444
10862.0,2.1387681618262033
10863.0,1.7933981939748307
10864.0,2.1439039465836034
10865.0,2.1521700735056477
10866.0,2.133488395704773
10867.0,2.143379492746508
10868.0,2.1518811546121035
10869.0,2.1512561107014654
10870.0,2.149045854289628
10871.0,2.0740948602893434
10872.0,2.106626075193792
10873.0,2.1461944212797492
10874.0,2.1484693764159206
10875.0,2.1480745119242175
10876.0,2.147568286072405
10877.0,2.1455856854939737
10878.0,2.105699387279226
10879.0,2.1389988171093353
10880.0,2.144964186963955
10881.0,2.1446976888794915
10882.0,2.144035527636634
10883.0,2.1436483834730433
10884.0,2.1417855824669876
10885.0,2.08874295561159
10886.0,2.1401654744992404
10887.0,2.1413953349962784
10888.0,2.14095644976809
10889.0,2.1344887922164406
10890.0,2.127275344704488
10891.0,2.1214494679413605
10892.0,2.0395694001177835
10893.0,2.1260177950899606
10894.0,2.1335691879315464
10895.0,2.039129188278569
10896.0,2.1300463668084695
10897.0,2.1345133349946157
10898.0,2.1348064399271443
10899.0,2.1349358782990917
10900.0,2.1335692252178022
10901.0,2.125182705598274
10902.0,2.0805357626934193
10903.0,2.1220507733874645
10904.0,1.8791681962333213
10905.0,2.122281055977636
10906.0,2.1203445656100706
10907.0,2.0481340434988327
10908.0,2.1228184227118687
10909.0,2.128723016729354
10910.0,2.1288697157692478
10911.0,2.1280073550434593
10912.0,2.11328521873423
10913.0,2.1265662223601343
10914.0,2.124665747447418
10915.0,2.1260916449829588
10916.0,2.1252917282423764
10917.0,2.12501781283074
10918.0,2.1165177172170133
10919.0,2.122807711611677
10920.0,2.111644000894972
10921.0,2.1224347473864627
10922.0,2.1220284093973025
10923.0,2.1208934127260073
10924.0,2.1151264851288833
10925.0,2.1024937274053768
10926.0,1.742334885721718
10927.0,2.0802390218753968
10928.0,1.8404923341838237
10929.0,2.0859824921415693
10930.0,2.1051021618268155
10931.0,2.116043960544406
10932.0,2.114723484119993
10933.0,2.1121276919779652
10934.0,2.0456016753467963
10935.0,2.1134332740792217
10936.0,2.1138518842775387
10937.0,2.1109968164545543
10938.0,2.029954812258901
10939.0,2.1076747551871975
10940.0,2.1116148621957125
10941.0,2.1094104058026275
10942.0,2.1026226500008813
10943.0,2.082521760197328
10944.0,2.108097411981985
10945.0,2.074697338665852
10946.0,2.073199057727901
10947.0,2.033618451605396
10948.0,2.0573582356190423
10949.0,1.893191041687609
10950.0,2.0643588348247732
10951.0,2.0919081525617953
10952.0,2.1035515022104905
10953.0,2.086478919213906
10954.0,2.087300768944506
10955.0,2.103279881608202
10956.0,2.102195723193127
10957.0,2.069255167466776
10958.0,2.0488273710673606
10959.0,1.9011346836476575
10960.0,1.9275715690978883
10961.0,2.083903955756155
10962.0,2.0707174423557877
10963.0,1.9417107012283277
10964.0,2.090483362114605
10965.0,2.0668360856898658
10966.0,2.0876019450403436
10967.0,2.0967387991033424
10968.0,2.095793467590444
10969.0,2.0959770377115237
10970.0,2.095389486455464
10971.0,2.094370584774806
10972.0,2.0780656793832173
10973.0,2.08851592218853
10974.0,2.092006264962963
10975.0,2.0880881551463584
10976.0,1.9729956949402616
10977.0,2.062043756460598
10978.0,2.0459842599523346
10979.0,1.8687290576070439
10980.0,1.9670648518884424
10981.0,2.069419367071715
10982.0,2.0104394766349065
10983.0,2.086393025070393
10984.0,2.0860767716575275
10985.0,2.013187676878145
10986.0,2.065283175361682
10987.0,2.03273929017821
10988.0,2.068003240920549
10989.0,1.9321280796812466
10990.0,2.0386148366096846
10991.0,1.9797802828169295
10992.0,2.069504678107029
10993.0,2.0799179350025443
10994.0,2.0272976684314528
10995.0,2.0021782472596916
10996.0,2.036133973501425
10997.0,1.6485879012636426
10998.0,1.9677046462857422
10999.0,1.9536725809997926
11000.0,1.9780583870792612
