wav,flux
3000.0,0.2503779589163792
3001.0,0.2268549379982887
3002.0,0.22501781664907872
3003.0,0.22925272167181504
3004.0,0.2473670864040312
3005.0,0.2899712367848493
3006.0,0.3183314312157692
3007.0,0.32463124129691534
3008.0,0.3224128601396217
3009.0,0.34483079799362043
3010.0,0.39794015806654565
3011.0,0.46987334054554614
3012.0,0.5023720101361359
3013.0,0.5161124372525643
3014.0,0.5438987439811707
3015.0,0.5532892869959127
3016.0,0.5503399571649302
3017.0,0.5304619935630711
3018.0,0.49365446120062967
3019.0,0.4604735548693625
3020.0,0.43497734798951165
3021.0,0.4096731527252147
3022.0,0.4326014943639355
3023.0,0.5409857985928811
3024.0,0.6445181047040692
3025.0,0.6865862417046352
3026.0,0.7171553166824397
3027.0,0.7782466354733509
3028.0,0.9789258519641071
3029.0,1.083250879637483
3030.0,1.1160015845915627
3031.0,1.1556348021713818
3032.0,1.1782336400741036
3033.0,1.2913751499942752
3034.0,1.3446000466635786
3035.0,1.3317386201272061
3036.0,1.3440516407295662
3037.0,1.2864175918119158
3038.0,1.1485878986628952
3039.0,1.1344321709766996
3040.0,1.2070568099708396
3041.0,1.201968395668918
3042.0,1.1912752150854404
3043.0,1.216901542132457
3044.0,1.3460060761632127
3045.0,1.4492753120971182
3046.0,1.5327339360718781
3047.0,1.5869829016273949
3048.0,1.481402268329324
3049.0,1.5567928679856262
3050.0,1.7965468316869495
3051.0,1.8915595768476905
3052.0,2.0222202893113734
3053.0,2.1568078278836085
3054.0,2.0052054084543074
3055.0,1.8407688148187524
3056.0,1.8329490933415244
3057.0,1.805043679116552
3058.0,1.6082405905111588
3059.0,1.5216477827969077
3060.0,1.5607083772048829
3061.0,1.7477053980112447
3062.0,1.8902261722207503
3063.0,1.9419131990475273
3064.0,1.9163572267880054
3065.0,1.8678086957914952
3066.0,1.9689317936521247
3067.0,1.963326571349948
3068.0,1.94895528987566
3069.0,2.1455589929605203
3070.0,2.4191570887239684
3071.0,2.5727176262139357
3072.0,2.652777574212367
3073.0,2.670510154130058
3074.0,2.778711838205769
3075.0,2.8630220660045858
3076.0,2.7585827834706023
3077.0,2.868559282981342
3078.0,2.976419731603232
3079.0,2.869235732832951
3080.0,2.977440866895396
3081.0,3.0236337105352646
3082.0,2.909576555063009
3083.0,2.8265836539605775
3084.0,2.9384628656712617
3085.0,3.220698098115542
3086.0,3.373238444573951
3087.0,3.261849560282768
3088.0,3.058118886271844
3089.0,2.9461222932527185
3090.0,2.929295101391748
3091.0,2.795226172334839
3092.0,2.625690664077038
3093.0,2.5227110107275523
3094.0,2.45842160782834
3095.0,2.7089261230830446
3096.0,2.9478163832779294
3097.0,2.8303891025066816
3098.0,2.6686540935740393
3099.0,2.803343327992676
3100.0,2.7019123307507447
3101.0,2.5248633492716506
3102.0,2.6343598676084907
3103.0,2.9794231970511222
3104.0,3.523238707946104
3105.0,3.98341684223122
3106.0,4.232578323950133
3107.0,4.484419742701772
3108.0,4.769899598629795
3109.0,5.062510611098941
3110.0,5.174850460183367
3111.0,5.088392721387967
3112.0,5.149615193170715
3113.0,5.212730240609638
3114.0,5.154370881047934
3115.0,4.913547886881759
3116.0,4.984632265197962
3117.0,4.82386532449153
3118.0,4.567715592504234
3119.0,4.507194683393996
3120.0,4.421540020847599
3121.0,4.3906539742539294
3122.0,4.436575137005765
3123.0,4.514040738934919
3124.0,4.814380633398825
3125.0,5.025922715998559
3126.0,4.850671632242126
3127.0,4.864945410480578
3128.0,5.048902701646179
3129.0,5.125287147763651
3130.0,5.187740580944361
3131.0,5.24981036279726
3132.0,5.226985916565152
3133.0,5.226253353804705
3134.0,5.169879461405875
3135.0,5.087790452431491
3136.0,5.301123748841337
3137.0,5.444053433394286
3138.0,5.690837316245601
3139.0,5.985253768074106
3140.0,6.062842052211864
3141.0,5.955644284975709
3142.0,5.948595874956685
3143.0,5.6972653445424255
3144.0,5.068171076367302
3145.0,4.66779376693466
3146.0,4.958980543996506
3147.0,5.403766840521792
3148.0,5.562958390067623
3149.0,5.893040660682555
3150.0,6.271486231023364
3151.0,6.270599182365453
3152.0,6.355748149720885
3153.0,6.308217280069882
3154.0,6.194603688976635
3155.0,5.79648014122441
3156.0,5.542882339994928
3157.0,5.166845278660304
3158.0,4.686827803542261
3159.0,4.437079999668992
3160.0,4.361078490489821
3161.0,4.459718443320954
3162.0,4.584136225860833
3163.0,4.935434693440699
3164.0,5.490041614336414
3165.0,5.740908873185787
3166.0,5.958269314528564
3167.0,6.2562170530803956
3168.0,6.736409898904364
3169.0,6.888982039172627
3170.0,7.106732236973746
3171.0,7.649276695398359
3172.0,8.115776554095337
3173.0,8.364830187942905
3174.0,8.388908885626648
3175.0,8.10255646419856
3176.0,7.666037123042456
3177.0,7.5983201248636885
3178.0,7.41056112982006
3179.0,6.733533040142095
3180.0,6.1339209325490955
3181.0,5.8488040541809525
3182.0,5.765245196878428
3183.0,5.833474599807433
3184.0,6.1227276928012975
3185.0,6.43222340653899
3186.0,6.776344310995922
3187.0,7.0926551702755924
3188.0,7.303583657115294
3189.0,7.6092650393831445
3190.0,8.100070737496823
3191.0,7.963893984670945
3192.0,7.2945605461452425
3193.0,6.6681279468093075
3194.0,6.4565310198977
3195.0,6.679587911894084
3196.0,6.886504007427523
3197.0,7.152720876870687
3198.0,7.494451157618166
3199.0,8.184093693509656
3200.0,8.353684798619486
3201.0,8.093307366900573
3202.0,8.553225652456499
3203.0,8.9697499018455
3204.0,9.247738206826746
3205.0,9.708109795087207
3206.0,9.618100605049381
3207.0,9.623154235683685
3208.0,9.597297931904004
3209.0,9.075237485973005
3210.0,8.41363140373013
3211.0,7.939925497807728
3212.0,7.477462787226135
3213.0,7.26281634692986
3214.0,7.199975521911527
3215.0,7.198951222766292
3216.0,7.700871059985232
3217.0,8.020907955427463
3218.0,8.181810251215856
3219.0,8.762754242135454
3220.0,8.668629876372188
3221.0,8.59096574471651
3222.0,8.505142709709427
3223.0,8.034628786066701
3224.0,8.104727042571747
3225.0,8.25568229270884
3226.0,7.559958260388009
3227.0,7.048019337154805
3228.0,6.866011946012318
3229.0,6.670364069261332
3230.0,6.71385240035607
3231.0,7.0007197664804615
3232.0,7.5682856956511255
3233.0,7.8773250175812795
3234.0,7.751407607572218
3235.0,7.547165644626495
3236.0,7.8155800470804495
3237.0,8.043683597874146
3238.0,8.448253205864914
3239.0,9.014819085632306
3240.0,8.948753213664125
3241.0,9.49246203999322
3242.0,9.64005103221326
3243.0,9.532533345946751
3244.0,9.582807810432763
3245.0,9.586881825214753
3246.0,9.75524422658726
3247.0,9.637861077720572
3248.0,9.001196649489094
3249.0,8.71590651843327
3250.0,8.910700871961877
3251.0,9.117730060609599
3252.0,9.359933543228323
3253.0,9.74712009649872
3254.0,10.01700756090684
3255.0,10.258408756189667
3256.0,11.205862216794362
3257.0,11.642942118839652
3258.0,11.822517680476114
3259.0,12.202130070387382
3260.0,12.626052504232469
3261.0,12.652039453312783
3262.0,12.547426102002087
3263.0,12.627256806187585
3264.0,12.601581118514225
3265.0,12.117515595643848
3266.0,11.98608920164457
3267.0,12.510916712191712
3268.0,12.652792748089315
3269.0,12.693535193826765
3270.0,12.558073515188054
3271.0,12.198591387856233
3272.0,11.692139454527702
3273.0,11.789210902252542
3274.0,12.095806446582605
3275.0,12.07931652568924
3276.0,12.29171508011521
3277.0,11.909630328919365
3278.0,11.542466306414887
3279.0,11.229299825379378
3280.0,10.82235348448456
3281.0,10.947291528826105
3282.0,11.153876297559833
3283.0,11.046812545874964
3284.0,11.209984122023236
3285.0,11.35591122921693
3286.0,11.117284123834255
3287.0,10.772408170221611
3288.0,10.763002592639628
3289.0,11.448658923625901
3290.0,12.452076383837335
3291.0,13.436202891197457
3292.0,13.591867300919386
3293.0,13.75263271648606
3294.0,14.177436855893415
3295.0,14.416230947725284
3296.0,14.279325973458263
3297.0,14.448309582285265
3298.0,14.48896457125205
3299.0,14.119228945125988
3300.0,14.118072183253767
3301.0,14.338870379633029
3302.0,13.924369690840848
3303.0,12.965142994953457
3304.0,12.60427706735635
3305.0,12.382535145522413
3306.0,11.72066566897725
3307.0,11.089331006267063
3308.0,11.350623709359127
3309.0,11.831351436183128
3310.0,11.983805545149215
3311.0,12.031528649415508
3312.0,12.234924645147105
3313.0,12.088156618451594
3314.0,12.027711112514625
3315.0,11.775927540396951
3316.0,11.788059975231604
3317.0,12.138808738413939
3318.0,12.250757887026836
3319.0,12.37017261229306
3320.0,12.472064309250543
3321.0,12.49214294247374
3322.0,12.495395004792208
3323.0,12.096020070632848
3324.0,11.873363254602909
3325.0,12.261223133591308
3326.0,12.816658437900063
3327.0,12.817587577576669
3328.0,12.363096117898941
3329.0,12.324857274313077
3330.0,11.94967040425855
3331.0,12.089831564265097
3332.0,12.50673876684642
3333.0,12.34987574223066
3334.0,12.421568597027743
3335.0,11.886331001157808
3336.0,11.203858757374952
3337.0,10.692001733159815
3338.0,10.939546457090303
3339.0,11.58014738948501
3340.0,11.904384191867392
3341.0,11.996799255387955
3342.0,12.277675012070707
3343.0,12.179178990868
3344.0,12.745268081937253
3345.0,13.117081674540037
3346.0,13.23732647772288
3347.0,13.196709968282867
3348.0,12.94961864211829
3349.0,12.632063924776181
3350.0,11.77867609938537
3351.0,12.131866424586653
3352.0,13.028493362793913
3353.0,13.432285276901949
3354.0,13.612211953611926
3355.0,13.474597025055903
3356.0,13.61206726648289
3357.0,13.366794004920946
3358.0,12.791914280599325
3359.0,11.431667132539111
3360.0,9.929326215817499
3361.0,9.128753620775104
3362.0,8.958321641505313
3363.0,9.821219075633056
3364.0,10.918632167466455
3365.0,11.58944436473937
3366.0,11.968027736656282
3367.0,11.473053309795553
3368.0,10.626474657745632
3369.0,10.098457174281021
3370.0,9.744558238746858
3371.0,9.8269488128899
3372.0,10.017443569205506
3373.0,9.988172638826375
3374.0,10.538479555309065
3375.0,11.277230895955157
3376.0,12.246564530876908
3377.0,13.064901469180526
3378.0,13.346405792955544
3379.0,12.950221039364546
3380.0,12.226269597756959
3381.0,11.416202650565383
3382.0,11.679099218547874
3383.0,12.440929191049625
3384.0,12.244489336235196
3385.0,12.379641487080539
3386.0,13.017075026204957
3387.0,13.457950223874384
3388.0,13.286462849888995
3389.0,12.863010450585262
3390.0,13.395691486402484
3391.0,13.478409663753299
3392.0,12.71678226648306
3393.0,12.151504002701977
3394.0,11.79776038982946
3395.0,12.314807178954789
3396.0,13.004776615291169
3397.0,13.550627368257246
3398.0,14.18091902766209
3399.0,14.688659431951827
3400.0,14.900982717645403
3401.0,15.48120616869004
3402.0,15.294264721030935
3403.0,14.681925159222887
3404.0,14.407781957541067
3405.0,13.95036101029988
3406.0,13.563201851894666
3407.0,13.51136065456664
3408.0,12.834238006706691
3409.0,12.81997156651451
3410.0,12.63816974508976
3411.0,12.608049382529066
3412.0,12.91266671587866
3413.0,12.682094845536993
3414.0,11.91705315176143
3415.0,11.450401388420802
3416.0,11.59115417897986
3417.0,12.468624582483686
3418.0,12.89526281563893
3419.0,13.301871280988133
3420.0,14.11004489078207
3421.0,14.592472264832466
3422.0,14.405995111191837
3423.0,14.00569970911087
3424.0,13.454727899090438
3425.0,13.327772794233224
3426.0,13.76599286015181
3427.0,13.738110222692582
3428.0,13.60479092209636
3429.0,14.162490595698754
3430.0,14.893363221280653
3431.0,15.387548901334466
3432.0,15.015241120799898
3433.0,14.37600792134078
3434.0,13.699134731373023
3435.0,13.809988575277401
3436.0,14.505464572017452
3437.0,13.942711119036156
3438.0,12.975284177116777
3439.0,12.279053849680006
3440.0,11.404699715379417
3441.0,9.868733422493015
3442.0,8.72888322405926
3443.0,8.649198351127366
3444.0,8.709258121030818
3445.0,9.114950754028884
3446.0,10.186946951005185
3447.0,10.60101785313018
3448.0,11.284175704179953
3449.0,12.252726730433247
3450.0,12.672105609310156
3451.0,13.373837751883968
3452.0,13.76738778052927
3453.0,13.148693981232402
3454.0,12.812968042567507
3455.0,13.613472987495083
3456.0,13.909709076019821
3457.0,13.381796832556725
3458.0,12.935972296364424
3459.0,12.310359698030831
3460.0,11.937184012640937
3461.0,11.734852887812096
3462.0,11.606370040248919
3463.0,11.917570454688518
3464.0,12.88304810210327
3465.0,13.44560528423535
3466.0,13.134240129601148
3467.0,12.462164627360739
3468.0,13.076327045578584
3469.0,13.880238121251327
3470.0,14.042718734525776
3471.0,14.466148149331051
3472.0,14.139434680628378
3473.0,13.180715423634553
3474.0,12.597634291322201
3475.0,11.664006048499552
3476.0,10.962411984327119
3477.0,10.737746625443512
3478.0,11.150874691476751
3479.0,12.080953077808514
3480.0,12.950921182687658
3481.0,13.435434475818639
3482.0,13.462157707984646
3483.0,13.349248928166134
3484.0,12.824154044152577
3485.0,12.769901313826965
3486.0,12.842688839230945
3487.0,13.285084423448918
3488.0,13.923203040052845
3489.0,13.571303518534823
3490.0,12.651762823445305
3491.0,11.9670760519172
3492.0,11.964436585106585
3493.0,12.008287638157787
3494.0,11.761589431870927
3495.0,12.730139904548576
3496.0,13.07168528984014
3497.0,12.662953962980465
3498.0,12.780218393380663
3499.0,13.637573311284559
3500.0,15.271123139273334
3501.0,15.835814569236893
3502.0,16.00310541337885
3503.0,16.260288218136942
3504.0,16.64230069897714
3505.0,16.897309319369363
3506.0,15.568866829029991
3507.0,14.707037082384852
3508.0,14.487955565094058
3509.0,14.780753296389932
3510.0,14.57141966096341
3511.0,13.583873029799669
3512.0,13.42199720499152
3513.0,13.117892751518303
3514.0,12.40775994776804
3515.0,12.056300592579754
3516.0,12.497730071277529
3517.0,13.865735001087018
3518.0,14.920316322796
3519.0,15.488360316540849
3520.0,15.080632307613882
3521.0,14.073127563298373
3522.0,12.997436255999427
3523.0,12.656886736280898
3524.0,12.128906246168256
3525.0,11.097755134532289
3526.0,11.041887487666116
3527.0,11.072683014693167
3528.0,12.163655256827992
3529.0,13.781633928075676
3530.0,14.908722741778114
3531.0,15.274278171565717
3532.0,15.610218891916272
3533.0,15.192795635646275
3534.0,15.19936144746914
3535.0,16.32651282747403
3536.0,16.42853616484782
3537.0,16.1829800332711
3538.0,16.242420168225298
3539.0,16.54358637501953
3540.0,17.493845960161035
3541.0,17.42322202760346
3542.0,16.58677020748801
3543.0,16.531103082123817
3544.0,16.900977353163942
3545.0,17.120756234569477
3546.0,16.851300361684597
3547.0,16.542476855088
3548.0,16.455236679292266
3549.0,16.01161744294392
3550.0,16.93845305592915
3551.0,17.244610507728403
3552.0,16.710714768096874
3553.0,15.906828365038905
3554.0,15.017215613099024
3555.0,14.61866241850763
3556.0,15.255492537219098
3557.0,16.308594156197366
3558.0,16.118476219462057
3559.0,15.88244990548293
3560.0,15.512669272120748
3561.0,15.853275342773069
3562.0,15.693209610077155
3563.0,15.885507516739112
3564.0,15.871823172356937
3565.0,14.347202752326762
3566.0,12.129379967074783
3567.0,11.13282939952126
3568.0,11.672791428832065
3569.0,12.187875974153556
3570.0,11.39228943422295
3571.0,10.613150453148958
3572.0,11.78083913664257
3573.0,11.883683914469787
3574.0,12.598251672903235
3575.0,12.722972421123888
3576.0,12.92952386402043
3577.0,13.189438032706631
3578.0,13.337245414120137
3579.0,12.483370393755216
3580.0,11.551704193717121
3581.0,10.801531533840137
3582.0,9.299097667884176
3583.0,9.28452946459849
3584.0,10.179104467472312
3585.0,10.278263675550315
3586.0,9.474238808933979
3587.0,9.557927859209084
3588.0,10.041203501926592
3589.0,11.11994173442927
3590.0,11.982730972291344
3591.0,13.0706870872868
3592.0,14.715605368278558
3593.0,15.4272912515905
3594.0,15.027016851250202
3595.0,15.376936048585117
3596.0,16.266644404714928
3597.0,17.000651581969155
3598.0,17.36410134913108
3599.0,17.225843423302315
3600.0,17.2885193853913
3601.0,17.59850068101488
3602.0,17.438870395833618
3603.0,15.948086875939218
3604.0,14.971722007073978
3605.0,14.638993726847147
3606.0,14.050147984334343
3607.0,13.967965466772494
3608.0,14.088439513658892
3609.0,12.925965006995122
3610.0,11.94408750661585
3611.0,12.416178495212854
3612.0,13.203892173446514
3613.0,13.968381580183436
3614.0,13.56247356124372
3615.0,13.737560890281664
3616.0,14.58079115513397
3617.0,14.715399934426184
3618.0,14.023664195359387
3619.0,12.481555755580118
3620.0,11.445054866226627
3621.0,12.56666901472488
3622.0,13.775770551890881
3623.0,14.708653604856712
3624.0,15.60978681819088
3625.0,15.369314003697834
3626.0,16.16601523122671
3627.0,17.45099340105716
3628.0,17.835903959791292
3629.0,17.49344135435724
3630.0,17.13024549962057
3631.0,15.650728703587733
3632.0,13.640678105022497
3633.0,13.181511522532869
3634.0,14.245029075705462
3635.0,14.557076342241114
3636.0,14.547309366508394
3637.0,15.46136718200462
3638.0,15.679546857884622
3639.0,16.197957095861742
3640.0,16.975152780728124
3641.0,17.256034900925066
3642.0,17.130342888141538
3643.0,16.67896357912172
3644.0,16.021770702127878
3645.0,15.583912603761522
3646.0,14.874747247582901
3647.0,15.015512671181613
3648.0,14.605520156385023
3649.0,13.775679922884995
3650.0,14.697883709123117
3651.0,15.250102819975611
3652.0,16.182224251679738
3653.0,16.98033142561093
3654.0,18.203883730376116
3655.0,18.31142412330846
3656.0,18.490797321785244
3657.0,18.68864177155009
3658.0,19.341247451639692
3659.0,19.458429602053002
3660.0,20.029914812327135
3661.0,19.816921571721146
3662.0,19.77967752621475
3663.0,19.620027707783443
3664.0,19.062665108695803
3665.0,18.619680984746765
3666.0,18.929575302850722
3667.0,19.098827666038307
3668.0,18.602878509383157
3669.0,18.807818802708024
3670.0,18.06913007986789
3671.0,17.732100135961204
3672.0,18.496362576305525
3673.0,19.378858212987257
3674.0,19.25192274540445
3675.0,18.709774409123913
3676.0,18.811322159640984
3677.0,18.749065867330632
3678.0,17.72655702895878
3679.0,16.780797384091702
3680.0,16.89166846759778
3681.0,16.078003809804187
3682.0,16.41126969556442
3683.0,17.050748677651434
3684.0,17.2619025242748
3685.0,17.725038016035622
3686.0,17.214406179826582
3687.0,16.692665243051792
3688.0,16.33224126602437
3689.0,16.261310871906723
3690.0,17.332768973536734
3691.0,18.326998178729262
3692.0,19.625800271245144
3693.0,20.28068056544944
3694.0,19.669353717988866
3695.0,18.853201495201425
3696.0,19.26356191760333
3697.0,19.462107387929567
3698.0,19.52967871677009
3699.0,19.873093143892913
3700.0,20.337831028474067
3701.0,20.767874385772704
3702.0,20.213230893742946
3703.0,19.52014611295853
3704.0,18.958586687202658
3705.0,17.341601583495798
3706.0,16.39286143314918
3707.0,15.566469189804101
3708.0,16.0497896435617
3709.0,16.13190450715612
3710.0,16.319375165203958
3711.0,16.987842654834903
3712.0,18.591343378131686
3713.0,19.353180358764153
3714.0,20.332858900071596
3715.0,21.213342239407147
3716.0,21.231079974975916
3717.0,20.410310415568055
3718.0,20.092255928932236
3719.0,19.271884117872414
3720.0,16.956085702352038
3721.0,14.630297234584601
3722.0,14.3845482947793
3723.0,14.652846334947968
3724.0,15.825055356167244
3725.0,17.710081110918193
3726.0,18.57617175374712
3727.0,19.391196975375813
3728.0,18.167643384884514
3729.0,16.917392853732817
3730.0,18.404109783593288
3731.0,18.06625074609952
3732.0,17.299816293380463
3733.0,16.554950459933277
3734.0,14.701478177442116
3735.0,13.062178749888563
3736.0,11.860748577722454
3737.0,12.161140709573615
3738.0,12.409294272425882
3739.0,13.50700522500588
3740.0,15.607365587490444
3741.0,16.570177300462706
3742.0,17.434731173731368
3743.0,17.05522523263849
3744.0,15.768817341820135
3745.0,14.480380441899024
3746.0,14.173677428855095
3747.0,12.935763817432525
3748.0,13.579537790567098
3749.0,13.471349271228588
3750.0,12.426117977011579
3751.0,12.938605412008176
3752.0,15.075981803115104
3753.0,17.297595200593786
3754.0,18.325935498212065
3755.0,19.39375703391125
3756.0,20.54654580575291
3757.0,20.767178686666863
3758.0,19.54589678213557
3759.0,16.860710000128208
3760.0,15.973767816565367
3761.0,17.314765231877168
3762.0,18.174003891072704
3763.0,18.16184462952553
3764.0,18.106671656446615
3765.0,17.186190883045228
3766.0,18.273082803315006
3767.0,18.557743902777286
3768.0,17.521793939269614
3769.0,17.81781210556506
3770.0,19.059025985421062
3771.0,19.014526353205316
3772.0,19.04528700666458
3773.0,20.43205496254943
3774.0,21.495661637447956
3775.0,21.93111370425246
3776.0,22.107227673958686
3777.0,22.245719341542436
3778.0,22.771761320533955
3779.0,22.839494316400845
3780.0,22.969045891941086
3781.0,23.917784636371866
3782.0,24.230518759833412
3783.0,23.979072064198004
3784.0,23.95596425135773
3785.0,23.94526198224272
3786.0,23.639235671137893
3787.0,21.409564844039554
3788.0,20.12844342635548
3789.0,19.588099304697828
3790.0,18.97644248595454
3791.0,18.283869392653845
3792.0,18.85209648057214
3793.0,19.364018199285585
3794.0,18.435676616336856
3795.0,17.58371141486221
3796.0,16.960284418170097
3797.0,17.23598770578784
3798.0,16.982557388163453
3799.0,15.943279535661196
3800.0,16.119644194379635
3801.0,17.49384667808725
3802.0,19.35857282536914
3803.0,19.8640219476454
3804.0,21.236565767445214
3805.0,21.999285605915258
3806.0,21.85283348971102
3807.0,21.538075593697894
3808.0,20.473017428764024
3809.0,20.76259738151622
3810.0,21.805762626949
3811.0,22.241621270537326
3812.0,22.018189145216557
3813.0,21.304011922243816
3814.0,19.519854561980303
3815.0,18.066719812558315
3816.0,17.128627345515362
3817.0,15.928345635286618
3818.0,16.8420188386597
3819.0,17.592321795926637
3820.0,16.738919310379988
3821.0,14.449776294262781
3822.0,13.605766114227974
3823.0,14.96067822273063
3824.0,15.591539168923912
3825.0,14.249421766563756
3826.0,12.62419161427263
3827.0,11.747359081822585
3828.0,11.826429441894305
3829.0,11.81640959522859
3830.0,11.997150204733593
3831.0,12.220567804537744
3832.0,12.551733476020571
3833.0,11.571014710198165
3834.0,10.936546660170311
3835.0,11.134130773412666
3836.0,11.688846202903068
3837.0,12.50787141070299
3838.0,12.702473442521306
3839.0,12.03729053407968
3840.0,12.045929167694725
3841.0,12.817376527356043
3842.0,13.441813389645182
3843.0,15.838649209128343
3844.0,17.40194773926159
3845.0,18.05467798424037
3846.0,18.83571307654164
3847.0,18.860567801718368
3848.0,19.1961232406991
3849.0,19.89628243222734
3850.0,19.43961278807279
3851.0,18.08880425619089
3852.0,18.347532740882443
3853.0,19.354531730843842
3854.0,18.9588652936367
3855.0,18.12276032178352
3856.0,17.63661190277124
3857.0,16.896579480002018
3858.0,16.786295694532953
3859.0,16.604113853919234
3860.0,15.007884386120216
3861.0,14.35422265524525
3862.0,15.376623840573481
3863.0,17.425311875806496
3864.0,19.205432472887246
3865.0,19.439127075668285
3866.0,19.226877132585226
3867.0,18.72583012922957
3868.0,18.958412125859557
3869.0,18.592395960742397
3870.0,18.24297315930337
3871.0,17.224967570416
3872.0,16.09399539031197
3873.0,15.791817076161063
3874.0,16.343459841090535
3875.0,18.10016536183881
3876.0,19.57184367060775
3877.0,19.49041516671211
3878.0,18.625487212383035
3879.0,16.955084060144006
3880.0,16.541771841829625
3881.0,17.514297650096044
3882.0,17.25301899754883
3883.0,16.53518446614735
3884.0,16.557759477487807
3885.0,18.265590563370125
3886.0,17.977065304004114
3887.0,16.473696041177412
3888.0,16.370529086353592
3889.0,17.222764908964376
3890.0,16.902561136677065
3891.0,18.222111687694067
3892.0,19.90229890794618
3893.0,21.215018612397746
3894.0,21.553569900947455
3895.0,21.738599282519672
3896.0,21.788489397124916
3897.0,21.758413500328086
3898.0,23.1416888784483
3899.0,22.651669524172714
3900.0,22.44601429813938
3901.0,22.06567156705808
3902.0,22.87502221033917
3903.0,22.91585311863714
3904.0,21.360477057156654
3905.0,21.454090411145014
3906.0,21.101037069587612
3907.0,20.461314619758767
3908.0,22.145862094817108
3909.0,23.598889057804637
3910.0,24.307512770293364
3911.0,24.34880522995102
3912.0,24.664634141509904
3913.0,25.52740321295193
3914.0,25.4696062904939
3915.0,24.686154652174377
3916.0,24.868778093576033
3917.0,24.24516496319045
3918.0,23.782813735477774
3919.0,23.402814704344674
3920.0,22.30851030749973
3921.0,21.14373651861734
3922.0,19.68157490598194
3923.0,19.80187073870401
3924.0,19.43180775710014
3925.0,19.564641032797276
3926.0,18.75537531829244
3927.0,17.283588922092783
3928.0,15.91843815785456
3929.0,13.864658656770734
3930.0,12.325154250661333
3931.0,10.991061345961157
3932.0,9.702058162899299
3933.0,8.640681286146222
3934.0,7.657211134884729
3935.0,7.354056933172324
3936.0,7.939499074400583
3937.0,9.01407774998833
3938.0,10.41810325120931
3939.0,12.037699240200919
3940.0,13.805263445783897
3941.0,15.475094291219953
3942.0,16.408074747175068
3943.0,17.34599492901441
3944.0,17.888175653776354
3945.0,17.92057039511744
3946.0,19.472747415399965
3947.0,21.729505633779176
3948.0,22.407051492362722
3949.0,22.540733819270194
3950.0,23.475681205626067
3951.0,24.581282596506178
3952.0,25.212509654438094
3953.0,24.9057097249964
3954.0,24.22185474497009
3955.0,25.35755673112185
3956.0,25.20096240157244
3957.0,24.07405954746083
3958.0,23.799168291165866
3959.0,23.928537320202203
3960.0,23.627116690378397
3961.0,22.02039477631776
3962.0,19.03595843414153
3963.0,16.768791132586664
3964.0,15.981533102839728
3965.0,14.887795603497825
3966.0,13.50417955755182
3967.0,11.66155051972928
3968.0,10.230284216596273
3969.0,9.166299115867057
3970.0,9.028394470271703
3971.0,10.05793824479059
3972.0,11.519476458579575
3973.0,13.036095848294371
3974.0,14.766076245505756
3975.0,16.349906892646818
3976.0,18.672397866162367
3977.0,20.279215738398346
3978.0,21.908315258899886
3979.0,23.713909646901655
3980.0,25.355111175388878
3981.0,26.79908757582129
3982.0,27.261958856820307
3983.0,27.221372373163618
3984.0,27.459127351665565
3985.0,27.544822870779427
3986.0,28.19283523595969
3987.0,28.240181317567338
3988.0,28.398312966194133
3989.0,30.00444698019824
3990.0,30.04729553790639
3991.0,29.807386973301117
3992.0,30.410486001832638
3993.0,30.677972511314366
3994.0,30.967297273586194
3995.0,30.57778744533362
3996.0,30.22180826653195
3997.0,30.04775152568335
3998.0,29.334893756227455
3999.0,29.343334327970105
4000.0,30.843216410964736
4001.0,31.282599236616317
4002.0,30.859563637525568
4003.0,31.220016271506722
4004.0,31.520228634419766
4005.0,30.582443347079412
4006.0,28.287217306884834
4007.0,28.077199200895514
4008.0,29.02466737939214
4009.0,30.341465136165834
4010.0,30.59598001396407
4011.0,30.73182123531249
4012.0,31.127752577617528
4013.0,31.31621172043876
4014.0,31.620530788113662
4015.0,31.348136576611992
4016.0,31.677309495830638
4017.0,31.861501936874646
4018.0,31.027401276489122
4019.0,31.00761227949735
4020.0,32.289620851890014
4021.0,32.171784420342085
4022.0,31.94470999224981
4023.0,31.94260900219041
4024.0,32.188303761019185
4025.0,31.779116227044078
4026.0,31.369821785691535
4027.0,31.884979010582196
4028.0,32.22501827932339
4029.0,32.22065375618981
4030.0,31.82590051770786
4031.0,30.098851850723932
4032.0,28.82280769680403
4033.0,28.97963355026636
4034.0,28.50681984987519
4035.0,29.048069927970012
4036.0,29.62326230570463
4037.0,30.846910823034285
4038.0,31.9575264281591
4039.0,32.53892339101533
4040.0,32.36537568173932
4041.0,31.747976480006965
4042.0,31.118339382487296
4043.0,31.71794097532954
4044.0,31.54063003934285
4045.0,29.598775369158727
4046.0,26.66466057408645
4047.0,25.62540268939903
4048.0,28.395843954977988
4049.0,30.29192798931954
4050.0,30.73703063011475
4051.0,31.523533973771325
4052.0,31.75167945818367
4053.0,30.96746193743422
4054.0,30.594247040443022
4055.0,30.445303063033773
4056.0,29.81375063900574
4057.0,30.056580463118358
4058.0,29.47861216086561
4059.0,28.557129945748187
4060.0,29.07202440540116
4061.0,30.172500147319138
4062.0,30.36142787840383
4063.0,29.221338201113742
4064.0,27.234653406242384
4065.0,26.18056773984343
4066.0,28.337312973703217
4067.0,28.56456225343259
4068.0,28.401111128715534
4069.0,29.876492181702226
4070.0,31.60022259940724
4071.0,31.276597974377935
4072.0,28.33602402838505
4073.0,27.456507849986874
4074.0,30.26777699651031
4075.0,31.040408079588257
4076.0,30.423065005445523
4077.0,29.33477071096068
4078.0,27.79805862861964
4079.0,27.834522879569935
4080.0,29.221650814682086
4081.0,30.82135870489713
4082.0,32.41722806426149
4083.0,32.69991153475706
4084.0,31.910975798288398
4085.0,31.023627634236885
4086.0,31.012910634714057
4087.0,32.15554947373853
4088.0,33.58998063733338
4089.0,34.95644083440556
4090.0,35.29551552690309
4091.0,35.1082310473003
4092.0,34.22257701239255
4093.0,35.60862095865755
4094.0,34.875253693957006
4095.0,33.9045360211703
4096.0,33.38387919420662
4097.0,33.76587979698212
4098.0,31.830114979790082
4099.0,30.59196978521585
4100.0,28.93050489507512
4101.0,26.886190029048116
4102.0,26.0096443401506
4103.0,25.935944244936735
4104.0,26.19679281196258
4105.0,29.15819531182596
4106.0,32.20696821403234
4107.0,33.70216514775758
4108.0,34.48067728573659
4109.0,35.07702008261801
4110.0,34.743191725168984
4111.0,34.85790183131245
4112.0,34.12175424358892
4113.0,34.926234019415496
4114.0,34.86086319275981
4115.0,35.059559482719116
4116.0,35.75743593420062
4117.0,37.20882274229792
4118.0,35.71680636940326
4119.0,36.45396344146746
4120.0,36.5070623873428
4121.0,35.476430667157665
4122.0,34.34454460989492
4123.0,35.253781549680454
4124.0,35.773059164755274
4125.0,34.64637918472474
4126.0,35.59158015804138
4127.0,34.67069189257774
4128.0,35.28383359604522
4129.0,34.558466096440924
4130.0,35.17436085744316
4131.0,32.74762215277933
4132.0,33.26278434560294
4133.0,32.35400896119894
4134.0,31.253957100439898
4135.0,31.828571463554713
4136.0,32.74562304318585
4137.0,34.80176764856701
4138.0,36.2591539038561
4139.0,37.81530182277456
4140.0,37.70206224304824
4141.0,36.89497216877642
4142.0,35.620233795590146
4143.0,31.827097710063015
4144.0,32.02974338621991
4145.0,32.05106886730939
4146.0,32.70928312041327
4147.0,33.458046614957716
4148.0,36.565290327624176
4149.0,35.242365534334866
4150.0,35.8808166140608
4151.0,34.827222584124414
4152.0,36.383587353328096
4153.0,33.51865141917081
4154.0,34.289155927854154
4155.0,34.70392052041408
4156.0,33.60665485527175
4157.0,32.31302112545459
4158.0,32.98469287834098
4159.0,35.659627754745785
4160.0,34.50592730773382
4161.0,35.9738714073015
4162.0,36.49589288864872
4163.0,37.106196370868076
4164.0,36.4027336670972
4165.0,36.96902078993353
4166.0,36.109885038575364
4167.0,34.61778513562679
4168.0,34.69739984190061
4169.0,34.70615097296692
4170.0,34.08917909132744
4171.0,32.501611810212836
4172.0,32.83765034425593
4173.0,31.899978367989323
4174.0,31.09573202243482
4175.0,30.64904775990551
4176.0,30.787198333925286
4177.0,31.466134594998984
4178.0,32.760632769636814
4179.0,34.20545040297783
4180.0,34.34483377298264
4181.0,33.4892040666508
4182.0,34.4819200826559
4183.0,35.075404883053054
4184.0,33.81370609042675
4185.0,33.393865878355264
4186.0,32.67542016504045
4187.0,32.30994649302907
4188.0,31.366726380431942
4189.0,31.663770264525034
4190.0,31.78410479992473
4191.0,32.76747737702476
4192.0,36.16684941175366
4193.0,35.485254696874975
4194.0,35.21261953201818
4195.0,33.17489318593315
4196.0,33.827658326076346
4197.0,32.24448789548043
4198.0,30.643502283382976
4199.0,31.42219757550584
4200.0,32.353599475757036
4201.0,31.20254123950771
4202.0,30.508767915782386
4203.0,32.31014081911416
4204.0,31.802282614746684
4205.0,33.698941583952426
4206.0,33.95483670295736
4207.0,36.23035889536632
4208.0,37.40719066872644
4209.0,36.78834222650951
4210.0,36.189141208298395
4211.0,37.04625690447949
4212.0,36.367401219641394
4213.0,34.77383825868935
4214.0,33.85903847777865
4215.0,32.60040127472696
4216.0,31.806761982391965
4217.0,32.07578796745755
4218.0,32.60659770365224
4219.0,32.55950223482918
4220.0,35.73446731126487
4221.0,36.27589062557182
4222.0,36.98938286597904
4223.0,36.489283584433075
4224.0,35.84610034976414
4225.0,32.66291652485677
4226.0,27.585758685364997
4227.0,26.507788057315814
4228.0,26.0969813365633
4229.0,26.36349446405359
4230.0,29.553384947034104
4231.0,34.825829029966556
4232.0,35.40462590552146
4233.0,35.32190632826828
4234.0,37.16455159498677
4235.0,33.92803989076738
4236.0,31.783975300741506
4237.0,31.985534940803852
4238.0,32.01955777515207
4239.0,29.229101368029394
4240.0,31.25869397745135
4241.0,33.80788312882344
4242.0,32.995816780110005
4243.0,34.018676373154065
4244.0,35.83644789473152
4245.0,36.63928272830423
4246.0,34.8912108495505
4247.0,35.33368848524371
4248.0,34.35662446788118
4249.0,31.744096576466703
4250.0,29.81012868394856
4251.0,31.699683029576697
4252.0,33.13188737199694
4253.0,32.990508378506895
4254.0,32.96130168133602
4255.0,34.343041690600536
4256.0,34.67372453092403
4257.0,34.01994473571081
4258.0,33.10134578568265
4259.0,31.93514799120145
4260.0,30.973772681792255
4261.0,28.948995287319406
4262.0,28.981982196689597
4263.0,30.129323540759966
4264.0,31.779504677671827
4265.0,35.59268905686061
4266.0,36.93185406200018
4267.0,35.08158716529267
4268.0,35.491895088957676
4269.0,35.12110891454645
4270.0,32.85162543202407
4271.0,29.286748431118276
4272.0,30.549101871266494
4273.0,28.715435818529418
4274.0,27.618853011826378
4275.0,28.189425096551965
4276.0,31.877846088322777
4277.0,32.52617373778818
4278.0,34.533650478427155
4279.0,34.31747937037219
4280.0,33.85269213962533
4281.0,33.48611330840386
4282.0,32.555792148209584
4283.0,32.381281960975954
4284.0,32.43994768671672
4285.0,32.759540508943715
4286.0,32.16919901981795
4287.0,33.438885366511755
4288.0,30.610781677517373
4289.0,29.007631433034692
4290.0,28.307355133644535
4291.0,28.636112044336617
4292.0,28.474267416466404
4293.0,28.44002995010828
4294.0,29.80323128687076
4295.0,31.959689492121168
4296.0,31.92807231837226
4297.0,31.285071224926472
4298.0,28.931957877961764
4299.0,27.25449997255505
4300.0,25.17611013738707
4301.0,24.336215249955732
4302.0,22.948334049054687
4303.0,23.092051529898363
4304.0,24.112813922560022
4305.0,25.834715504630914
4306.0,24.981758411155994
4307.0,23.403314459632725
4308.0,22.35768974396348
4309.0,21.3569122769142
4310.0,20.672976777381827
4311.0,19.47669420026761
4312.0,21.331447597303494
4313.0,23.94119178368603
4314.0,25.722719282336822
4315.0,29.094864950405146
4316.0,32.4275757480229
4317.0,37.03398300399223
4318.0,38.88913618660167
4319.0,41.54309004335074
4320.0,41.69973237993217
4321.0,43.00755909011728
4322.0,39.827175006102635
4323.0,36.8679900980256
4324.0,32.89402953595098
4325.0,29.494236030946613
4326.0,27.54940218777237
4327.0,27.423645321352332
4328.0,31.28869431635429
4329.0,33.6706862778117
4330.0,37.21547383583314
4331.0,40.02154914262084
4332.0,39.94963091485663
4333.0,39.47802571402671
4334.0,38.89648114051348
4335.0,40.41086935089964
4336.0,38.32293327338324
4337.0,36.08886323500869
4338.0,34.163773366505154
4339.0,30.608682949706683
4340.0,26.895550274480538
4341.0,25.711574219575745
4342.0,26.773816369772483
4343.0,27.090787912925485
4344.0,30.038216583317546
4345.0,33.469830953228694
4346.0,35.27576914318799
4347.0,34.71670436715377
4348.0,36.01765195080362
4349.0,37.04649962214468
4350.0,35.22768900329385
4351.0,32.66683157780996
4352.0,32.19036015005273
4353.0,33.2359078517281
4354.0,32.49249657985956
4355.0,32.692540099152254
4356.0,36.728669822739306
4357.0,39.73815287765073
4358.0,39.033906228798294
4359.0,38.805735984071205
4360.0,39.671071417170964
4361.0,40.66756507543701
4362.0,38.54189749674349
4363.0,39.277441743956224
4364.0,41.59826598812004
4365.0,41.94783263399479
4366.0,40.05269025348918
4367.0,38.72675707665304
4368.0,40.019742485728436
4369.0,37.92775492584092
4370.0,36.02774862055906
4371.0,36.04699247159993
4372.0,36.937903379139854
4373.0,35.44682344357644
4374.0,34.69828467167652
4375.0,33.43109632380729
4376.0,33.69104821860412
4377.0,33.732089521047335
4378.0,34.242133172672204
4379.0,35.605077359006394
4380.0,37.67211746701149
4381.0,38.767485789575716
4382.0,35.661547096221376
4383.0,32.08758189493175
4384.0,29.123943223092926
4385.0,29.611214847420783
4386.0,28.388818444176845
4387.0,30.108113124458928
4388.0,35.14363483529283
4389.0,37.50873975228756
4390.0,37.13827845586587
4391.0,36.490091560909356
4392.0,37.59105480531882
4393.0,36.958496516718185
4394.0,36.9718298794317
4395.0,37.35785727646369
4396.0,37.282290237003856
4397.0,37.17962503909052
4398.0,37.74152597536595
4399.0,36.77723905665026
4400.0,36.42545416678265
4401.0,36.839495749792334
4402.0,37.185482937607986
4403.0,36.08927181446435
4404.0,33.67194670093408
4405.0,34.677981451847415
4406.0,35.57925485855009
4407.0,33.68712126678037
4408.0,33.461408756750934
4409.0,37.327102080491656
4410.0,38.723429021959674
4411.0,39.30997838845032
4412.0,40.8589889121208
4413.0,41.530506806642194
4414.0,39.01006905270447
4415.0,38.01729287972216
4416.0,37.119519520990345
4417.0,36.76586564687617
4418.0,38.201274288801514
4419.0,40.97127637370636
4420.0,43.851782368766976
4421.0,43.87043224575461
4422.0,43.37728416590058
4423.0,42.21171401318965
4424.0,41.74040800762048
4425.0,40.52017555728323
4426.0,40.01600615703246
4427.0,40.708927510781535
4428.0,41.42166464691933
4429.0,39.606328409840366
4430.0,39.40412237221227
4431.0,39.76987708319461
4432.0,40.339255830669885
4433.0,39.33509528333107
4434.0,38.73880946065892
4435.0,39.68749276054213
4436.0,38.84421588325542
4437.0,39.431641651221064
4438.0,41.17070055668502
4439.0,42.0650000907083
4440.0,43.446259912063205
4441.0,43.08189186929144
4442.0,41.13182049801843
4443.0,39.671845965716585
4444.0,40.053398727222195
4445.0,41.14967939349757
4446.0,41.02106948632787
4447.0,42.36353536159422
4448.0,44.088814656759375
4449.0,43.37428803446327
4450.0,41.845027055637594
4451.0,41.9982904391722
4452.0,42.43238536019361
4453.0,41.32393674133773
4454.0,38.71357479668701
4455.0,38.49612373478957
4456.0,37.813516741806154
4457.0,37.077304739102985
4458.0,35.73750249712482
4459.0,37.27727057612518
4460.0,37.843323493888825
4461.0,36.2570051219541
4462.0,37.2924477813067
4463.0,38.95263740025727
4464.0,39.291515362767846
4465.0,39.73093495020294
4466.0,41.25326653150173
4467.0,42.43441752777457
4468.0,40.88583475365054
4469.0,40.684437238719376
4470.0,40.0568599340193
4471.0,41.87108360739183
4472.0,41.03165295902424
4473.0,42.40654354833442
4474.0,44.12287204317157
4475.0,43.76800994192615
4476.0,43.71232450929138
4477.0,44.73008163792624
4478.0,44.878702735921046
4479.0,42.91057212589016
4480.0,42.49604771920619
4481.0,41.814878798935425
4482.0,40.60220890165321
4483.0,39.4732455027586
4484.0,40.747567582677796
4485.0,41.772441050537935
4486.0,43.66696413410346
4487.0,44.6411634833584
4488.0,43.75614223484923
4489.0,42.56273488703657
4490.0,42.177088012280656
4491.0,42.035678672214665
4492.0,42.68008745606916
4493.0,42.52090218284583
4494.0,42.912958605658055
4495.0,42.90837707657528
4496.0,42.3245451718198
4497.0,41.85547709012145
4498.0,41.40345790580772
4499.0,43.20760290294916
4500.0,43.37232358879596
4501.0,43.40727302255908
4502.0,43.53381181964725
4503.0,44.71198952190389
4504.0,44.36424921747671
4505.0,44.855941927855206
4506.0,46.15069931316428
4507.0,46.655443059688416
4508.0,46.293102020153725
4509.0,46.386902440523734
4510.0,45.937451158175875
4511.0,45.82633592744213
4512.0,45.46202829190435
4513.0,45.5907845754566
4514.0,44.792198242577186
4515.0,45.24072392963091
4516.0,45.340682394443725
4517.0,44.13200087215723
4518.0,43.5805811753908
4519.0,43.63229295211019
4520.0,44.37668093811242
4521.0,43.46007313991028
4522.0,43.036967264006094
4523.0,44.875451594252446
4524.0,44.01885494246189
4525.0,43.643522416433576
4526.0,41.362625154574324
4527.0,41.49292193606573
4528.0,39.27325897313041
4529.0,39.65867664544535
4530.0,37.65834849892359
4531.0,39.07670894821903
4532.0,39.26641486301501
4533.0,40.25841011815335
4534.0,39.63245429567775
4535.0,38.118748613575896
4536.0,40.57164482919628
4537.0,41.32351978437368
4538.0,42.64225149017036
4539.0,43.63950482775011
4540.0,44.84879762664827
4541.0,44.997767845457155
4542.0,44.66651644725916
4543.0,44.26500431498688
4544.0,42.73439481621114
4545.0,42.8837025797545
4546.0,43.14668761227269
4547.0,42.737534762211894
4548.0,40.89007563417777
4549.0,40.765578873173816
4550.0,42.442960310313104
4551.0,42.776828197776126
4552.0,43.58728925633576
4553.0,42.97619293581572
4554.0,44.3586412179641
4555.0,41.998579272716
4556.0,41.89500668032667
4557.0,42.03946129842875
4558.0,41.87890175524647
4559.0,42.3570491796117
4560.0,43.95915928403159
4561.0,45.726415521424784
4562.0,45.31199202311449
4563.0,45.42143965636797
4564.0,45.102380901113314
4565.0,44.48264049816554
4566.0,43.63688074801966
4567.0,43.72505009981225
4568.0,44.196407792903486
4569.0,44.78511887810622
4570.0,45.758950987562585
4571.0,44.64460616457698
4572.0,44.51710942429498
4573.0,45.03481818092852
4574.0,44.84424633841788
4575.0,45.00358594808188
4576.0,46.6286054387465
4577.0,46.91670085206122
4578.0,46.06991689796612
4579.0,45.01877751984376
4580.0,43.64674026720269
4581.0,42.40288733014062
4582.0,41.37318212017144
4583.0,40.623475624993986
4584.0,41.45858196343385
4585.0,41.603174350560494
4586.0,42.87463089141348
4587.0,42.73720075400015
4588.0,44.27274964305568
4589.0,44.50284615346102
4590.0,44.90580834950062
4591.0,44.66284014520477
4592.0,44.54463853822486
4593.0,44.73892571607048
4594.0,44.13499783583875
4595.0,43.04288561337081
4596.0,43.45288143189245
4597.0,44.41338011142743
4598.0,43.99428427728368
4599.0,43.831236493753124
4600.0,43.43157034924499
4601.0,43.63227127621877
4602.0,42.69691169509191
4603.0,43.34866140430258
4604.0,42.31152841137712
4605.0,43.31379000551909
4606.0,43.982325636916514
4607.0,44.43353942683386
4608.0,45.58485217956732
4609.0,46.705822545478625
4610.0,46.93026895211056
4611.0,46.55392582296616
4612.0,46.87036188332416
4613.0,45.44657114714993
4614.0,45.31841149524889
4615.0,45.54382872274538
4616.0,46.45288099377731
4617.0,45.45734469298698
4618.0,45.03681536344001
4619.0,44.68374277008677
4620.0,44.3103055337963
4621.0,44.77540715672821
4622.0,45.09413787164339
4623.0,47.03116710432478
4624.0,47.418387865691344
4625.0,47.292197554224074
4626.0,46.559914281951954
4627.0,46.90215409087944
4628.0,46.342676369906314
4629.0,45.10845909646786
4630.0,45.40187285149698
4631.0,46.005879062605494
4632.0,45.055835420746305
4633.0,44.853720888120414
4634.0,46.44507253170682
4635.0,45.56939288757163
4636.0,44.72312429167611
4637.0,43.65291527691633
4638.0,43.33213053638609
4639.0,42.00258886214535
4640.0,43.263376668621326
4641.0,44.517461001369476
4642.0,46.08794586333726
4643.0,46.38791958486808
4644.0,47.25264300567788
4645.0,46.49343056300488
4646.0,45.30344402034599
4647.0,44.244154778766784
4648.0,43.052979228878336
4649.0,42.764288021727616
4650.0,42.1129524687347
4651.0,42.06012173291098
4652.0,42.72325077397418
4653.0,43.30482238230485
4654.0,43.236917943755124
4655.0,43.43638322763488
4656.0,43.17958136398365
4657.0,43.05974590546468
4658.0,43.33904393156028
4659.0,45.459266422906914
4660.0,45.842286494669686
4661.0,46.0234841326355
4662.0,45.94361550584989
4663.0,45.41450316849054
4664.0,44.642978165958056
4665.0,43.63225376869565
4666.0,43.12484235854191
4667.0,41.56205584257026
4668.0,41.19551499354024
4669.0,40.825338286873794
4670.0,40.8253505364049
4671.0,41.82752419278908
4672.0,42.96744063185799
4673.0,43.94625063517102
4674.0,44.397579037173315
4675.0,44.89569860929693
4676.0,45.0319422804767
4677.0,45.350905053108114
4678.0,45.4241452027634
4679.0,44.435853640181286
4680.0,44.33612752197874
4681.0,43.55046099374043
4682.0,43.0111303339624
4683.0,42.77347018830355
4684.0,43.427988484590166
4685.0,43.984310291726004
4686.0,43.695371082774095
4687.0,43.57360361571292
4688.0,44.08665373810535
4689.0,44.30796211589966
4690.0,44.15358065880227
4691.0,43.699325487227064
4692.0,44.558347951352374
4693.0,44.95593494390104
4694.0,45.469394690279266
4695.0,45.71330182119606
4696.0,46.33140358174614
4697.0,45.85967511195471
4698.0,44.64905733588461
4699.0,44.15300829535497
4700.0,43.44809916748112
4701.0,43.05506929409558
4702.0,41.80623265558005
4703.0,42.49190791104594
4704.0,42.30203393322248
4705.0,42.28607758760886
4706.0,42.02410353251441
4707.0,42.03547983869978
4708.0,42.31511198316136
4709.0,41.59253389136431
4710.0,42.659361153376686
4711.0,43.000126379396605
4712.0,44.81447005927978
4713.0,44.747176813489844
4714.0,45.265877172734115
4715.0,45.21755023625157
4716.0,45.00384997198
4717.0,45.0159314249752
4718.0,45.051473697497585
4719.0,46.67940500231872
4720.0,46.81678987394628
4721.0,46.748878305532116
4722.0,46.01582097213804
4723.0,46.26855250728247
4724.0,46.48032512010652
4725.0,46.655843126416926
4726.0,46.41559111551577
4727.0,46.30930883535036
4728.0,45.77410407846413
4729.0,45.26607604246594
4730.0,44.38010431021545
4731.0,43.66910985193262
4732.0,44.782803315953636
4733.0,44.84341289398642
4734.0,45.73255812035163
4735.0,45.405498421253526
4736.0,45.19402979329339
4737.0,45.44131740933487
4738.0,45.56391499209914
4739.0,45.36911036356551
4740.0,45.28026768016953
4741.0,45.907187528086965
4742.0,46.77068612076458
4743.0,46.971754294241016
4744.0,47.1043371373184
4745.0,46.073959389036155
4746.0,46.58532930618479
4747.0,46.42415883399592
4748.0,46.683796810387946
4749.0,46.07984340945778
4750.0,47.293678670047754
4751.0,47.48971227189579
4752.0,47.663620427402115
4753.0,46.763438025746694
4754.0,46.97121598651802
4755.0,46.48301702056009
4756.0,45.94350027923309
4757.0,45.82702758867462
4758.0,45.6285388384344
4759.0,46.42244527718416
4760.0,46.38351693818693
4761.0,46.72200995851686
4762.0,46.12055616183906
4763.0,45.60737441745716
4764.0,45.51146835716052
4765.0,44.05764477074484
4766.0,43.53832409405394
4767.0,44.08932650730496
4768.0,44.09467096002746
4769.0,44.783745608611596
4770.0,45.40631609223856
4771.0,46.48692044740691
4772.0,46.20518662219485
4773.0,47.2728718312294
4774.0,47.516139939216075
4775.0,47.57397682196186
4776.0,47.42323432551264
4777.0,48.31055438713053
4778.0,48.80327319702843
4779.0,48.13536358248465
4780.0,48.19484375222846
4781.0,48.78677088060033
4782.0,48.42445346501932
4783.0,47.91419207753854
4784.0,48.60212330858956
4785.0,48.25768770834764
4786.0,47.11446191958722
4787.0,47.05566827845419
4788.0,46.717191311192344
4789.0,45.40931285166556
4790.0,45.40691496638982
4791.0,46.504383383750934
4792.0,46.040451424656084
4793.0,46.4658648034658
4794.0,47.90046661706024
4795.0,48.449652760582836
4796.0,48.776506870606156
4797.0,49.60763039121688
4798.0,49.01390050880533
4799.0,48.517366361480256
4800.0,47.56130931168817
4801.0,47.637744752170754
4802.0,46.91883155871385
4803.0,47.741753325133566
4804.0,47.92173919309747
4805.0,48.6284077166769
4806.0,48.288952778628406
4807.0,48.063337464809095
4808.0,47.89852882450699
4809.0,47.829502494476124
4810.0,47.823711057739395
4811.0,47.47734230197335
4812.0,47.642325579081955
4813.0,47.44445687496916
4814.0,47.332389219372416
4815.0,48.154685632912475
4816.0,48.57428755779572
4817.0,48.14362477319427
4818.0,48.69346975323222
4819.0,49.44104976967878
4820.0,48.82948910810291
4821.0,48.47056639760416
4822.0,48.89690582077505
4823.0,47.80815346495607
4824.0,47.48360497407966
4825.0,47.81220499272987
4826.0,47.78775655820772
4827.0,47.93811961278879
4828.0,48.59355906280471
4829.0,48.612137027542836
4830.0,47.95880114243069
4831.0,47.62712905191676
4832.0,46.953371254019615
4833.0,47.19921373843603
4834.0,47.82686962875769
4835.0,47.49942913134441
4836.0,48.06250666139919
4837.0,48.51526570114495
4838.0,47.836717417741134
4839.0,46.79820494975364
4840.0,46.21994245795914
4841.0,46.38255779800941
4842.0,45.416493455938024
4843.0,45.49744728632167
4844.0,46.54013276821356
4845.0,47.85518529533213
4846.0,48.483472986756155
4847.0,47.872250459330296
4848.0,48.04762759494167
4849.0,47.903946043405334
4850.0,47.37083298480421
4851.0,46.40316984166576
4852.0,46.88518060348686
4853.0,47.30315064266804
4854.0,46.083149285235464
4855.0,44.33899608678499
4856.0,44.276199078799834
4857.0,43.793374464993086
4858.0,42.49178570988425
4859.0,40.256691612146305
4860.0,37.905196597065014
4861.0,34.490552335056314
4862.0,32.98999769072762
4863.0,31.879367982713067
4864.0,33.283790143475215
4865.0,35.69168956388743
4866.0,39.783002225956125
4867.0,41.528221758198335
4868.0,42.871548666139695
4869.0,43.834940382492256
4870.0,43.00130661447342
4871.0,41.61112878286978
4872.0,41.63187256160189
4873.0,41.79169774204117
4874.0,41.816807265766606
4875.0,41.51261977392284
4876.0,43.80216792300633
4877.0,44.28610645781473
4878.0,44.612128918947704
4879.0,45.51471796174629
4880.0,46.535040342884145
4881.0,46.27624594238962
4882.0,46.75799637573053
4883.0,47.86737975706467
4884.0,47.106684512294045
4885.0,46.21192912414313
4886.0,46.045297255877166
4887.0,46.23693171788875
4888.0,44.962328194529725
4889.0,44.75760971831898
4890.0,42.80216563490566
4891.0,42.057997611130574
4892.0,42.227818060995205
4893.0,42.19433500893479
4894.0,43.05376264125103
4895.0,44.48281908312691
4896.0,47.61988813629372
4897.0,48.48685912222315
4898.0,49.80210862381531
4899.0,49.550330198148686
4900.0,49.489303319882445
4901.0,49.73720295195758
4902.0,48.571441335638134
4903.0,47.74978304176139
4904.0,47.682551000097014
4905.0,48.788334986117974
4906.0,49.02588937901767
4907.0,48.506128564909126
4908.0,49.2799669283748
4909.0,48.10911841166634
4910.0,46.70496129020819
4911.0,44.89440767742625
4912.0,44.59115431023108
4913.0,44.91108593037489
4914.0,45.83841467959354
4915.0,47.961166540616404
4916.0,48.895416479133644
4917.0,48.25153849429464
4918.0,46.13330607545401
4919.0,44.32662259635029
4920.0,42.11530973531525
4921.0,41.227472366988906
4922.0,41.75671219402057
4923.0,42.76167588421713
4924.0,42.77004293606628
4925.0,45.097456240882074
4926.0,45.66284469043686
4927.0,45.870185128044234
4928.0,46.20357153545536
4929.0,47.01507307165647
4930.0,48.32709522149948
4931.0,48.71293323610992
4932.0,48.59042229796804
4933.0,47.281523198224306
4934.0,47.48334058755538
4935.0,47.43176243121303
4936.0,46.56681834590828
4937.0,45.932634112135396
4938.0,45.76654643959184
4939.0,45.645307153761635
4940.0,46.207743661966006
4941.0,46.99606380382851
4942.0,47.23445546551788
4943.0,48.73329620001494
4944.0,50.51563196192394
4945.0,49.714082180292756
4946.0,49.00508937239121
4947.0,49.60280875347388
4948.0,49.4523206477307
4949.0,48.0176570298725
4950.0,48.6192256652973
4951.0,49.66988792011505
4952.0,49.06804003075899
4953.0,48.69207814309123
4954.0,48.99545779339145
4955.0,49.71139581212547
4956.0,47.41972394824388
4957.0,44.69148196197938
4958.0,45.54769006794998
4959.0,45.939650962158126
4960.0,46.32486570916339
4961.0,46.156764709632135
4962.0,49.964856703837974
4963.0,51.64207678200142
4964.0,50.968434300813634
4965.0,49.42736763320216
4966.0,48.85385098263315
4967.0,48.03460418514143
4968.0,47.12259821616165
4969.0,46.425343400812615
4970.0,47.1090592934997
4971.0,47.945719368599796
4972.0,48.31840767980549
4973.0,49.948886077816304
4974.0,50.57964016989568
4975.0,51.31576009798316
4976.0,51.14981022898855
4977.0,50.677396389786956
4978.0,49.8602646782899
4979.0,48.43163718250183
4980.0,47.71536283647871
4981.0,46.62715013119492
4982.0,44.572633244581674
4983.0,43.74860862089939
4984.0,42.925051171600465
4985.0,42.72363624507061
4986.0,42.914636014879044
4987.0,44.854002903245856
4988.0,46.74516804850127
4989.0,48.37748950447802
4990.0,48.99860499972405
4991.0,49.2217515932969
4992.0,48.8262846283636
4993.0,47.805181246043375
4994.0,48.13614328323838
4995.0,48.52842845684855
4996.0,49.859315239946966
4997.0,49.62397090863697
4998.0,49.45617314922577
4999.0,48.31682966686509
5000.0,46.640829710740704
5001.0,44.76856380390531
5002.0,43.1733204601002
5003.0,43.05820802855972
5004.0,43.927064155102684
5005.0,43.1853629814093
5006.0,42.669695899882235
5007.0,42.69514790261473
5008.0,43.3772332571997
5009.0,43.74441676872527
5010.0,45.00637433334695
5011.0,45.46397964838098
5012.0,45.42038785708016
5013.0,43.96627312005074
5014.0,42.469870310596534
5015.0,42.31996635288283
5016.0,42.66850759187126
5017.0,43.07561913585911
5018.0,42.726437903771746
5019.0,43.49147237829878
5020.0,43.59716297563684
5021.0,42.572886842250185
5022.0,42.3272835804794
5023.0,43.8284558100261
5024.0,43.895263273027815
5025.0,43.817200877643174
5026.0,44.06430548653452
5027.0,44.18421156609078
5028.0,44.550472402135746
5029.0,44.57629896215394
5030.0,44.641912211894365
5031.0,44.767884388696395
5032.0,46.600206855152095
5033.0,46.954609671890815
5034.0,47.198293732874596
5035.0,46.145295591678455
5036.0,46.233216580060386
5037.0,46.11116803603048
5038.0,45.190178530917635
5039.0,44.02754710083184
5040.0,43.08086691771586
5041.0,41.123147484699025
5042.0,40.96575345530363
5043.0,41.672144927271
5044.0,42.39598108468833
5045.0,44.50613148903349
5046.0,48.5167893570121
5047.0,48.91771890311001
5048.0,47.37805989546603
5049.0,46.48811169470582
5050.0,45.32319437454679
5051.0,42.984194554146185
5052.0,42.71879834698505
5053.0,44.26927787981048
5054.0,45.457026564248125
5055.0,46.41800455073286
5056.0,48.29042416704271
5057.0,48.76592509380701
5058.0,48.71696894632109
5059.0,48.531033276244315
5060.0,48.61504972648911
5061.0,48.917202981574796
5062.0,49.39647487464921
5063.0,49.40117364662746
5064.0,47.742112129688515
5065.0,47.37853784401995
5066.0,46.83249703436614
5067.0,46.00922723129829
5068.0,44.62811168494433
5069.0,45.13236748187098
5070.0,46.49869323685439
5071.0,46.16401059592442
5072.0,45.722885743547884
5073.0,46.802080002440334
5074.0,46.70445205570134
5075.0,46.04861743145334
5076.0,45.81590438319886
5077.0,47.17973067331444
5078.0,46.03407739983808
5079.0,44.641205383399566
5080.0,44.080162791182254
5081.0,43.89918580421583
5082.0,42.48286884716595
5083.0,41.47362143513532
5084.0,43.21974494865532
5085.0,44.726806120275334
5086.0,45.153419062705666
5087.0,45.46978627007422
5088.0,46.58201880143252
5089.0,47.34194946749741
5090.0,46.882305611006444
5091.0,47.316285487738504
5092.0,48.10852070877986
5093.0,48.52297767620041
5094.0,48.577100677467264
5095.0,49.11585982394068
5096.0,48.510072416008846
5097.0,47.79468166016451
5098.0,45.682259231785395
5099.0,44.7462063498059
5100.0,44.13438395727367
5101.0,44.15404863119644
5102.0,44.395892460848216
5103.0,45.61990032976945
5104.0,46.72937339508432
5105.0,47.04358594626146
5106.0,46.77428141640881
5107.0,45.57583358024909
5108.0,45.959739751096905
5109.0,45.12633401760648
5110.0,44.50419812651034
5111.0,44.85369587697301
5112.0,46.47001026404698
5113.0,46.712279203826625
5114.0,47.21686424120346
5115.0,48.31161589869712
5116.0,48.649042906150726
5117.0,48.76863690494963
5118.0,49.29871899208776
5119.0,49.18530926112948
5120.0,49.38054323031889
5121.0,48.964898093471845
5122.0,48.42198760070861
5123.0,47.007498096688906
5124.0,45.739052028655195
5125.0,44.25471524508452
5126.0,43.41533408029879
5127.0,42.78083192151936
5128.0,43.12440596705132
5129.0,43.03700298175131
5130.0,44.2798742991491
5131.0,44.88380496858197
5132.0,45.4967133841106
5133.0,44.72216630885363
5134.0,46.03006572770112
5135.0,46.716272594397296
5136.0,46.34151315724643
5137.0,46.095448936973746
5138.0,45.79910194028936
5139.0,44.57912542032313
5140.0,44.76154479382505
5141.0,43.96687772573019
5142.0,42.77595051061272
5143.0,43.108515245044316
5144.0,45.50790309447023
5145.0,44.39950937841066
5146.0,43.331256896712574
5147.0,44.32282444244173
5148.0,45.20620914382216
5149.0,44.93205829105454
5150.0,44.4544984983599
5151.0,44.60260316412659
5152.0,44.805118400268235
5153.0,45.03162299484259
5154.0,44.31733579553677
5155.0,44.49655692692738
5156.0,45.673731135454865
5157.0,46.65742746696357
5158.0,47.08777440806483
5159.0,47.06491518991828
5160.0,47.8396686581398
5161.0,47.39716371481695
5162.0,46.719865097702616
5163.0,46.718484762630574
5164.0,46.1797881842429
5165.0,44.58193725513377
5166.0,41.18299346125656
5167.0,38.55451026127745
5168.0,35.74503068032034
5169.0,35.276629902533536
5170.0,35.95180805649613
5171.0,33.88560204441926
5172.0,32.869351763907865
5173.0,33.28666613614939
5174.0,35.58430399523184
5175.0,35.58736872909115
5176.0,37.25772301961741
5177.0,42.52867274254059
5178.0,46.87757239373944
5179.0,47.75210370051449
5180.0,47.35514791823742
5181.0,46.70812178783731
5182.0,43.18099948595148
5183.0,37.46199123486573
5184.0,35.33236164040426
5185.0,35.18190689222966
5186.0,35.53174707608629
5187.0,36.81548608129162
5188.0,40.852032046844634
5189.0,45.746988489847425
5190.0,46.58874805763229
5191.0,44.88760749852254
5192.0,43.5667094927489
5193.0,44.86942203584017
5194.0,43.74327764849362
5195.0,41.56658553951826
5196.0,42.12962086251612
5197.0,43.40099101952945
5198.0,43.219369066183845
5199.0,43.271158348929696
5200.0,45.41331379729546
5201.0,46.082480442813065
5202.0,46.59686717502827
5203.0,47.30876393209663
5204.0,46.64153056153899
5205.0,45.31494338179701
5206.0,44.534051374308106
5207.0,44.292740360987736
5208.0,42.152565090006334
5209.0,43.068272636341035
5210.0,43.57986904986389
5211.0,45.32118781682428
5212.0,45.39775755912354
5213.0,47.33089012925472
5214.0,47.093116573375404
5215.0,46.17080135014995
5216.0,45.19563045880735
5217.0,44.42896535815578
5218.0,44.65728437196126
5219.0,44.890646743079714
5220.0,45.93418076870696
5221.0,47.381987272570825
5222.0,48.32177920616559
5223.0,48.81920506731732
5224.0,47.87859027553201
5225.0,47.168583708264656
5226.0,43.72454239722562
5227.0,42.46859265900495
5228.0,42.30540658116529
5229.0,41.6798750398448
5230.0,42.37551721485817
5231.0,44.15838767885006
5232.0,45.70845967635594
5233.0,45.719852349582254
5234.0,45.05720970471288
5235.0,45.03855061939966
5236.0,44.602756988623334
5237.0,44.84115098736842
5238.0,46.36904255855364
5239.0,47.00391082236495
5240.0,48.59997052795511
5241.0,48.866489015194375
5242.0,48.53050273451402
5243.0,48.65076628383262
5244.0,48.79826579080002
5245.0,48.37085517808456
5246.0,47.38577287227465
5247.0,47.42715483613422
5248.0,48.255164513532414
5249.0,47.538742663886616
5250.0,47.0626744126918
5251.0,47.442200582780195
5252.0,48.2754809385232
5253.0,47.975408634113904
5254.0,46.72334922758125
5255.0,47.02753171282906
5256.0,47.76647718872903
5257.0,47.93204756168421
5258.0,47.05638577606126
5259.0,47.13443628712015
5260.0,48.537097726552645
5261.0,47.65772032055299
5262.0,46.13904723614016
5263.0,44.8132186508633
5264.0,45.1814613458383
5265.0,43.0899960614995
5266.0,42.112100524525914
5267.0,42.983264292624696
5268.0,41.53023848814398
5269.0,39.26615534402867
5270.0,38.50867570846699
5271.0,40.930751105107916
5272.0,40.55391075582144
5273.0,40.44775987241361
5274.0,43.220956099043015
5275.0,43.99364698468115
5276.0,43.445594726486874
5277.0,44.12481587429218
5278.0,46.214894460845336
5279.0,46.43222268106725
5280.0,47.680672000603316
5281.0,47.89979233403665
5282.0,47.177457658795504
5283.0,45.36137205313142
5284.0,44.81257694748862
5285.0,45.72335906065736
5286.0,46.93188521231679
5287.0,47.87979285279163
5288.0,49.24529926557507
5289.0,50.3249132660527
5290.0,50.118657539732666
5291.0,50.138102642170175
5292.0,50.06179716124701
5293.0,50.324651213124405
5294.0,50.36539079573545
5295.0,50.42066689684388
5296.0,49.13521176725919
5297.0,47.115545917775435
5298.0,45.51899042588635
5299.0,45.42004793999523
5300.0,44.86561357866289
5301.0,45.1108483384485
5302.0,46.16172076835499
5303.0,48.26052984671486
5304.0,48.61521956370632
5305.0,49.27113706323052
5306.0,49.59565153369967
5307.0,49.83677282237161
5308.0,49.62123470909774
5309.0,49.4482024407502
5310.0,49.57118736755551
5311.0,49.86463008804852
5312.0,50.29893958389026
5313.0,50.46400324629099
5314.0,50.42018359765902
5315.0,49.98369365762685
5316.0,48.534091475051525
5317.0,47.99731911548661
5318.0,48.10785530627066
5319.0,48.1955404942297
5320.0,48.153902295391504
5321.0,48.49409739520264
5322.0,49.33045387119008
5323.0,48.52337836379232
5324.0,47.552226487187724
5325.0,47.18072611295207
5326.0,47.311577981503355
5327.0,44.792738051894965
5328.0,41.632503345221444
5329.0,42.26600013145373
5330.0,42.949165187871216
5331.0,43.89739505506476
5332.0,44.07538030795783
5333.0,47.03638672605376
5334.0,48.81265496070015
5335.0,49.278395613068064
5336.0,48.73981588821815
5337.0,47.63873365014104
5338.0,48.608111276189895
5339.0,47.54064451813396
5340.0,46.00647288293324
5341.0,45.57845771926583
5342.0,46.73065562761206
5343.0,48.564684831307055
5344.0,49.2208177286148
5345.0,48.760570725090886
5346.0,48.37179258558853
5347.0,47.85171317948443
5348.0,46.682404453254655
5349.0,45.62936317991279
5350.0,46.639206884534495
5351.0,48.44881782594754
5352.0,48.34618608201021
5353.0,48.6093155990381
5354.0,49.76721385866024
5355.0,50.54767638035268
5356.0,50.58595798705343
5357.0,50.52719515499113
5358.0,50.58968909345475
5359.0,50.0048535911804
5360.0,49.65298201675603
5361.0,49.00909974952707
5362.0,48.315710801708434
5363.0,48.22560188738634
5364.0,47.835998376863195
5365.0,47.508795833327554
5366.0,47.68970543701555
5367.0,47.61635470123913
5368.0,48.12688228093808
5369.0,47.52207510210515
5370.0,47.01081247806637
5371.0,44.66814816701087
5372.0,45.22307023940131
5373.0,44.92998748564485
5374.0,45.58592177886376
5375.0,46.596268796962555
5376.0,48.62695463702142
5377.0,49.26930277568028
5378.0,49.18388531205395
5379.0,49.018654856084076
5380.0,48.854540416256924
5381.0,48.714257431807646
5382.0,47.781000631576035
5383.0,47.02370234955975
5384.0,47.6435355326941
5385.0,47.89774504451197
5386.0,47.71476347210307
5387.0,48.222130684943565
5388.0,49.4232430587
5389.0,49.061089292021755
5390.0,48.72480325714034
5391.0,48.58139128131752
5392.0,48.3394711930991
5393.0,47.78686660760276
5394.0,47.930534634702255
5395.0,48.004020248799854
5396.0,46.80817831189779
5397.0,45.60782187058813
5398.0,46.0693444053461
5399.0,45.918386181344594
5400.0,45.33572082505217
5401.0,46.15969717875134
5402.0,48.37096507976009
5403.0,47.54110238238938
5404.0,45.446867218921966
5405.0,44.310470724392474
5406.0,43.945177341332204
5407.0,43.41302539254865
5408.0,43.601902659917215
5409.0,44.423969812681776
5410.0,45.58994023763481
5411.0,47.00247975216897
5412.0,46.98471957943787
5413.0,46.510737503473
5414.0,46.697264467628116
5415.0,47.308842861200525
5416.0,47.53725504619089
5417.0,47.47398163125187
5418.0,47.76221677920046
5419.0,47.962427964853674
5420.0,48.69376723370448
5421.0,48.87606946192596
5422.0,49.309827170799245
5423.0,48.657272408220805
5424.0,47.82351769958971
5425.0,48.18026472216364
5426.0,48.850219415455584
5427.0,49.12995781452042
5428.0,48.54988148243698
5429.0,47.41694957859838
5430.0,47.361254173070876
5431.0,46.93336567607504
5432.0,46.092592437426426
5433.0,45.10934949781726
5434.0,46.0701312292277
5435.0,47.109731887413844
5436.0,46.3385599018433
5437.0,46.642484648543636
5438.0,47.2881948537956
5439.0,48.62893669594203
5440.0,49.43294108227565
5441.0,50.324806036059975
5442.0,51.078487218806224
5443.0,51.08195191859134
5444.0,50.275048553756996
5445.0,49.472018009250164
5446.0,47.51450255972106
5447.0,46.6133820536054
5448.0,46.41436870299546
5449.0,46.71795665498103
5450.0,47.57382595592079
5451.0,49.021334963280786
5452.0,50.97274405515226
5453.0,51.28626011660395
5454.0,50.3607474135902
5455.0,47.54708333193238
5456.0,47.034188197139166
5457.0,47.30444087511453
5458.0,47.60048463941268
5459.0,47.77669126421251
5460.0,49.85630015203785
5461.0,51.59541092155679
5462.0,50.30060608965724
5463.0,48.90995841267397
5464.0,48.52046887455078
5465.0,48.18134465780639
5466.0,47.419993297958065
5467.0,47.60590674548164
5468.0,49.12911276130335
5469.0,49.40370167311122
5470.0,49.116790285205475
5471.0,49.791668934005976
5472.0,50.04099690586374
5473.0,49.52304779196593
5474.0,49.20907566428495
5475.0,48.639806006390714
5476.0,46.21418262597636
5477.0,45.612997681865046
5478.0,46.24582331603092
5479.0,47.20302335159127
5480.0,46.2842520976077
5481.0,47.10370639756038
5482.0,48.90086210668047
5483.0,49.33356671771402
5484.0,49.46183765484016
5485.0,49.70151976474727
5486.0,50.811612960759255
5487.0,50.0144282180227
5488.0,49.27230737595661
5489.0,48.557109930260566
5490.0,48.22167463221129
5491.0,47.88747711581024
5492.0,48.484597289041076
5493.0,48.60924948267828
5494.0,48.6822499300105
5495.0,49.15633268223941
5496.0,48.8709189752174
5497.0,48.13036751044917
5498.0,48.96296432606946
5499.0,50.57303615602476
5500.0,50.463375592365836
5501.0,49.261050182430516
5502.0,50.00739981489446
5503.0,50.481355468071634
5504.0,50.094815832966916
5505.0,49.05058602132842
5506.0,48.53523381498772
5507.0,49.20238517819287
5508.0,49.34406897647232
5509.0,49.10773487842224
5510.0,49.26353336292116
5511.0,49.736285332051985
5512.0,48.90763131864318
5513.0,47.96173048700921
5514.0,47.608127524952785
5515.0,47.88975845253217
5516.0,47.56964654947015
5517.0,48.567260164488914
5518.0,49.95724278724318
5519.0,50.71967305504003
5520.0,50.56300980938882
5521.0,50.349358572546954
5522.0,50.46494732163131
5523.0,50.45009831566585
5524.0,49.81990595928185
5525.0,49.382086219836744
5526.0,49.176654249735535
5527.0,48.202631170720856
5528.0,47.06332092439061
5529.0,47.26021725086665
5530.0,47.752307686653026
5531.0,48.106937651728295
5532.0,48.18266501669056
5533.0,49.687911306707825
5534.0,49.57640586525942
5535.0,48.980189533528964
5536.0,48.89469491541341
5537.0,49.028680219045704
5538.0,49.31414933237208
5539.0,49.032339324464
5540.0,50.15995871014894
5541.0,50.6782603919879
5542.0,50.628244259291904
5543.0,50.027752040742136
5544.0,50.27708198577709
5545.0,50.519020444248106
5546.0,50.039258910021616
5547.0,50.02672041633833
5548.0,50.55644758549329
5549.0,50.72343870150394
5550.0,50.66080378042284
5551.0,50.78675671035933
5552.0,50.812989087403444
5553.0,50.18022649256642
5554.0,49.611664108867615
5555.0,49.540776310741556
5556.0,49.73832673283997
5557.0,49.504843634325674
5558.0,50.006583760891196
5559.0,50.48676007721073
5560.0,51.39155945849153
5561.0,51.073190380262176
5562.0,50.02863864244631
5563.0,49.527000749417724
5564.0,49.31647521421465
5565.0,48.93359684327105
5566.0,48.45101065062821
5567.0,48.37667805912998
5568.0,48.93203206022037
5569.0,48.48407620379193
5570.0,48.93801315316307
5571.0,49.35938846313729
5572.0,48.25176268130285
5573.0,47.93858072702611
5574.0,48.491100618642406
5575.0,48.27637607561025
5576.0,47.649929421447425
5577.0,48.184589846911784
5578.0,49.25764927621206
5579.0,49.2134802552977
5580.0,49.62474849729748
5581.0,49.714302711253204
5582.0,49.74509289463747
5583.0,49.385485385328266
5584.0,49.17139480517205
5585.0,48.72482018403258
5586.0,47.45423445889735
5587.0,47.236447058656
5588.0,45.92068466892429
5589.0,45.642461362403104
5590.0,45.81780736176325
5591.0,46.4717199581532
5592.0,47.42198662100614
5593.0,48.00068534081129
5594.0,47.81477066545045
5595.0,48.11138715784065
5596.0,48.430882710403736
5597.0,48.56352898074913
5598.0,47.81305281100321
5599.0,48.70950426038122
5600.0,48.75600211849384
5601.0,48.1026085977716
5602.0,46.627254403006674
5603.0,47.020140568484784
5604.0,47.76757220320025
5605.0,48.35994792517688
5606.0,48.90708821273271
5607.0,50.04127934510899
5608.0,51.06922726592708
5609.0,50.80963683903908
5610.0,50.56519379918899
5611.0,50.43540391460263
5612.0,50.77503837821661
5613.0,51.08483680787872
5614.0,50.23406585178328
5615.0,48.15972837572231
5616.0,47.43104020791017
5617.0,47.21067262904772
5618.0,46.73365851917327
5619.0,46.69265514717973
5620.0,48.61294647563259
5621.0,49.61149726458165
5622.0,49.77912630045062
5623.0,49.57686967114732
5624.0,48.98741966879848
5625.0,48.99041668389915
5626.0,49.51595472296457
5627.0,49.476015892681275
5628.0,49.2387108779895
5629.0,50.33069100575637
5630.0,51.153785631102544
5631.0,51.114984750611626
5632.0,51.0304363412581
5633.0,50.75254132822761
5634.0,50.508805987538956
5635.0,50.17806762919628
5636.0,49.715129510507076
5637.0,49.250795277941286
5638.0,49.0991535926453
5639.0,49.40705546927465
5640.0,49.060961353820346
5641.0,48.680031190123564
5642.0,48.91315214562168
5643.0,49.11863649274551
5644.0,49.16475919879815
5645.0,49.3341120187007
5646.0,50.1576616216412
5647.0,50.540804477619666
5648.0,50.74865544667837
5649.0,50.50633533101285
5650.0,49.962936522707835
5651.0,49.62111650578455
5652.0,49.543157901630835
5653.0,49.47922965042217
5654.0,49.11159956920481
5655.0,49.050208128631475
5656.0,49.63607547596587
5657.0,49.21385852526876
5658.0,47.186406099534075
5659.0,46.71351156191026
5660.0,47.28650964223531
5661.0,47.03829372391501
5662.0,46.02702348702498
5663.0,47.60128336834149
5664.0,49.21764230908237
5665.0,49.70741735882417
5666.0,49.66950684806933
5667.0,49.86300035072726
5668.0,50.10391329096877
5669.0,49.493203123635965
5670.0,49.33774113943681
5671.0,49.51428911223567
5672.0,50.23123735364412
5673.0,50.72371554329101
5674.0,51.00934031029653
5675.0,51.01482862239756
5676.0,51.08697198140679
5677.0,51.08504891747863
5678.0,50.614312900008485
5679.0,50.3608395315524
5680.0,50.72436938417171
5681.0,50.462622728723815
5682.0,49.63448564882237
5683.0,49.415593144622044
5684.0,49.3939947849042
5685.0,49.269566489437615
5686.0,48.88501662167444
5687.0,49.062350139552564
5688.0,48.735433293342254
5689.0,48.67816646443275
5690.0,48.73088522513056
5691.0,48.84335464849929
5692.0,49.045094200279486
5693.0,50.01649466699445
5694.0,50.13215502060232
5695.0,50.09391772291828
5696.0,50.4491255590406
5697.0,50.527748095135806
5698.0,50.17756978702291
5699.0,50.21997465890432
5700.0,49.97704458426259
5701.0,49.09249573396657
5702.0,48.63885245829191
5703.0,49.058691932081395
5704.0,49.12149525408862
5705.0,48.546156551320685
5706.0,48.81759502565827
5707.0,49.0112913253018
5708.0,48.01335817289815
5709.0,46.88146529411542
5710.0,46.59441723437094
5711.0,46.165719029651214
5712.0,46.1396378005663
5713.0,46.9382176721495
5714.0,47.91636681655498
5715.0,48.425253143583134
5716.0,49.487643112807
5717.0,50.02720265509255
5718.0,49.765439668996116
5719.0,49.82710927442771
5720.0,50.11578731674282
5721.0,49.77903696464949
5722.0,50.128936274741704
5723.0,50.714885509691264
5724.0,50.784309643304866
5725.0,51.00128772193455
5726.0,51.2141629382366
5727.0,51.22906839333797
5728.0,51.16418313580649
5729.0,51.24860029233305
5730.0,51.110715721282716
5731.0,50.58336739108012
5732.0,50.58293154678706
5733.0,50.62065276303111
5734.0,50.6512412347855
5735.0,50.52886674520948
5736.0,50.668773365615685
5737.0,50.99558664136491
5738.0,50.94898251293978
5739.0,50.51672952624653
5740.0,50.463683999452
5741.0,50.40144189259611
5742.0,50.39893250541907
5743.0,50.4774323832049
5744.0,50.78239193634589
5745.0,51.11091987093047
5746.0,51.11824181518875
5747.0,50.43368367851776
5748.0,50.35314402022262
5749.0,50.38411354371319
5750.0,50.441139571404086
5751.0,50.21067573595132
5752.0,49.771433757063384
5753.0,49.07022346936435
5754.0,48.400939180729026
5755.0,48.077028220686664
5756.0,48.09092895890792
5757.0,48.57422599386224
5758.0,49.72861620531103
5759.0,50.60909375599364
5760.0,50.59930050067841
5761.0,50.14865212257864
5762.0,49.144275448907266
5763.0,48.63453875669018
5764.0,48.865014309357555
5765.0,49.29659560247939
5766.0,49.87083885726387
5767.0,50.53926806612921
5768.0,51.26516336637346
5769.0,50.8752093299809
5770.0,50.74172807898984
5771.0,50.43789125782442
5772.0,50.23309935081812
5773.0,50.187110121043645
5774.0,50.14458581766602
5775.0,50.216233451275976
5776.0,50.35666556874135
5777.0,50.531553223529194
5778.0,50.424762606746015
5779.0,50.55643256155937
5780.0,50.36093354019554
5781.0,49.79262248096486
5782.0,49.238921231673004
5783.0,48.96475095436233
5784.0,48.249335870634084
5785.0,47.78627954797655
5786.0,48.407200772777465
5787.0,48.753589565681196
5788.0,49.0902802572242
5789.0,49.65718085174287
5790.0,50.05635671443671
5791.0,49.97878137457502
5792.0,49.91652864482388
5793.0,49.83852537916085
5794.0,49.775040382608516
5795.0,49.898822415715756
5796.0,50.54517236351514
5797.0,50.40013976371068
5798.0,50.47455012043009
5799.0,50.823180399399966
5800.0,50.77956820605764
5801.0,50.77735960400032
5802.0,51.04625093844778
5803.0,51.32480231651602
5804.0,50.99136831672916
5805.0,50.63253696500353
5806.0,50.29835255007561
5807.0,49.97351730603426
5808.0,49.71968376689583
5809.0,49.902531436166264
5810.0,50.41482091504853
5811.0,50.83174848842756
5812.0,51.162578304564384
5813.0,51.26389836799222
5814.0,51.315703379755746
5815.0,50.91325048421867
5816.0,50.35863017663666
5817.0,50.46093646335064
5818.0,50.57140741865379
5819.0,50.89281594584414
5820.0,51.20418573290822
5821.0,51.80188725509986
5822.0,51.99307666772008
5823.0,51.72620948958058
5824.0,51.64327506220316
5825.0,51.66563814374312
5826.0,51.66808783330355
5827.0,51.70574565617803
5828.0,51.94538013301125
5829.0,52.146949942311274
5830.0,51.782145076073725
5831.0,51.48014053707042
5832.0,51.560088819563774
5833.0,51.540030464110274
5834.0,51.358069970651265
5835.0,51.366401840572415
5836.0,51.868899662274465
5837.0,51.91038135689844
5838.0,51.785133349424214
5839.0,51.73824525212035
5840.0,51.79762882056291
5841.0,51.95666374946043
5842.0,51.97900196579767
5843.0,52.17578877639335
5844.0,52.28252626493416
5845.0,52.48113169745309
5846.0,52.41312517509813
5847.0,51.92171025274414
5848.0,51.738138669799454
5849.0,51.8253197130903
5850.0,51.94696754529909
5851.0,51.802435967211146
5852.0,51.72920352185558
5853.0,51.81575105948869
5854.0,51.807875476463
5855.0,51.50630322723641
5856.0,50.69972550289081
5857.0,49.78077083589511
5858.0,49.672781253415856
5859.0,49.28788212768605
5860.0,49.24019611447227
5861.0,48.86806296624909
5862.0,49.263142845347076
5863.0,50.05121304506992
5864.0,50.684624740451916
5865.0,51.04371920768979
5866.0,50.546874620019
5867.0,50.67003831829438
5868.0,51.111304726611216
5869.0,51.1107660685197
5870.0,50.98742213279792
5871.0,51.0975340345227
5872.0,51.53207788422009
5873.0,51.754421938264855
5874.0,51.866774286139965
5875.0,51.996657079716556
5876.0,52.28346891216653
5877.0,52.32377526326192
5878.0,52.46184355472694
5879.0,52.6891076198862
5880.0,52.544655482649624
5881.0,52.12932999549142
5882.0,52.39886324524656
5883.0,51.86874985937372
5884.0,51.76109821821627
5885.0,52.05961832582026
5886.0,52.27732788692707
5887.0,52.30347123566684
5888.0,50.77519231789535
5889.0,47.57192010565751
5890.0,45.37564621476238
5891.0,44.66312107127161
5892.0,43.740969332207285
5893.0,43.071247951070106
5894.0,44.207809652741645
5895.0,44.82685695724905
5896.0,44.965054919130296
5897.0,45.33880952679836
5898.0,45.40273030015094
5899.0,45.22794781793298
5900.0,45.992268000438585
5901.0,48.80680329980752
5902.0,49.151013155093416
5903.0,49.30517527603728
5904.0,49.87078710366885
5905.0,49.65890234783393
5906.0,49.860185988953766
5907.0,49.92617200058939
5908.0,50.348989146831904
5909.0,50.00520732596842
5910.0,50.544409249725454
5911.0,51.0057161670166
5912.0,50.840977575164125
5913.0,50.61906884375967
5914.0,50.00792096669779
5915.0,50.03923191244441
5916.0,49.803930466608016
5917.0,49.6740344754242
5918.0,50.16813326812544
5919.0,51.04037973059148
5920.0,50.82115900389963
5921.0,50.39476160392986
5922.0,51.79479566858272
5923.0,51.965795106516325
5924.0,51.59987282004114
5925.0,51.50696430136354
5926.0,51.249884964534786
5927.0,50.98457036444867
5928.0,51.11132407572605
5929.0,50.533386809170054
5930.0,49.71549529351242
5931.0,50.06173147892045
5932.0,50.735642172567196
5933.0,51.02608877115714
5934.0,49.988496971100474
5935.0,51.249483737030076
5936.0,51.53716178470129
5937.0,51.36632252422267
5938.0,51.36175613925895
5939.0,51.6091783699633
5940.0,51.78219331371838
5941.0,51.690777874852685
5942.0,51.16769634863946
5943.0,50.32196095069607
5944.0,50.521313351997
5945.0,51.54709453865015
5946.0,51.209562931758676
5947.0,51.242389481455405
5948.0,50.47793250700844
5949.0,50.46975415383901
5950.0,50.94103700973391
5951.0,50.278345869260356
5952.0,50.13171436822459
5953.0,50.207638627307176
5954.0,51.20900711621217
5955.0,51.21306805902992
5956.0,50.7356225722932
5957.0,50.52139846364208
5958.0,51.08414115030477
5959.0,51.22781733217627
5960.0,50.35785027486864
5961.0,51.18823559418152
5962.0,51.6031360942202
5963.0,51.7432956800322
5964.0,51.71241885102818
5965.0,51.7094369098292
5966.0,51.78588780852055
5967.0,51.892819237940465
5968.0,51.65922560884466
5969.0,51.735223424550384
5970.0,51.75235654798321
5971.0,52.5085295475333
5972.0,52.621343422569616
5973.0,52.589462998536874
5974.0,52.25243795785752
5975.0,51.676636409209756
5976.0,50.98727361157059
5977.0,50.2147837542951
5978.0,50.14555781565615
5979.0,49.88511784876649
5980.0,51.039295499400374
5981.0,51.9881545173566
5982.0,52.26353349529153
5983.0,52.228005449892386
5984.0,51.809395680265524
5985.0,51.354504716163135
5986.0,50.90698531166332
5987.0,50.316416073944886
5988.0,50.550043352036866
5989.0,50.868578114569274
5990.0,51.07469301701185
5991.0,50.98250693816677
5992.0,51.26473172316384
5993.0,51.38409959487931
5994.0,51.27026102274774
5995.0,51.42167602879818
5996.0,51.25848688223096
5997.0,51.04894240628008
5998.0,51.08179580840603
5999.0,51.16211927576977
6000.0,51.25641161676333
6001.0,51.437555300915335
6002.0,51.71210725220841
6003.0,51.64307058748833
6004.0,51.507329311987334
6005.0,51.366600776198105
6006.0,51.132975200297004
6007.0,50.82663322453262
6008.0,50.526102293453384
6009.0,50.25185548322918
6010.0,50.39653755021086
6011.0,50.55051242880585
6012.0,50.55336569129892
6013.0,50.88508579182671
6014.0,51.303140301307145
6015.0,51.11288066348143
6016.0,50.31630375198984
6017.0,50.02798287949452
6018.0,50.47950364942819
6019.0,50.31189504644714
6020.0,49.65495405656012
6021.0,49.696325860917305
6022.0,50.04816986530037
6023.0,49.58196163411658
6024.0,49.308175854551855
6025.0,49.87719879602595
6026.0,50.15193259664681
6027.0,50.19310445541534
6028.0,50.38820977702324
6029.0,50.35925956814999
6030.0,50.06548537988555
6031.0,50.263700992903274
6032.0,50.702046623435955
6033.0,50.8120957425019
6034.0,51.160790577566935
6035.0,51.78445375839837
6036.0,51.877414341148864
6037.0,51.83632959975948
6038.0,51.83532717323748
6039.0,51.859020004735704
6040.0,51.88581087973441
6041.0,51.90741327051541
6042.0,51.94143293580778
6043.0,51.87278081529682
6044.0,51.83404365454911
6045.0,51.855700998997065
6046.0,51.88775684189037
6047.0,51.91357633502986
6048.0,51.97424687819907
6049.0,52.093170278120056
6050.0,52.149680629797665
6051.0,52.1966578320418
6052.0,52.19513366395867
6053.0,52.10466808701287
6054.0,52.0386891679467
6055.0,51.64819383178923
6056.0,51.28536197253725
6057.0,51.276209790983216
6058.0,51.34084237533132
6059.0,51.419675365522494
6060.0,51.64451596754796
6061.0,52.10323499147601
6062.0,52.15688323522793
6063.0,52.11069121713193
6064.0,51.76254641687488
6065.0,50.945597896104445
6066.0,50.62974480804124
6067.0,50.693757253927416
6068.0,50.83920342142273
6069.0,50.99171906312013
6070.0,51.81629871383042
6071.0,52.51132247076229
6072.0,52.573111938255856
6073.0,52.60955217750222
6074.0,52.60673628500003
6075.0,52.58066132473467
6076.0,52.53944926079566
6077.0,52.25851933367435
6078.0,51.51429066960719
6079.0,51.056714064397966
6080.0,50.9698378616856
6081.0,50.86301974836117
6082.0,50.58794855328477
6083.0,50.77668981139015
6084.0,51.01819483323996
6085.0,50.7566144545047
6086.0,50.58569907704218
6087.0,50.658865887882286
6088.0,50.812492872395
6089.0,50.8231668706833
6090.0,50.878767968679
6091.0,50.907743134038995
6092.0,50.82361346496884
6093.0,50.66426203859821
6094.0,50.78924504861575
6095.0,51.099106617623605
6096.0,51.13431115784199
6097.0,51.1921632129227
6098.0,51.44383864917977
6099.0,51.69917383427279
6100.0,51.729268983588824
6101.0,51.34206698633257
6102.0,50.2201246681028
6103.0,49.61052919658047
6104.0,49.590247944390676
6105.0,49.459784277645895
6106.0,49.20528773980436
6107.0,49.58053841885627
6108.0,50.47340575066438
6109.0,50.79866436679405
6110.0,50.83689229320534
6111.0,50.956591738631516
6112.0,51.37704203017339
6113.0,51.853813956730825
6114.0,52.04139209620842
6115.0,51.825223977786095
6116.0,51.57879663388929
6117.0,51.687214027391974
6118.0,51.92878376998426
6119.0,51.877970331160704
6120.0,51.81754524301792
6121.0,51.49472377488125
6122.0,50.89530272636619
6123.0,50.77247518680805
6124.0,50.61315593760392
6125.0,50.43627253195006
6126.0,50.640884929304065
6127.0,51.09722227961151
6128.0,51.052108095903996
6129.0,50.934033440258744
6130.0,51.18510978835481
6131.0,51.0389982499958
6132.0,51.223139042910816
6133.0,51.9405221947652
6134.0,52.492839876447
6135.0,52.459357541139674
6136.0,51.01743934183717
6137.0,49.49040253293679
6138.0,48.95716820830421
6139.0,49.0823233256522
6140.0,48.77226324169751
6141.0,48.62113846175788
6142.0,49.99611149286881
6143.0,51.152018296634886
6144.0,50.88344477363548
6145.0,50.397530987617316
6146.0,50.82426616356803
6147.0,51.37600834675281
6148.0,51.228553535895436
6149.0,51.19510819815176
6150.0,51.58539215365135
6151.0,51.58584294756425
6152.0,51.8313740779835
6153.0,52.34510209851362
6154.0,52.07506283120973
6155.0,51.57368005090603
6156.0,51.7044372461556
6157.0,51.741208397215146
6158.0,51.41452071309144
6159.0,51.506521629640694
6160.0,51.57039000468667
6161.0,50.24582136078952
6162.0,49.0163046415378
6163.0,48.43580888885292
6164.0,48.14016528692917
6165.0,48.06068841413448
6166.0,48.574083342670704
6167.0,49.979677492673176
6168.0,50.414176553534006
6169.0,49.516503127442704
6170.0,48.913663089858524
6171.0,49.29373006585528
6172.0,49.203772839667984
6173.0,48.84139361865819
6174.0,49.709736765594776
6175.0,50.75165449603116
6176.0,50.79844414807654
6177.0,50.53702379783955
6178.0,50.93296348227158
6179.0,50.96624128435883
6180.0,50.91670914707094
6181.0,51.36406915707567
6182.0,51.78286015444611
6183.0,51.98886272959898
6184.0,52.17108307694531
6185.0,52.5553035662959
6186.0,52.649782399086114
6187.0,52.282557155691684
6188.0,52.0672353279217
6189.0,52.080999137011325
6190.0,51.27913962926267
6191.0,50.12220777738558
6192.0,50.082285694802124
6193.0,50.38110022782229
6194.0,50.36109279012369
6195.0,50.37036762509033
6196.0,51.43933913867555
6197.0,52.469659219470294
6198.0,52.456254337037116
6199.0,52.049636208249254
6200.0,51.66432599621152
6201.0,51.63522587560394
6202.0,51.608402451694666
6203.0,51.58427944902443
6204.0,51.7818974513029
6205.0,52.39270872637106
6206.0,52.80787369695599
6207.0,52.90304415219461
6208.0,52.92005844283541
6209.0,52.959260555653785
6210.0,53.184853228561145
6211.0,53.32502990205854
6212.0,53.0146983092683
6213.0,52.47725248550802
6214.0,52.06897664153856
6215.0,51.66930356368087
6216.0,51.57491892335484
6217.0,51.63294634505359
6218.0,51.78326979823563
6219.0,51.697444487896874
6220.0,51.44365414975742
6221.0,51.287544867791254
6222.0,51.178592357838454
6223.0,51.14933109677353
6224.0,51.568645983307746
6225.0,52.21683503708637
6226.0,52.661591029239794
6227.0,52.963331994008726
6228.0,52.782368671773455
6229.0,52.25737801510736
6230.0,51.18642360776596
6231.0,50.53057888537732
6232.0,50.24454907614956
6233.0,50.050020795810006
6234.0,50.31602186825275
6235.0,51.16300858198762
6236.0,51.736219193749726
6237.0,51.709576801745655
6238.0,51.84413821526266
6239.0,51.40818376563828
6240.0,50.88924217485653
6241.0,50.86923618803569
6242.0,51.09443441408731
6243.0,50.78600682620875
6244.0,50.20823778583948
6245.0,50.02937689685067
6246.0,49.64678199534355
6247.0,49.22902318465504
6248.0,49.52919225867963
6249.0,50.5900150281957
6250.0,51.42129467846545
6251.0,51.7887128439916
6252.0,51.75475885347731
6253.0,50.8247765567007
6254.0,49.917697241410465
6255.0,49.48773285595533
6256.0,48.820138859464215
6257.0,48.822124170466495
6258.0,49.20662760285952
6259.0,49.95843253801147
6260.0,50.408214072991335
6261.0,50.67852304357673
6262.0,51.21334685432168
6263.0,51.50592716056074
6264.0,51.36568810206623
6265.0,50.97842854256067
6266.0,51.12528882177169
6267.0,51.110645257470026
6268.0,51.00203067070319
6269.0,50.82640462653303
6270.0,51.05593781671064
6271.0,51.35182108046523
6272.0,51.307967593207835
6273.0,51.44627514742899
6274.0,51.47688354454863
6275.0,52.00250106002408
6276.0,52.398981229627104
6277.0,52.48299573026183
6278.0,52.42137462874095
6279.0,47.9744035987925
6280.0,48.80847962878919
6281.0,48.8404712895541
6282.0,48.901012649669795
6283.0,50.12473135027503
6284.0,49.64526064216858
6285.0,51.54322399847303
6286.0,51.451848088129246
6287.0,52.37568075712298
6288.0,52.38796813783287
6289.0,52.098263221652225
6290.0,52.0893805732193
6291.0,51.3290841564122
6292.0,51.196449853321816
6293.0,52.15624082025326
6294.0,51.064298519520044
6295.0,51.09985077875509
6296.0,52.38832590071625
6297.0,51.03879421294852
6298.0,50.61559540067842
6299.0,51.767148360959034
6300.0,50.280466305717965
6301.0,49.21586802590315
6302.0,50.04246254949554
6303.0,50.323675561755756
6304.0,49.18957028418486
6305.0,49.97683867125234
6306.0,51.11731934792172
6307.0,52.047024959628885
6308.0,51.50189386818385
6309.0,52.98998931464049
6310.0,52.95154313182133
6311.0,52.93492005226279
6312.0,51.885353377572336
6313.0,52.87998448104582
6314.0,51.94322257711101
6315.0,51.043533793617385
6316.0,50.612726026441464
6317.0,50.06530842319309
6318.0,49.06745077799948
6319.0,48.76625858503759
6320.0,49.92802612141719
6321.0,49.90771161295352
6322.0,49.92275292070395
6323.0,50.62772746922325
6324.0,51.682390551190295
6325.0,51.99362400411148
6326.0,51.62756622184519
6327.0,52.1208441263492
6328.0,52.68477105235129
6329.0,52.80530363933651
6330.0,52.65910736848736
6331.0,52.29709569503
6332.0,52.520248967376716
6333.0,52.80299202674815
6334.0,52.31060170992702
6335.0,51.729320179328745
6336.0,51.31871572595364
6337.0,51.20682451737904
6338.0,50.8886477984632
6339.0,50.43809739883669
6340.0,50.92506915213733
6341.0,51.67291657491954
6342.0,51.91797435414863
6343.0,51.60526599590362
6344.0,51.398187551534775
6345.0,51.61068815080318
6346.0,51.32601000359501
6347.0,51.20937679786045
6348.0,51.587385217459456
6349.0,52.10465850186086
6350.0,52.70743879595941
6351.0,52.89720113275749
6352.0,53.05849083341183
6353.0,52.92675210622538
6354.0,52.43599770135311
6355.0,52.18879319527422
6356.0,52.32589581892885
6357.0,52.09914678734367
6358.0,51.54955085060082
6359.0,51.41813425114887
6360.0,51.68438356781432
6361.0,51.56020360875597
6362.0,51.00256845922272
6363.0,50.829447297112495
6364.0,51.213705070510585
6365.0,51.30308828866925
6366.0,51.44292136019885
6367.0,51.74855929163245
6368.0,51.8740520021798
6369.0,52.026655845924054
6370.0,52.131026316268894
6371.0,52.1733935443304
6372.0,52.25702060947806
6373.0,52.36285728906752
6374.0,52.73286644606624
6375.0,52.90041683956
6376.0,53.156828645277784
6377.0,53.29161305335528
6378.0,53.24554984101342
6379.0,53.141232203579946
6380.0,52.938584971152295
6381.0,52.8858570430607
6382.0,53.00953103562422
6383.0,53.07816149617935
6384.0,52.827703792471105
6385.0,52.7321379787916
6386.0,53.053610875912405
6387.0,53.175396470485026
6388.0,53.16313675509337
6389.0,53.23068411684306
6390.0,53.641661600575375
6391.0,53.83901707543158
6392.0,53.269147976010174
6393.0,52.30894922864636
6394.0,51.8614751526586
6395.0,51.90982380641186
6396.0,51.841452887817745
6397.0,51.97045895811423
6398.0,52.664379943687834
6399.0,52.1467194140308
6400.0,51.30860755760466
6401.0,51.507339179147294
6402.0,51.5549297953243
6403.0,51.50855182993763
6404.0,51.80494276079947
6405.0,53.14381169269644
6406.0,54.03503035148007
6407.0,53.23214573196299
6408.0,52.675451096001666
6409.0,52.692297636776836
6410.0,52.237751401190785
6411.0,51.29542454861952
6412.0,51.021532600498325
6413.0,51.76120411906201
6414.0,51.940433881677656
6415.0,51.53858317935879
6416.0,51.67902932198513
6417.0,52.231609083361704
6418.0,52.484351160766806
6419.0,51.93557666729997
6420.0,51.08553261477457
6421.0,50.77901945896251
6422.0,51.167196103760816
6423.0,51.52701934226284
6424.0,51.719245609856486
6425.0,52.23108413623207
6426.0,53.29678146859129
6427.0,54.01187872077714
6428.0,54.131941707044255
6429.0,53.83349343638233
6430.0,53.084830715808245
6431.0,52.58847407338888
6432.0,52.452027193628126
6433.0,52.2776830165163
6434.0,52.190574584346116
6435.0,52.48816471259008
6436.0,53.20554963252902
6437.0,53.51252719782926
6438.0,52.52583089558594
6439.0,51.73853528524552
6440.0,51.83072078401848
6441.0,51.81279476976835
6442.0,51.72951190020409
6443.0,51.88655947868928
6444.0,53.04827391782121
6445.0,54.002824823745804
6446.0,54.03864863147974
6447.0,54.07505733102149
6448.0,54.037454543104865
6449.0,53.28919166958697
6450.0,52.553205774446916
6451.0,52.60268265322443
6452.0,52.63148968144094
6453.0,52.51186329682495
6454.0,52.48237529290768
6455.0,52.673257761153316
6456.0,52.61235303749164
6457.0,52.54709271199916
6458.0,52.60538706554099
6459.0,52.5817159018949
6460.0,53.00274483262371
6461.0,52.945391306138944
6462.0,52.241160108864385
6463.0,51.38345401092191
6464.0,51.0283602011003
6465.0,50.663641711332986
6466.0,50.4507029752315
6467.0,51.72365580953298
6468.0,52.5340999040795
6469.0,52.75178211604183
6470.0,52.70606829283779
6471.0,52.28689283996117
6472.0,52.148608278105165
6473.0,52.443447083090625
6474.0,52.27712471028046
6475.0,52.077570143009865
6476.0,52.506581758359005
6477.0,52.10618071950358
6478.0,52.273590380127594
6479.0,52.75777407094489
6480.0,53.39334776050881
6481.0,52.92619296351005
6482.0,52.03342327142553
6483.0,52.21179323481598
6484.0,52.2594641682743
6485.0,51.55349977102436
6486.0,51.94068437670684
6487.0,53.09871915119015
6488.0,53.892861072125044
6489.0,53.78870234453651
6490.0,54.08278489616779
6491.0,53.83674975024889
6492.0,53.664803929855275
6493.0,52.02232869987313
6494.0,50.95701049955411
6495.0,48.61071721946754
6496.0,48.08726476067989
6497.0,47.677654469951726
6498.0,47.22098779418759
6499.0,48.152924962504365
6500.0,49.389784177053336
6501.0,50.77966804204738
6502.0,51.50338769862537
6503.0,51.36476676687534
6504.0,51.451467841565766
6505.0,51.83888153451851
6506.0,51.916262395670344
6507.0,52.06810502644526
6508.0,52.079022666998505
6509.0,52.2993348964166
6510.0,52.298796601816285
6511.0,52.64097590612128
6512.0,52.691726923606396
6513.0,52.76172637704737
6514.0,52.616561516621665
6515.0,52.90049370837121
6516.0,52.2275799845115
6517.0,51.8266853309116
6518.0,50.49039097016128
6519.0,51.195511372539016
6520.0,51.36826496406973
6521.0,51.14882236727016
6522.0,51.931283492524855
6523.0,52.31003499018587
6524.0,52.56761049752805
6525.0,52.54281816718823
6526.0,52.13844343019846
6527.0,52.51291199457642
6528.0,52.43815722493062
6529.0,52.39419170049783
6530.0,52.38213527160849
6531.0,52.49208788579314
6532.0,52.391885110958874
6533.0,52.19096141896966
6534.0,51.37637108130842
6535.0,51.87788242668443
6536.0,51.47274112394054
6537.0,51.67114420941678
6538.0,51.61431041406263
6539.0,51.7051155670994
6540.0,51.88084209530452
6541.0,51.741215950796786
6542.0,51.673178703346764
6543.0,51.884640036207536
6544.0,51.82250034806508
6545.0,51.540113492176786
6546.0,50.08350830634358
6547.0,50.46718103049257
6548.0,50.23960223408311
6549.0,50.05614130472474
6550.0,49.64436892805373
6551.0,50.53726184816996
6552.0,51.20849250587043
6553.0,51.31374659681423
6554.0,50.5009839974131
6555.0,50.5842845495753
6556.0,50.15003897281389
6557.0,49.979147095110996
6558.0,49.511382631588496
6559.0,48.399509058748116
6560.0,47.50094895875781
6561.0,45.63604705088687
6562.0,41.74431301563247
6563.0,38.07136108736337
6564.0,36.687214907002165
6565.0,36.456979776996704
6566.0,36.951531503535136
6567.0,40.08630527953187
6568.0,43.57228193025112
6569.0,45.73753140672033
6570.0,46.42100205178282
6571.0,46.787893636800035
6572.0,47.266680500817
6573.0,47.60342546226999
6574.0,47.5320711670066
6575.0,48.30394173188601
6576.0,48.60071680166986
6577.0,48.34811548593487
6578.0,49.37260109820703
6579.0,50.04999109545355
6580.0,50.65595417129779
6581.0,50.97063785665553
6582.0,51.18742340003024
6583.0,51.16608507808248
6584.0,51.393825229834384
6585.0,51.271206549830275
6586.0,51.42076182493444
6587.0,51.458424411502826
6588.0,51.33895725590798
6589.0,51.726120415999176
6590.0,51.876326573458556
6591.0,51.95161922296404
6592.0,51.29812326745009
6593.0,50.19756358173532
6594.0,49.62811720148854
6595.0,49.391500573447274
6596.0,49.22695529145075
6597.0,49.542738782841575
6598.0,50.20729668576702
6599.0,50.91651238737901
6600.0,51.22871262622452
6601.0,51.115513125104485
6602.0,51.51878553457194
6603.0,51.83754942815856
6604.0,51.86502622467567
6605.0,51.99267258837702
6606.0,51.9974626222685
6607.0,51.812615955009704
6608.0,51.47147693033981
6609.0,51.053979862557775
6610.0,50.962996002071684
6611.0,51.05960146907445
6612.0,51.106475882509294
6613.0,51.272199981125276
6614.0,51.69856604885805
6615.0,52.27435681908397
6616.0,52.341031050191816
6617.0,52.26817344645537
6618.0,52.27601630407582
6619.0,52.320510551169114
6620.0,52.28059544552548
6621.0,52.19943239419124
6622.0,52.14093675072124
6623.0,52.09727078915901
6624.0,51.98873791680447
6625.0,51.88277942992997
6626.0,51.84504173607887
6627.0,51.7695034174057
6628.0,51.68783607125733
6629.0,51.68935208888126
6630.0,51.53697218414029
6631.0,51.406936674325486
6632.0,51.18061710354475
6633.0,50.618004184603265
6634.0,50.067827826341215
6635.0,50.00530420742874
6636.0,50.1374178035359
6637.0,50.28595442245258
6638.0,50.79827436227707
6639.0,51.226996382787576
6640.0,51.45063848320245
6641.0,51.55386328828415
6642.0,51.373720405576
6643.0,50.94205371168327
6644.0,50.75605392667878
6645.0,50.98420120021479
6646.0,50.9117672067435
6647.0,50.655098181473875
6648.0,50.911027871671116
6649.0,51.351127611763914
6650.0,51.46798158156847
6651.0,51.47140091985697
6652.0,51.62600750034885
6653.0,51.718847833242705
6654.0,51.66126623568083
6655.0,51.594139908397175
6656.0,51.57059992674035
6657.0,51.64478963645578
6658.0,51.78259357773339
6659.0,51.701775375751154
6660.0,51.56112390469802
6661.0,51.534321635381346
6662.0,51.07190873214342
6663.0,50.28966982692539
6664.0,49.8226342585925
6665.0,49.97346835275288
6666.0,49.94505915938707
6667.0,49.868453981732614
6668.0,50.499937207816856
6669.0,51.38234593416603
6670.0,51.71317476109904
6671.0,51.924557574471194
6672.0,52.168308532627655
6673.0,52.328222370763676
6674.0,52.344937983169146
6675.0,52.298384688094714
6676.0,52.156278137663726
6677.0,51.398581324728966
6678.0,50.67637343518434
6679.0,50.499862045557265
6680.0,50.55514132622548
6681.0,50.54256940542131
6682.0,50.86291787067476
6683.0,51.61890238574044
6684.0,52.22026111899306
6685.0,52.31807851184039
6686.0,52.35327047141044
6687.0,52.29718537830114
6688.0,52.265972272840415
6689.0,52.36660320022528
6690.0,52.44266523557186
6691.0,52.43498344725942
6692.0,52.48851135655834
6693.0,52.65397999826191
6694.0,52.74408540782966
6695.0,52.46337120075805
6696.0,52.14712282555277
6697.0,52.10636634581039
6698.0,51.988032194549774
6699.0,51.732242186106454
6700.0,51.75469891072787
6701.0,52.13000376995585
6702.0,52.42397275006427
6703.0,52.334884810697275
6704.0,52.270913261725134
6705.0,52.31575283841466
6706.0,52.28015099750006
6707.0,52.21554391968296
6708.0,52.34989119421302
6709.0,52.64740236814825
6710.0,52.84231032669979
6711.0,52.86661997959832
6712.0,52.44531866289737
6713.0,52.02504987489546
6714.0,51.91671319592631
6715.0,51.90814452238479
6716.0,51.721381735319575
6717.0,51.57192731626107
6718.0,51.83560180023578
6719.0,52.27470289794779
6720.0,52.39557522630608
6721.0,52.404021678353736
6722.0,52.73072074237037
6723.0,53.11824500156424
6724.0,53.06372485349454
6725.0,52.676865701034764
6726.0,52.235775773204765
6727.0,52.08468558986983
6728.0,52.22991406532035
6729.0,52.298802589098166
6730.0,52.46718328480356
6731.0,52.81070758723557
6732.0,52.98675007067037
6733.0,52.999283593330794
6734.0,52.98897440874005
6735.0,52.97248899074578
6736.0,52.93935273718792
6737.0,52.93480608511186
6738.0,52.87373713388027
6739.0,52.770481051499615
6740.0,52.648594484838675
6741.0,52.63862771883713
6742.0,52.53091915767952
6743.0,52.439442294889204
6744.0,52.572642141561
6745.0,52.681052662843726
6746.0,52.63798088022764
6747.0,52.63081139405638
6748.0,52.66223826459741
6749.0,52.42654746778302
6750.0,52.09520012448923
6751.0,51.83943530934626
6752.0,51.69140682067302
6753.0,51.60247978230357
6754.0,51.72327049958189
6755.0,52.14490716971176
6756.0,52.55098243892798
6757.0,52.782802914034114
6758.0,53.02420384256584
6759.0,53.124840037831305
6760.0,53.000474960672776
6761.0,52.884611250611144
6762.0,52.91117522870959
6763.0,52.95159259478412
6764.0,52.81665949803105
6765.0,52.65545567573625
6766.0,52.48785349813701
6767.0,52.21413269424004
6768.0,51.942548091904264
6769.0,51.90762319213068
6770.0,51.896551141974214
6771.0,51.73842455819975
6772.0,51.859704148441864
6773.0,52.15756986004511
6774.0,52.3629847177224
6775.0,52.43356798776574
6776.0,52.524175847424665
6777.0,52.73486948502163
6778.0,52.85095634269316
6779.0,52.81852696758537
6780.0,52.84129582164766
6781.0,52.82828179853724
6782.0,52.596322730626454
6783.0,52.35200296435641
6784.0,52.162223106782385
6785.0,52.0241609398082
6786.0,51.75946291935456
6787.0,51.62533912436628
6788.0,51.833543349586996
6789.0,52.02747752807413
6790.0,52.0120389225901
6791.0,52.06421382309191
6792.0,52.009759057585505
6793.0,51.768603903811595
6794.0,51.51218077256959
6795.0,51.34925570568884
6796.0,51.223749753891255
6797.0,51.15532796210428
6798.0,51.13649077471368
6799.0,51.163563116983205
6800.0,51.23621916700581
6801.0,51.439393691186844
6802.0,51.6309612364031
6803.0,51.6697518115855
6804.0,51.81129274676877
6805.0,51.96750393349479
6806.0,51.622046693590015
6807.0,51.37332885390533
6808.0,51.50753859607604
6809.0,51.4725262359162
6810.0,51.38112794408108
6811.0,51.68944037330907
6812.0,52.20731127718932
6813.0,52.451052920745646
6814.0,52.2370487766622
6815.0,52.240829713489376
6816.0,52.35958313396314
6817.0,52.246117682198
6818.0,52.13521544207346
6819.0,52.123443067662976
6820.0,52.108495300369675
6821.0,52.04933107489528
6822.0,51.96540554113119
6823.0,51.895873786672794
6824.0,51.86638934885702
6825.0,51.968834743224164
6826.0,52.13569873593166
6827.0,52.04772253010706
6828.0,51.739810331663136
6829.0,51.54641269554048
6830.0,51.621219956546476
6831.0,51.6518434956053
6832.0,51.62927277670079
6833.0,51.86668242533414
6834.0,52.2585083335674
6835.0,52.537720628732636
6836.0,52.54071208252159
6837.0,52.56635297296807
6838.0,52.69584007354361
6839.0,52.66051835960998
6840.0,52.15495002287416
6841.0,51.64724663272667
6842.0,51.23190842921008
6843.0,50.93183056902727
6844.0,50.75670231434094
6845.0,50.98525200344596
6846.0,51.52818610777363
6847.0,52.18861264773898
6848.0,52.77050269158903
6849.0,53.25072739509199
6850.0,53.3730635886055
6851.0,53.18091081471792
6852.0,53.01266449162325
6853.0,52.948616896908185
6854.0,52.48015152909751
6855.0,51.78054625279529
6856.0,51.58886577956903
6857.0,51.64104447417547
6858.0,51.58410302528333
6859.0,51.658556509977124
6860.0,52.095867364131884
6861.0,52.1371503461021
6862.0,52.06387127285005
6863.0,52.31106894776575
6864.0,52.43552102948247
6865.0,52.331392899933434
6866.0,52.54646218115707
6867.0,53.132949799454465
6868.0,53.52297575989911
6869.0,40.32926105008032
6870.0,31.656708084040456
6871.0,36.21285630888554
6872.0,37.14673142627115
6873.0,33.14722716087476
6874.0,41.508291565958324
6875.0,40.730871103953824
6876.0,38.995941946124205
6877.0,39.36250777193134
6878.0,46.39182456666003
6879.0,41.36938680049674
6880.0,46.5906152118216
6881.0,44.739718347040856
6882.0,47.25123254047653
6883.0,52.13702996837682
6884.0,52.09973723053411
6885.0,51.742385349101916
6886.0,44.572242667050546
6887.0,51.244890431421155
6888.0,43.21353184065755
6889.0,42.79013263762648
6890.0,51.743060752768244
6891.0,42.13042645123313
6892.0,41.517451845753236
6893.0,52.35712773103811
6894.0,42.20107258385533
6895.0,40.60249974764127
6896.0,51.76362871488436
6897.0,51.80105686734315
6898.0,41.508942559435134
6899.0,41.14223864488383
6900.0,51.827590929812615
6901.0,51.83128013355408
6902.0,42.459025781303914
6903.0,42.413106004073214
6904.0,52.171792966478655
6905.0,52.042562467748404
6906.0,43.61649955015283
6907.0,43.30924451601697
6908.0,51.8158387983424
6909.0,52.04507915949511
6910.0,46.879944977337395
6911.0,43.5943896340876
6912.0,51.949597334628876
6913.0,52.10482128766154
6914.0,51.843915478883105
6915.0,45.6813562067067
6916.0,45.399060038777634
6917.0,50.98535110122836
6918.0,51.01503956802823
6919.0,51.15604856218734
6920.0,47.03797389337266
6921.0,47.15705847363815
6922.0,51.98340525330702
6923.0,51.985949525211865
6924.0,51.43102847846554
6925.0,47.789421437023414
6926.0,47.870288274493916
6927.0,51.51585787626555
6928.0,51.5519049420877
6929.0,51.21588600561813
6930.0,51.92489589826094
6931.0,47.51820431729273
6932.0,50.52029421145175
6933.0,51.22055318381486
6934.0,50.931210355204314
6935.0,51.20288874617648
6936.0,49.43495937699114
6937.0,50.41766950399637
6938.0,51.82085757189061
6939.0,52.266098486222006
6940.0,50.73127815055197
6941.0,52.257589069866484
6942.0,49.34449905573964
6943.0,51.150338532170586
6944.0,50.2366119651465
6945.0,51.79753665638866
6946.0,49.915501391039385
6947.0,51.624257200045896
6948.0,51.48512357763254
6949.0,49.72728199044259
6950.0,50.904473624317646
6951.0,50.78382564733568
6952.0,52.38771446634817
6953.0,51.74759376694142
6954.0,52.45382425030969
6955.0,52.044252534484365
6956.0,51.719924784213646
6957.0,52.83680467371448
6958.0,49.55783791900461
6959.0,52.403076176197956
6960.0,52.59946050432321
6961.0,51.40970930417091
6962.0,52.616049426835076
6963.0,50.69304167306172
6964.0,52.79193049202534
6965.0,52.90389123434147
6966.0,52.483720785823664
6967.0,52.67447887216298
6968.0,53.05859007455223
6969.0,53.01018233090593
6970.0,52.964792232014155
6971.0,52.90418279381925
6972.0,52.76171885708901
6973.0,52.34360671040899
6974.0,52.68032379411973
6975.0,52.591795086434644
6976.0,52.48254257445166
6977.0,52.240770172337925
6978.0,51.84182954093834
6979.0,50.794342663678485
6980.0,51.0926035241541
6981.0,51.11530206228347
6982.0,51.30559198814287
6983.0,51.312061334152745
6984.0,52.21444318747848
6985.0,52.82237699045709
6986.0,52.91027852337735
6987.0,52.667859614411284
6988.0,52.217545775619776
6989.0,51.8090206415589
6990.0,52.54356209912719
6991.0,50.899411578555544
6992.0,52.16081373000807
6993.0,52.72756648272836
6994.0,52.9771937169649
6995.0,52.197983890573056
6996.0,52.145257249302844
6997.0,53.21973823246246
6998.0,53.31537094087178
6999.0,52.87679388432078
7000.0,51.99134935303997
7001.0,50.368863645828505
7002.0,52.1759448624411
7003.0,51.83260126435318
7004.0,51.389135395686786
7005.0,51.76477261235877
7006.0,51.511205440930844
7007.0,50.03439618321993
7008.0,51.624011245756314
7009.0,52.11875078995396
7010.0,52.31488184921274
7011.0,52.41375049179147
7012.0,52.10549637279752
7013.0,51.25246697846681
7014.0,52.55138836982393
7015.0,51.95544512920238
7016.0,51.18600814490919
7017.0,50.60928813372857
7018.0,49.00705504222428
7019.0,51.21851249794907
7020.0,51.572679250741025
7021.0,51.593758731463716
7022.0,52.36417652363642
7023.0,52.107391847243484
7024.0,52.06313477933356
7025.0,50.64810721968435
7026.0,51.69413064845151
7027.0,51.57756800794547
7028.0,51.534781035411605
7029.0,50.16726000427993
7030.0,51.916139527340235
7031.0,52.59323263488707
7032.0,52.73011376873636
7033.0,52.81004805572873
7034.0,52.84616561541347
7035.0,52.985052851138676
7036.0,53.1349521303351
7037.0,52.8802620908928
7038.0,52.36970569690782
7039.0,51.40998697237515
7040.0,52.138725432092436
7041.0,52.33012184356258
7042.0,51.315618733566346
7043.0,52.909497706957175
7044.0,52.97819205190223
7045.0,53.38139025670259
7046.0,53.252974099301625
7047.0,53.362988152980584
7048.0,53.4062456720004
7049.0,52.97565146083
7050.0,53.4617778643484
7051.0,53.46136894127042
7052.0,53.16376935588751
7053.0,52.24669885841166
7054.0,52.60878998327712
7055.0,51.953422032415666
7056.0,52.48679322430581
7057.0,52.36490339934107
7058.0,52.53997399970644
7059.0,51.96534946299151
7060.0,52.2395427403009
7061.0,52.444464471158824
7062.0,52.46436495363631
7063.0,52.54994982132234
7064.0,52.7885662221238
7065.0,52.7211067917234
7066.0,53.16144819644461
7067.0,52.634701391557634
7068.0,51.74536419813116
7069.0,51.863835128134504
7070.0,51.78044945107341
7071.0,51.66933647804799
7072.0,51.61871155186496
7073.0,52.24213068185187
7074.0,52.78867538348834
7075.0,53.339719840923784
7076.0,53.5588028389583
7077.0,53.54494728173828
7078.0,53.7511102862397
7079.0,53.76970502768444
7080.0,53.15364421964675
7081.0,53.232411506260036
7082.0,53.22888654964285
7083.0,52.85437085580532
7084.0,52.321547609860666
7085.0,51.76198353752747
7086.0,51.52138146360742
7087.0,51.337566673988135
7088.0,51.31259406722218
7089.0,51.53937455535349
7090.0,51.01367132290748
7091.0,51.48331867730432
7092.0,51.45432898124246
7093.0,51.31755102328615
7094.0,51.52010819801434
7095.0,51.65619014123471
7096.0,51.83843747179975
7097.0,51.972216246834854
7098.0,51.96904124792288
7099.0,52.06985573555524
7100.0,52.16124898902552
7101.0,52.18892573035743
7102.0,52.37108042502345
7103.0,52.44770390970816
7104.0,52.422264356912464
7105.0,52.595764448019416
7106.0,52.49878243815926
7107.0,52.42080127124603
7108.0,52.01156229856709
7109.0,52.30264428347215
7110.0,52.13634773512024
7111.0,51.721473624411324
7112.0,51.64233931085446
7113.0,51.486141917377886
7114.0,51.26921546126365
7115.0,51.32345027123109
7116.0,51.30836250163021
7117.0,51.54481808359885
7118.0,51.68666779496082
7119.0,51.94008993397229
7120.0,51.66730764907341
7121.0,51.686987661733525
7122.0,51.33750165235772
7123.0,51.35898658251213
7124.0,51.26310925606871
7125.0,51.22273285155513
7126.0,51.36658303210258
7127.0,51.73890475768146
7128.0,52.05951839182995
7129.0,51.91627276639097
7130.0,51.20299751063907
7131.0,50.96764949632693
7132.0,50.75372657569237
7133.0,50.58342318475758
7134.0,50.62480751179278
7135.0,51.03067041989787
7136.0,51.31372687117094
7137.0,51.89512793288975
7138.0,52.09431637850733
7139.0,51.82900972947612
7140.0,51.93039068220427
7141.0,52.049297400809984
7142.0,51.80614469200771
7143.0,51.86841260479065
7144.0,51.89352565031627
7145.0,51.63438594235261
7146.0,51.80662847861778
7147.0,51.0548372144207
7148.0,50.265014962561935
7149.0,49.8426851387808
7150.0,49.32066164369013
7151.0,49.66535514339375
7152.0,49.5941785616789
7153.0,49.9632713934714
7154.0,51.35760284647784
7155.0,51.191787225960645
7156.0,51.16060042964404
7157.0,51.29904998199872
7158.0,51.00921883774805
7159.0,51.224994571151065
7160.0,51.26075987246583
7161.0,50.7950270247189
7162.0,51.79282789777775
7163.0,51.51843758035302
7164.0,50.23467510347773
7165.0,49.80202809828103
7166.0,48.74836052167481
7167.0,49.73356354156221
7168.0,49.47655705168222
7169.0,49.098209245326686
7170.0,48.249464077656285
7171.0,51.996843681065016
7172.0,50.21142985941143
7173.0,50.71030061965381
7174.0,52.15040854884438
7175.0,45.89350776924587
7176.0,48.42061329716352
7177.0,51.920773873586676
7178.0,49.24228025167701
7179.0,44.914048102943156
7180.0,47.46624366372489
7181.0,49.963277148734804
7182.0,50.452169120979114
7183.0,48.12730454917494
7184.0,45.21441990113006
7185.0,50.663174104401136
7186.0,45.04431776608677
7187.0,44.37831847390207
7188.0,41.93676495414424
7189.0,40.273658192179894
7190.0,48.41273707117208
7191.0,49.085916574229984
7192.0,49.81420272853463
7193.0,44.2300069826977
7194.0,43.70071004559963
7195.0,48.19193357918751
7196.0,43.9842828946918
7197.0,47.753884224914316
7198.0,49.50540492452506
7199.0,48.96961472969779
7200.0,47.039934055841144
7201.0,51.12626203496394
7202.0,47.755806155104885
7203.0,40.563679295005564
7204.0,51.303224066223244
7205.0,51.758996520961205
7206.0,43.18530090505893
7207.0,50.191235120741354
7208.0,43.21576597686502
7209.0,48.30467559775893
7210.0,49.54046988612303
7211.0,48.32301971289844
7212.0,48.76991867757982
7213.0,50.18254371409044
7214.0,51.2124023142584
7215.0,51.53571739020463
7216.0,51.34117481365417
7217.0,51.16570917692677
7218.0,50.42827557444005
7219.0,49.84025196795539
7220.0,50.67868189347655
7221.0,51.09937171815162
7222.0,50.994063646279585
7223.0,50.417030693487746
7224.0,50.144329075437696
7225.0,49.403878706112415
7226.0,46.99617786446175
7227.0,50.51549071174459
7228.0,51.02725544773687
7229.0,49.88006363912209
7230.0,49.74328036276408
7231.0,51.998198658886615
7232.0,52.06517331378067
7233.0,51.64399884763419
7234.0,49.72735752672125
7235.0,44.36709040317613
7236.0,49.20709583771384
7237.0,42.636184827073734
7238.0,47.114151902816495
7239.0,51.05464557199541
7240.0,50.704284009198325
7241.0,50.98380931820949
7242.0,48.75243143435396
7243.0,41.240854883301246
7244.0,51.06153261536549
7245.0,48.704552734756355
7246.0,43.79275945520448
7247.0,50.4308381348461
7248.0,47.59451509531398
7249.0,48.4802884872665
7250.0,50.982212161106034
7251.0,49.4238708719526
7252.0,48.947637458196226
7253.0,50.348119064373385
7254.0,44.53779497880073
7255.0,44.684890611775764
7256.0,46.616871140720804
7257.0,51.46822309766028
7258.0,51.58141377058996
7259.0,49.47218505187194
7260.0,48.680147939695324
7261.0,50.29106511145055
7262.0,49.79686921535666
7263.0,48.409637407253435
7264.0,48.96901540609133
7265.0,48.96196379823242
7266.0,49.48662067124074
7267.0,46.95772927613396
7268.0,44.871078269801984
7269.0,52.026289729476005
7270.0,51.73229431305103
7271.0,51.75766712635399
7272.0,49.06597746221007
7273.0,51.656426290214036
7274.0,51.51100825832514
7275.0,43.375035266678736
7276.0,50.920613059826145
7277.0,47.680323770606826
7278.0,48.26095464179591
7279.0,42.354588866689475
7280.0,48.179264200304964
7281.0,50.588753706913465
7282.0,50.38321174360892
7283.0,49.889690227072386
7284.0,49.008848693754
7285.0,49.77861925733983
7286.0,50.157275532748585
7287.0,50.21002677704623
7288.0,49.75507957836742
7289.0,45.63173203190419
7290.0,46.2452714962073
7291.0,49.21562910442407
7292.0,42.58639489404176
7293.0,45.70976939195711
7294.0,47.515745693401065
7295.0,48.01098699954705
7296.0,49.82526771178273
7297.0,48.59582868169356
7298.0,50.26988014329072
7299.0,51.41901289461556
7300.0,51.06992147885925
7301.0,51.32168518120908
7302.0,48.23136553005782
7303.0,50.7123940945008
7304.0,50.08444369269847
7305.0,46.91046733053655
7306.0,46.029094902189186
7307.0,50.61882538354458
7308.0,50.1771544976967
7309.0,50.50534719259121
7310.0,50.13327158536127
7311.0,47.209504121686784
7312.0,46.4797491117787
7313.0,49.23675251014792
7314.0,50.698718134865715
7315.0,48.754300728386205
7316.0,51.514168947033234
7317.0,50.986997997766146
7318.0,50.55188687281859
7319.0,49.148249046100325
7320.0,49.33884135523168
7321.0,47.89837667233097
7322.0,50.97273828405413
7323.0,50.342045056496026
7324.0,51.076671571094934
7325.0,50.849728575230834
7326.0,49.563512245976234
7327.0,50.269323428906524
7328.0,50.58091242855796
7329.0,48.72543806320718
7330.0,50.08850841601499
7331.0,50.738853360694236
7332.0,51.23691092667416
7333.0,50.03090166254765
7334.0,51.17021842239403
7335.0,50.12171001371976
7336.0,49.794300288595444
7337.0,50.52381778248343
7338.0,51.62311122223234
7339.0,51.82562340591201
7340.0,51.98107209624841
7341.0,51.86560528390037
7342.0,51.74612460598649
7343.0,51.575718784880955
7344.0,51.649576397424035
7345.0,51.69156642045241
7346.0,50.52368056517368
7347.0,50.73727207370846
7348.0,51.46673110696387
7349.0,51.375007920172074
7350.0,50.845242193022514
7351.0,50.27145418994647
7352.0,50.01150874425955
7353.0,51.09799904371374
7354.0,50.85452491015709
7355.0,50.07149399689763
7356.0,50.05495672384392
7357.0,50.151496508142216
7358.0,50.16140124165569
7359.0,49.99758917291709
7360.0,51.015824679406215
7361.0,50.8905179966837
7362.0,50.37029799758898
7363.0,50.464200751804746
7364.0,50.40529159506829
7365.0,50.625531947879146
7366.0,49.797044624161174
7367.0,50.77224808897147
7368.0,50.9120647531066
7369.0,51.64543848688899
7370.0,51.44986893347013
7371.0,50.23548973318718
7372.0,51.4162165403684
7373.0,51.26189286229542
7374.0,51.09982244567181
7375.0,51.29246050572556
7376.0,51.037019272198314
7377.0,51.19782166569923
7378.0,50.91827149904933
7379.0,50.99330087544122
7380.0,50.46704126283066
7381.0,51.09057074076888
7382.0,50.99093807389824
7383.0,50.836648636311715
7384.0,50.39787408003832
7385.0,50.19130754978483
7386.0,49.14619108136441
7387.0,49.59098785969591
7388.0,49.23053280821092
7389.0,48.76292351233457
7390.0,48.6317648731725
7391.0,48.989159627456864
7392.0,49.159265606903496
7393.0,49.216184361357456
7394.0,49.90247633868173
7395.0,50.52034804081395
7396.0,50.839562976436426
7397.0,50.77280471413113
7398.0,50.395040584028926
7399.0,50.62224044919207
7400.0,50.87652474213951
7401.0,50.49030359130203
7402.0,50.46460544589091
7403.0,50.51983310372168
7404.0,50.634185809784114
7405.0,50.68885491007966
7406.0,50.91129930208314
7407.0,51.357431050505035
7408.0,50.987940992790094
7409.0,50.35460134452964
7410.0,49.613873309519406
7411.0,49.61204093545419
7412.0,49.50253552200221
7413.0,49.30770994367262
7414.0,49.713047060679486
7415.0,49.75810687338386
7416.0,49.912994908219474
7417.0,49.80790890828987
7418.0,49.64883560962783
7419.0,49.50888255878117
7420.0,49.90325307585982
7421.0,50.1528313366677
7422.0,49.83255146494281
7423.0,49.208450538336955
7424.0,49.24148996680912
7425.0,49.39076064782491
7426.0,49.596716056083125
7427.0,49.88434716863921
7428.0,50.71631734080021
7429.0,51.54610091909232
7430.0,51.729523408268214
7431.0,51.592056236144266
7432.0,51.40747662089353
7433.0,51.277311310797025
7434.0,51.176350684272975
7435.0,51.19228555524923
7436.0,51.40923787971919
7437.0,51.631263706135094
7438.0,51.792403111013456
7439.0,51.8054666421467
7440.0,51.61264464824297
7441.0,51.34312336895669
7442.0,51.02266128947505
7443.0,50.79664490177347
7444.0,50.51930901752825
7445.0,50.08719145005824
7446.0,49.67181856859285
7447.0,49.853307918222846
7448.0,49.964211690949895
7449.0,50.000777376771495
7450.0,50.28906236194301
7451.0,50.70209727547224
7452.0,51.1505844556428
7453.0,51.19093347261542
7454.0,51.273611049670315
7455.0,51.47241241391887
7456.0,51.61316731063122
7457.0,51.651457410461674
7458.0,51.77373961104323
7459.0,51.92446361050455
7460.0,51.87917442261163
7461.0,51.35323780266763
7462.0,50.80919689885759
7463.0,50.47675743649022
7464.0,50.51129113521462
7465.0,50.51200814211281
7466.0,50.67889490619919
7467.0,51.145769777749834
7468.0,51.63884038302408
7469.0,51.864150904139954
7470.0,51.85981227099577
7471.0,51.79380110314433
7472.0,51.577952153853396
7473.0,51.38512982885018
7474.0,51.236507692310234
7475.0,51.12116086936112
7476.0,51.006194929203374
7477.0,50.93824362274302
7478.0,51.092093635230164
7479.0,51.25776494904215
7480.0,51.41615690007712
7481.0,51.49734785997964
7482.0,51.49099592965353
7483.0,51.36292865929531
7484.0,51.25156085815689
7485.0,51.20266937062848
7486.0,51.28018246499234
7487.0,51.3822400439486
7488.0,51.568564370404324
7489.0,51.697837752872786
7490.0,51.66316234177259
7491.0,51.42427894986096
7492.0,51.168463249356634
7493.0,50.896956580441454
7494.0,50.26890109855654
7495.0,49.64434528712282
7496.0,49.52125511135522
7497.0,49.76841148857528
7498.0,49.852176349191836
7499.0,50.005259897579755
7500.0,50.54762903129597
7501.0,51.175191452673815
7502.0,51.42750876183729
7503.0,51.54051884470272
7504.0,51.59523050169478
7505.0,51.58848916149426
7506.0,51.52148138330322
7507.0,51.511767110784334
7508.0,51.52147434658891
7509.0,51.344395758555436
7510.0,50.64189142798233
7511.0,50.01489204210782
7512.0,49.61947655920652
7513.0,49.71246404713912
7514.0,49.542202323329356
7515.0,49.627387803114736
7516.0,50.175411011637586
7517.0,50.93225130299341
7518.0,51.25018464472837
7519.0,51.25789622885643
7520.0,51.31744451905552
7521.0,51.39369176349086
7522.0,51.11823989501755
7523.0,50.80666093187629
7524.0,50.3950257548799
7525.0,50.261476434233366
7526.0,50.06962839247351
7527.0,50.3556613191367
7528.0,50.78236302675233
7529.0,51.28431734546447
7530.0,51.355382767000684
7531.0,51.33998492844853
7532.0,51.26137829484435
7533.0,51.19373078042361
7534.0,51.072213884247034
7535.0,51.08554086520546
7536.0,51.25316112798741
7537.0,51.4547878149979
7538.0,51.55956922752285
7539.0,51.553892233991455
7540.0,51.550024543019646
7541.0,51.48399954727799
7542.0,51.409819564184566
7543.0,51.354942140996876
7544.0,51.325842595496326
7545.0,51.29442316120327
7546.0,51.22725793047366
7547.0,51.11297732513511
7548.0,51.061754903943225
7549.0,51.130004714438925
7550.0,51.22690192301883
7551.0,51.27050337871522
7552.0,51.33888914675133
7553.0,51.43123906277592
7554.0,51.324531863804204
7555.0,51.09442865087814
7556.0,50.86366976782258
7557.0,50.891413903190376
7558.0,50.916697320506664
7559.0,50.72342854237733
7560.0,50.73152816345033
7561.0,50.84982753880619
7562.0,51.15010489471593
7563.0,51.16115584188446
7564.0,51.187483442016
7565.0,51.427179125892124
7566.0,51.752971258146935
7567.0,51.94624432508009
7568.0,51.61861870345865
7569.0,51.35171929946553
7570.0,51.211432618548685
7571.0,51.346061534685816
7572.0,51.277863292529695
7573.0,51.108411260108575
7574.0,51.155158521235215
7575.0,51.33931084605293
7576.0,51.4713061600676
7577.0,51.31489806967966
7578.0,51.1930902560208
7579.0,51.32553270691075
7580.0,51.552972538199406
7581.0,51.602000747730074
7582.0,51.42680946491336
7583.0,51.013110371656765
7584.0,50.63927970055517
7585.0,50.14352716733628
7586.0,49.88837863139656
7587.0,49.62359990709642
7588.0,49.77626107094883
7589.0,50.01386873711754
7590.0,50.501530441286945
7591.0,50.82205356495889
7592.0,51.07313939688356
7593.0,51.09709833397534
7594.0,50.887559271068824
7595.0,50.41793539812013
7596.0,31.802849887164825
7597.0,21.26641853511832
7598.0,19.748715497290927
7599.0,23.668146659147045
7600.0,27.227319221428246
7601.0,13.340241384534652
7602.0,15.127900701165013
7603.0,20.27069836432499
7604.0,5.997447320735569
7605.0,18.95448084200146
7606.0,8.423015938793283
7607.0,15.719716976117308
7608.0,12.608508142111878
7609.0,10.681048315280787
7610.0,12.706393936157989
7611.0,16.375356794681302
7612.0,16.194163167775255
7613.0,22.586858845900903
7614.0,15.010208663982098
7615.0,17.455883669144963
7616.0,38.20654014455756
7617.0,20.459805425117743
7618.0,25.638153047133493
7619.0,45.43569861275987
7620.0,47.51959569909925
7621.0,47.73673897560509
7622.0,45.394270615865224
7623.0,20.910399711387477
7624.0,44.14660235593733
7625.0,25.048365465613706
7626.0,24.476699721049407
7627.0,22.93424397943067
7628.0,44.3325077272397
7629.0,15.292828332691698
7630.0,15.828943320359087
7631.0,34.14793846042008
7632.0,43.071900516787615
7633.0,14.883794690795206
7634.0,13.955217303109908
7635.0,36.40899987713589
7636.0,44.150671249977734
7637.0,19.12135235652893
7638.0,17.071723681287747
7639.0,29.951594474397996
7640.0,45.45727751781632
7641.0,38.21766804551882
7642.0,17.157621688477004
7643.0,16.947769488474883
7644.0,45.506817084284094
7645.0,46.39649385717865
7646.0,22.08046468916054
7647.0,20.730186272370517
7648.0,35.57731324968593
7649.0,48.04376720344376
7650.0,48.086956403963775
7651.0,22.971271603776945
7652.0,21.764539859778388
7653.0,44.55351449216901
7654.0,48.50344262681079
7655.0,48.3297531096717
7656.0,27.013625377204747
7657.0,25.915595837439575
7658.0,43.91343975349958
7659.0,47.293375746894505
7660.0,47.4375474527437
7661.0,36.483295509174546
7662.0,32.78393732328482
7663.0,34.98297881940445
7664.0,46.7815026293539
7665.0,46.88665529950099
7666.0,46.839695215340065
7667.0,33.86013181787004
7668.0,33.58008939967714
7669.0,48.114550080890496
7670.0,49.610692371834745
7671.0,50.73395434146176
7672.0,50.22528162057092
7673.0,39.84059192949732
7674.0,39.84927464326393
7675.0,50.933008532100466
7676.0,51.13931930384192
7677.0,51.00571186070727
7678.0,50.4854414881889
7679.0,42.87102578443149
7680.0,42.60618756549898
7681.0,50.03438967040343
7682.0,50.10105993781513
7683.0,50.00792115374723
7684.0,49.95268986948151
7685.0,45.00133489925907
7686.0,45.074405744648764
7687.0,50.46675409366372
7688.0,50.35101992182531
7689.0,50.23921847373545
7690.0,49.97752723969499
7691.0,46.73641160623936
7692.0,46.323677659730414
7693.0,49.63029227724083
7694.0,49.803336690769214
7695.0,49.874747226470156
7696.0,50.10550960709726
7697.0,50.373999761936865
7698.0,48.491867466615204
7699.0,47.989686543544295
7700.0,49.35084501626347
7701.0,49.5778792304255
7702.0,49.49492699476092
7703.0,49.60055514283512
7704.0,50.035946046793306
7705.0,49.83453521556932
7706.0,50.04112357505967
7707.0,50.82964045364302
7708.0,50.81239968930709
7709.0,50.4594610287075
7710.0,49.97436314310145
7711.0,49.53924449299976
7712.0,49.08552777580052
7713.0,48.873101032725145
7714.0,48.874874660347274
7715.0,48.889984600592456
7716.0,49.36807908586961
7717.0,50.00874671056106
7718.0,50.06719488350065
7719.0,50.17753853553588
7720.0,50.232176346154006
7721.0,50.52247619907989
7722.0,50.06642287587566
7723.0,49.7399468841753
7724.0,49.33835431691428
7725.0,49.46635870970068
7726.0,49.26729021577686
7727.0,49.04959369584527
7728.0,49.13494537540371
7729.0,49.63222732313528
7730.0,50.02015596864817
7731.0,49.993574570024194
7732.0,50.24704570009158
7733.0,50.53320315731616
7734.0,50.801064791340636
7735.0,50.82387327921937
7736.0,50.72747337991553
7737.0,50.68659123120524
7738.0,50.79721328155245
7739.0,50.828708555489825
7740.0,50.87173792060616
7741.0,50.60626704615435
7742.0,50.34151837508979
7743.0,50.16237571377362
7744.0,49.98450427726195
7745.0,49.56778756517612
7746.0,48.98496015647613
7747.0,48.29132567309574
7748.0,47.876413145708725
7749.0,47.5159700738597
7750.0,47.41228134500633
7751.0,47.63038236615153
7752.0,47.885665837352484
7753.0,48.68554688435767
7754.0,49.37203085405643
7755.0,50.06339590513775
7756.0,50.35016381609142
7757.0,50.496777362590535
7758.0,50.51229501937404
7759.0,50.40434219276304
7760.0,50.30605194933999
7761.0,50.27457683024596
7762.0,50.26855727367656
7763.0,50.229181625564735
7764.0,50.21661458126621
7765.0,50.28048983766595
7766.0,50.394453437538935
7767.0,50.4732714529259
7768.0,50.47275043834419
7769.0,50.43462616949687
7770.0,50.343686402385465
7771.0,50.06051382782828
7772.0,49.77542451098321
7773.0,49.37198864286313
7774.0,49.04004253178493
7775.0,48.69852433670868
7776.0,48.58811304145299
7777.0,48.72337840722892
7778.0,48.925645234898916
7779.0,49.1415144715818
7780.0,49.31525546712817
7781.0,49.46927513359375
7782.0,49.56813035512978
7783.0,49.6505310605376
7784.0,49.70174081664084
7785.0,49.77129655219592
7786.0,49.838919343903584
7787.0,49.859553808321486
7788.0,49.627797437525025
7789.0,49.45742458997594
7790.0,49.33809892459088
7791.0,49.458560745361
7792.0,49.458094032579744
7793.0,49.511280470778885
7794.0,49.69807033896837
7795.0,49.90695793804101
7796.0,49.83733747462144
7797.0,49.56145112894489
7798.0,49.21503743212988
7799.0,49.0169119534187
7800.0,48.88949635787884
7801.0,48.75906875630561
7802.0,48.97457073115966
7803.0,49.20292928993835
7804.0,49.636053424095905
7805.0,49.83517580952358
7806.0,49.96359002748152
7807.0,49.87437767059514
7808.0,49.76963551785534
7809.0,49.632856269664636
7810.0,49.38445431679069
7811.0,49.05478149430677
7812.0,48.92242876960244
7813.0,49.13691033535547
7814.0,49.27839420520627
7815.0,49.4244766210564
7816.0,49.63867645750138
7817.0,49.917239069360306
7818.0,50.14278376335524
7819.0,50.14123085825721
7820.0,50.10769814265546
7821.0,50.03072624825691
7822.0,49.9917236298734
7823.0,49.978577489786396
7824.0,49.97568234830606
7825.0,49.882673044758484
7826.0,49.715370028198635
7827.0,49.62516036003767
7828.0,49.62903078069773
7829.0,49.74875580531077
7830.0,49.637648564755004
7831.0,49.201786641796105
7832.0,48.914242600310324
7833.0,48.74160217784325
7834.0,48.71324480906366
7835.0,48.33554103184571
7836.0,48.01351612960282
7837.0,48.29590484414503
7838.0,48.83884072717607
7839.0,49.247548753412595
7840.0,49.35552433464561
7841.0,49.507423987353576
7842.0,49.71611957141461
7843.0,49.83640707457837
7844.0,49.78604365731634
7845.0,49.69813792588093
7846.0,49.69523480565683
7847.0,49.6931184132671
7848.0,49.64757690895093
7849.0,49.55877524025459
7850.0,49.548698136490984
7851.0,49.39130952469691
7852.0,49.379232412151886
7853.0,49.28948535462486
7854.0,49.183998992667405
7855.0,48.71289317438773
7856.0,48.23165051388925
7857.0,48.0152943723889
7858.0,48.23990787578563
7859.0,48.30839942130137
7860.0,48.2447093090749
7861.0,48.63655421834284
7862.0,49.16869930124218
7863.0,49.628252684198635
7864.0,49.71699121643017
7865.0,49.690239582908966
7866.0,49.82206175605236
7867.0,49.753738483463934
7868.0,49.456635369765955
7869.0,49.76157174851718
7870.0,49.77325528607555
7871.0,49.75130729941786
7872.0,49.39016637423522
7873.0,49.558491146545535
7874.0,49.6723948350034
7875.0,49.35998413485725
7876.0,49.58265623734543
7877.0,49.389960237080224
7878.0,49.300893218307074
7879.0,48.86710655891947
7880.0,49.36883266429871
7881.0,49.27787650299691
7882.0,49.14346322040233
7883.0,49.044853888108015
7884.0,49.41800966999984
7885.0,49.5992250412376
7886.0,49.70204117369154
7887.0,49.57039287985053
7888.0,49.7976524385105
7889.0,49.233963026420234
7890.0,49.91417736457512
7891.0,49.74501392126926
7892.0,49.716485280836146
7893.0,49.57214785153999
7894.0,49.20583998538967
7895.0,49.821841733496804
7896.0,49.00545705251821
7897.0,49.56030011794829
7898.0,47.97199043759859
7899.0,49.74950874097905
7900.0,49.72628849629287
7901.0,49.759946010279606
7902.0,49.75949795423511
7903.0,49.5345963215003
7904.0,48.44194500231724
7905.0,49.590660641586815
7906.0,49.97962135230086
7907.0,50.244771717269444
7908.0,50.246852033839744
7909.0,50.13509128592779
7910.0,50.00474583784756
7911.0,48.324866485658305
7912.0,49.01486065388873
7913.0,48.444419746925824
7914.0,48.46614517733214
7915.0,48.61551041830933
7916.0,48.604073854738445
7917.0,48.54071332017161
7918.0,47.929251558881745
7919.0,48.38536937460461
7920.0,48.09605106472065
7921.0,48.66471394469677
7922.0,48.79933770962261
7923.0,47.73379515084673
7924.0,49.36043272102556
7925.0,49.47288671308347
7926.0,49.179147948683806
7927.0,48.712406163808915
7928.0,49.32925348391412
7929.0,49.20457778129525
7930.0,48.85206324327116
7931.0,47.07170443262385
7932.0,47.7821911043734
7933.0,47.760596951667345
7934.0,47.31364938128589
7935.0,47.71792310745195
7936.0,47.597554000231284
7937.0,47.578457178122186
7938.0,47.57349755957587
7939.0,47.748986111439955
7940.0,47.75084105664801
7941.0,47.78199057122044
7942.0,48.13937872543445
7943.0,48.39347437590229
7944.0,47.98988518374311
7945.0,47.587607363112724
7946.0,47.34364047862578
7947.0,47.289091196980735
7948.0,47.69787811420407
7949.0,48.05729051841535
7950.0,48.40906862065364
7951.0,49.45718643365572
7952.0,49.902032394579635
7953.0,49.58728302719979
7954.0,49.87523152335421
7955.0,49.71810917066477
7956.0,49.20315861648414
7957.0,49.35338814867469
7958.0,49.00654891008529
7959.0,49.02669132755873
7960.0,48.95433962389518
7961.0,48.02998036402077
7962.0,48.97457550819396
7963.0,48.247249704001575
7964.0,48.82979702926435
7965.0,47.73668120105199
7966.0,49.161532677338116
7967.0,48.817787171846604
7968.0,49.35768792284436
7969.0,49.35083581176118
7970.0,48.75428186783867
7971.0,49.100640249413594
7972.0,49.37704765968338
7973.0,49.22967578359981
7974.0,48.469294723860166
7975.0,49.23362510667327
7976.0,49.08083804597294
7977.0,49.13881434458817
7978.0,49.31022192629204
7979.0,49.18906624184699
7980.0,49.31106832449016
7981.0,49.40657510483116
7982.0,49.1929502116973
7983.0,49.1347100219206
7984.0,49.37103271616492
7985.0,49.45739658435167
7986.0,49.04237327894463
7987.0,48.85841162254758
7988.0,49.046311026475365
7989.0,48.99862366112324
7990.0,49.001456496253475
7991.0,49.1653011475415
7992.0,49.203713947298276
7993.0,48.880828079664056
7994.0,49.160456160682536
7995.0,49.070924130750754
7996.0,48.758804116945505
7997.0,48.91102863254563
7998.0,48.48465334652116
7999.0,48.04234837696
8000.0,47.41053114034629
8001.0,47.261750700360295
8002.0,47.30522526450762
8003.0,47.368551604625466
8004.0,48.65499071412622
8005.0,49.1626285353472
8006.0,49.49377648539627
8007.0,49.362542748044845
8008.0,49.61115604210639
8009.0,49.3579171863956
8010.0,47.5774028215794
8011.0,49.3522253470376
8012.0,49.29136219071419
8013.0,49.02434591011097
8014.0,49.23225801493033
8015.0,48.2274306981358
8016.0,48.75161814850657
8017.0,49.24073702584772
8018.0,49.28438106341751
8019.0,49.16165302690101
8020.0,48.871866434945964
8021.0,49.06253135640326
8022.0,49.09646466479255
8023.0,48.657205571466136
8024.0,49.02410261746715
8025.0,48.70129217516869
8026.0,48.64377270095034
8027.0,48.707325618396084
8028.0,48.36259395488457
8029.0,48.29045105223483
8030.0,48.01749103657744
8031.0,47.786057675242276
8032.0,48.861581690699296
8033.0,49.283322138691545
8034.0,49.48097039255388
8035.0,49.58490521702646
8036.0,48.66961698764119
8037.0,48.88093099400386
8038.0,49.0153838631543
8039.0,48.52605156561512
8040.0,49.2392698348552
8041.0,49.48857784882708
8042.0,49.17808970158611
8043.0,49.664368212336164
8044.0,49.43422919453058
8045.0,48.57338103660001
8046.0,48.18249884541719
8047.0,47.62176200372086
8048.0,46.97050696640443
8049.0,47.32878814821487
8050.0,47.555323132252475
8051.0,47.83422579941277
8052.0,48.56934366555438
8053.0,48.98386327201937
8054.0,49.157438823864176
8055.0,48.867230383907355
8056.0,49.23265413793806
8057.0,49.02459308855239
8058.0,49.215044375887466
8059.0,49.26256817291405
8060.0,49.37450828891902
8061.0,49.322473235032184
8062.0,49.1507474681022
8063.0,49.39428281706416
8064.0,49.277375564943554
8065.0,49.18274376344021
8066.0,49.25934323709769
8067.0,49.25082336294624
8068.0,49.25930518620661
8069.0,49.28973718095915
8070.0,49.08236596390925
8071.0,48.88472268653951
8072.0,48.28059806789614
8073.0,48.40540451684669
8074.0,48.577406714714115
8075.0,48.5648799225347
8076.0,48.681895012239316
8077.0,48.794739422126
8078.0,48.879715862719465
8079.0,49.14775831557474
8080.0,49.28817255092206
8081.0,49.0678273044151
8082.0,49.15230508183276
8083.0,49.10979506279507
8084.0,48.677935041758765
8085.0,48.48769842300858
8086.0,48.376597824934194
8087.0,47.92839824862943
8088.0,47.938060658489476
8089.0,48.53987584805633
8090.0,48.77319962557002
8091.0,48.923112130933696
8092.0,48.98586604244796
8093.0,48.20018669586531
8094.0,48.54726369453744
8095.0,48.62676384367128
8096.0,48.2876964106267
8097.0,48.05773619096795
8098.0,48.00724908894314
8099.0,47.6137009240226
8100.0,47.98760598804914
8101.0,47.70918377066663
8102.0,48.431149367647585
8103.0,48.795101652177244
8104.0,48.8544251139476
8105.0,49.113999257300954
8106.0,49.44959429364937
8107.0,49.15383636200953
8108.0,49.31438896321961
8109.0,49.132760869232555
8110.0,48.41256506529605
8111.0,48.981337862069644
8112.0,49.09954377482614
8113.0,48.847276625737784
8114.0,49.20046665046747
8115.0,48.60742061015765
8116.0,47.17640306271017
8117.0,49.040655336832664
8118.0,49.28591015762903
8119.0,49.275862918482396
8120.0,49.03440514356427
8121.0,48.50554724555591
8122.0,49.492876310422375
8123.0,48.81357503429662
8124.0,48.99815407578382
8125.0,48.26389365095724
8126.0,48.95558514639332
8127.0,49.015689233255415
8128.0,48.64387320658029
8129.0,48.43014322446625
8130.0,49.51920697568594
8131.0,49.61361168484177
8132.0,48.263588633076445
8133.0,46.85531743022492
8134.0,49.262273395987634
8135.0,49.06988658277337
8136.0,43.80260804710916
8137.0,45.49330138005931
8138.0,49.03222293496506
8139.0,47.62862348068381
8140.0,49.42272594016657
8141.0,48.96930155326691
8142.0,48.04854671882519
8143.0,44.86103776966776
8144.0,44.770329542635885
8145.0,49.18385586380668
8146.0,46.73785052111733
8147.0,48.78594711363619
8148.0,47.83307762649599
8149.0,46.266958706551236
8150.0,46.921602395355585
8151.0,44.75795039558227
8152.0,43.55863992374121
8153.0,49.047159907910164
8154.0,48.88091403528729
8155.0,44.83761793390009
8156.0,46.19683006060204
8157.0,40.73970842340063
8158.0,49.04499097640862
8159.0,49.047587797150875
8160.0,42.70943984158783
8161.0,48.76803763691359
8162.0,49.05288964935565
8163.0,48.249727979876106
8164.0,36.80306290006106
8165.0,41.474215950044815
8166.0,47.3185061216953
8167.0,36.86210119733869
8168.0,47.71770827440708
8169.0,48.66309064524313
8170.0,48.83791870284077
8171.0,43.42899749426082
8172.0,36.04209013525392
8173.0,48.39295331452104
8174.0,48.941700255089046
8175.0,48.80788997030421
8176.0,48.96635185707038
8177.0,48.384845249931665
8178.0,48.83815667282912
8179.0,36.968406147309196
8180.0,42.4983172771884
8181.0,40.39906632472217
8182.0,47.252409296809084
8183.0,47.37415740493673
8184.0,40.1160082439455
8185.0,45.68906278457841
8186.0,46.693622233371094
8187.0,46.97081710031783
8188.0,46.56904133216107
8189.0,42.68740816275518
8190.0,48.26721919654087
8191.0,43.84482973108633
8192.0,41.45548046139853
8193.0,48.69644314811954
8194.0,48.094108791332275
8195.0,39.43874133075826
8196.0,45.31845003545131
8197.0,46.638186406582314
8198.0,46.48167111560505
8199.0,46.39018719312863
8200.0,36.24164405774425
8201.0,45.650890033334555
8202.0,45.442025321048945
8203.0,43.62050563901718
8204.0,47.95295067893391
8205.0,48.21300357263945
8206.0,48.37301806553923
8207.0,47.67668842232562
8208.0,48.230139521399344
8209.0,48.04234821169635
8210.0,48.05790939141807
8211.0,47.887115418728406
8212.0,46.379462127140116
8213.0,46.631157941416696
8214.0,44.690679249671916
8215.0,46.68927810566599
8216.0,47.13842171456418
8217.0,46.96489025290405
8218.0,47.93227988771712
8219.0,47.810816392169585
8220.0,42.83985877615883
8221.0,46.65687319344104
8222.0,47.18622384320817
8223.0,47.061773460015345
8224.0,44.24547141782401
8225.0,47.962504374804716
8226.0,44.61282438964279
8227.0,48.505146287906044
8228.0,46.77675840551003
8229.0,38.27193239311894
8230.0,38.34272676265807
8231.0,33.01898664917438
8232.0,42.60882430456384
8233.0,43.382628791963526
8234.0,35.43685760389735
8235.0,47.532783753424155
8236.0,41.64764911216719
8237.0,47.24702367493085
8238.0,48.02220381740843
8239.0,48.28881455217811
8240.0,46.398741353792495
8241.0,48.244635259997295
8242.0,46.31095985505439
8243.0,48.11102183570534
8244.0,48.3596683305107
8245.0,46.87542496244409
8246.0,40.86586289702339
8247.0,48.47734760269822
8248.0,48.31856029469367
8249.0,47.794690720832705
8250.0,47.97458388783719
8251.0,47.845292756303614
8252.0,48.106696238997095
8253.0,48.37326517925466
8254.0,48.59513773224718
8255.0,46.01042563453268
8256.0,48.64727228839941
8257.0,48.45157563296058
8258.0,47.99323038018636
8259.0,39.29766591602149
8260.0,48.02598398934551
8261.0,48.73873959776436
8262.0,44.3907320802528
8263.0,48.5975055806263
8264.0,48.846223866886376
8265.0,48.52231753845848
8266.0,45.3626642758602
8267.0,48.471791701924865
8268.0,48.79225130532893
8269.0,48.83218979955924
8270.0,48.98368388394338
8271.0,48.59430287352733
8272.0,48.79077274118082
8273.0,48.80426313885541
8274.0,44.42925282772832
8275.0,47.796060761224965
8276.0,46.767760785879766
8277.0,40.286291516124756
8278.0,48.0318485749259
8279.0,42.56842432720483
8280.0,48.39671426099397
8281.0,48.154498579879956
8282.0,43.01961680542037
8283.0,48.53895917467121
8284.0,40.04248668439947
8285.0,47.78877760850012
8286.0,48.572296595944884
8287.0,48.516388244721725
8288.0,48.41049156648731
8289.0,48.21909094341815
8290.0,38.331225419241264
8291.0,47.226006458819214
8292.0,44.31325591473682
8293.0,48.13771018601644
8294.0,48.04907183563664
8295.0,47.97962324706225
8296.0,43.461500008481764
8297.0,42.843685584750276
8298.0,46.7001867408392
8299.0,48.214478164721726
8300.0,48.38770610712593
8301.0,48.479864669785776
8302.0,48.10167000118236
8303.0,43.39780543953193
8304.0,48.60361608057801
8305.0,48.40949215070175
8306.0,47.334362678749834
8307.0,38.62650057115446
8308.0,46.42893357040053
8309.0,47.34769795596313
8310.0,47.18545385521519
8311.0,47.36448789065214
8312.0,47.56734473992316
8313.0,47.89575544840956
8314.0,44.892120040294216
8315.0,48.48043047016031
8316.0,47.845282756156635
8317.0,48.86533638796651
8318.0,47.461611702142044
8319.0,47.05477917314151
8320.0,44.38543912678593
8321.0,46.916759926767725
8322.0,48.73106855812645
8323.0,46.64291614800901
8324.0,39.26935123982699
8325.0,48.600903966297714
8326.0,47.91391299951421
8327.0,47.18315097272219
8328.0,46.46159055438415
8329.0,45.832523832008576
8330.0,46.181868759677975
8331.0,45.8154390364386
8332.0,43.11234552947861
8333.0,46.78992438473878
8334.0,46.73038577599938
8335.0,46.37181387023062
8336.0,44.980627586378155
8337.0,46.684593684136686
8338.0,45.70579013937642
8339.0,47.111064414910295
8340.0,47.209880357028645
8341.0,42.123196864072
8342.0,47.003453123647766
8343.0,47.34055773963861
8344.0,46.70888481220652
8345.0,46.50020935346431
8346.0,47.02346126899121
8347.0,46.99786840849811
8348.0,47.03883844289159
8349.0,47.12856622342211
8350.0,47.14981863701957
8351.0,46.87827695875778
8352.0,46.90897236348499
8353.0,48.46456197068915
8354.0,48.671955608395905
8355.0,48.37991094540531
8356.0,47.512118342010275
8357.0,48.16258145312917
8358.0,48.65329097498578
8359.0,46.73391531173683
8360.0,47.736173765236494
8361.0,48.51007563848005
8362.0,48.04299375939686
8363.0,48.380006289010105
8364.0,47.12084447072999
8365.0,46.7655762825444
8366.0,47.82337904358272
8367.0,47.74332109650748
8368.0,47.82906525763347
8369.0,47.60536175971091
8370.0,46.74652786938462
8371.0,48.31224139122467
8372.0,48.33500054835683
8373.0,48.28965610544606
8374.0,48.421617099672176
8375.0,48.247084926718564
8376.0,47.00452538608
8377.0,47.786762807878596
8378.0,47.65618756850677
8379.0,46.34938771349414
8380.0,47.39354622838162
8381.0,47.50995837075336
8382.0,47.572491027586
8383.0,47.5857148445751
8384.0,47.499038100540496
8385.0,47.774273119093024
8386.0,47.0286050704141
8387.0,46.53464286872454
8388.0,45.84193821537987
8389.0,46.19986758845834
8390.0,46.30156877942935
8391.0,46.432031307249886
8392.0,46.83620204632795
8393.0,47.60242194560224
8394.0,48.34503463108967
8395.0,48.73515899968752
8396.0,48.13401186780414
8397.0,48.16329854035882
8398.0,48.297282425665266
8399.0,47.97448605732364
8400.0,47.81428260736595
8401.0,48.06787830888429
8402.0,47.89524771285552
8403.0,47.974600761828825
8404.0,48.28003578835093
8405.0,48.26287669167362
8406.0,48.31589243721086
8407.0,48.37376279499793
8408.0,47.927456470761875
8409.0,48.65912475256253
8410.0,48.544145316464004
8411.0,47.469877949187136
8412.0,47.966870210375895
8413.0,48.06368539133887
8414.0,47.99866766244778
8415.0,47.95909936889515
8416.0,47.765178576099885
8417.0,47.538712467627505
8418.0,46.834001560163756
8419.0,47.34670851710923
8420.0,47.27321121572151
8421.0,46.799501156290255
8422.0,47.28292268347532
8423.0,47.236006108212855
8424.0,47.26141879419751
8425.0,47.207408320802664
8426.0,46.97186354364722
8427.0,46.82015649536086
8428.0,46.760770514276764
8429.0,46.91269614211716
8430.0,46.97716410678438
8431.0,47.31068433776109
8432.0,47.317771578302285
8433.0,47.00834693625342
8434.0,47.028760624791104
8435.0,46.4164840921029
8436.0,46.14048487166553
8437.0,45.93534298362068
8438.0,45.86535677995831
8439.0,45.34123071391522
8440.0,45.93543405546368
8441.0,46.61104253658178
8442.0,47.184502021451195
8443.0,47.40877651711685
8444.0,47.81978220481286
8445.0,47.560312969840886
8446.0,47.851592343444366
8447.0,47.5679507297988
8448.0,47.55872906267076
8449.0,47.6098045138152
8450.0,47.70211867058711
8451.0,47.991880792885404
8452.0,48.26472855699086
8453.0,48.622621228098595
8454.0,48.7151341059288
8455.0,48.81579367485141
8456.0,48.76429364145232
8457.0,48.63790013018205
8458.0,48.46025566992673
8459.0,48.22636983349817
8460.0,48.18372470949286
8461.0,48.16980012553727
8462.0,48.09987571113752
8463.0,47.81438234830226
8464.0,48.18583341697215
8465.0,48.07246827055335
8466.0,48.05604143083895
8467.0,47.60023426635629
8468.0,47.0677583540608
8469.0,46.66598136418342
8470.0,46.36771956405289
8471.0,46.36690111549379
8472.0,46.22868637500682
8473.0,46.511979462085186
8474.0,46.93945955361805
8475.0,47.389474070056
8476.0,47.68457991885994
8477.0,47.68704489034419
8478.0,47.805580805491346
8479.0,47.754078452915834
8480.0,47.417544804667266
8481.0,47.20991213123078
8482.0,46.757352336386646
8483.0,46.75469231669618
8484.0,46.6894103990421
8485.0,46.57427853434441
8486.0,46.61776472265743
8487.0,46.65010032103861
8488.0,46.69795076781685
8489.0,46.44486287671889
8490.0,46.764119703626825
8491.0,46.82919116815547
8492.0,46.964726050938886
8493.0,47.00789657082225
8494.0,46.80140355526446
8495.0,46.69530995666637
8496.0,45.560873470966015
8497.0,43.6395263316615
8498.0,41.62228269960443
8499.0,39.74834598203968
8500.0,39.076916504283886
8501.0,38.951022773352676
8502.0,39.57532849921422
8503.0,41.42399942192247
8504.0,43.52557125854567
8505.0,45.34477569347641
8506.0,46.30318672540713
8507.0,46.75974914151847
8508.0,46.79636036144279
8509.0,47.260894833450955
8510.0,47.38226747667259
8511.0,47.40112860619905
8512.0,47.19287534473906
8513.0,46.548020097504434
8514.0,45.31212753520401
8515.0,44.64825337957201
8516.0,44.46032353391183
8517.0,44.3913096978131
8518.0,44.38215526045364
8519.0,44.944230252131305
8520.0,45.648037654661636
8521.0,46.42380074452393
8522.0,46.51031198315911
8523.0,46.972587358726415
8524.0,46.95244617862489
8525.0,46.60685863558942
8526.0,46.153803193541805
8527.0,45.37804867269645
8528.0,44.76809515167648
8529.0,44.22915518303443
8530.0,43.94809245456048
8531.0,43.70772261074143
8532.0,43.50846661843332
8533.0,43.45780263921613
8534.0,43.1173688350998
8535.0,42.955819148390376
8536.0,43.215556695319165
8537.0,43.08659309952633
8538.0,42.934733683081284
8539.0,41.955511956721466
8540.0,40.20113292236283
8541.0,37.399974895594355
8542.0,34.38048482383902
8543.0,31.97585608634605
8544.0,30.989158118456658
8545.0,30.947602520836615
8546.0,32.37349768229889
8547.0,35.04578680443954
8548.0,38.34279292311947
8549.0,41.36246450532055
8550.0,43.53124283242266
8551.0,44.645725575255554
8552.0,45.22320635354669
8553.0,45.62674180565364
8554.0,46.06989631886064
8555.0,46.27769341200689
8556.0,46.10490025379497
8557.0,46.202893263273225
8558.0,46.185089750007954
8559.0,46.13963066434522
8560.0,46.21808381013711
8561.0,46.285063896115616
8562.0,46.517418013239336
8563.0,46.64407768735806
8564.0,46.758581436123826
8565.0,46.655831541819836
8566.0,46.66271799317223
8567.0,46.59027822272013
8568.0,46.4796826078754
8569.0,46.33617806636128
8570.0,46.18251707426204
8571.0,46.01877443264878
8572.0,46.166200373647875
8573.0,46.18195745336349
8574.0,46.3298341083128
8575.0,46.37806631406006
8576.0,46.51770248385
8577.0,46.701221730914746
8578.0,46.82171144052709
8579.0,47.02928613347931
8580.0,47.016036434423434
8581.0,46.731203474161696
8582.0,46.478876203801775
8583.0,46.20333911186156
8584.0,46.068635301442065
8585.0,45.993854075626565
8586.0,45.96159928422562
8587.0,46.07051708119581
8588.0,46.26825744541253
8589.0,46.54524637052969
8590.0,46.743765798564674
8591.0,46.81677235477704
8592.0,46.9018584240754
8593.0,46.89583709284181
8594.0,47.05143528034588
8595.0,47.0677601206627
8596.0,46.99039346896641
8597.0,46.83970836960951
8598.0,46.701664322758454
8599.0,46.59625554854548
8600.0,46.53883790889141
8601.0,46.560512516065295
8602.0,46.598624802173
8603.0,46.72344086925609
8604.0,46.88516766901367
8605.0,46.951487430986546
8606.0,46.977453671800795
8607.0,46.95666836170844
8608.0,46.99023069114329
8609.0,47.088244225793275
8610.0,46.95732810910347
8611.0,46.788856833194636
8612.0,46.677089033368084
8613.0,46.59225212823039
8614.0,46.748991624204805
8615.0,46.55262592975526
8616.0,46.67082679507414
8617.0,46.85436459071259
8618.0,47.25644361794825
8619.0,47.615583195494445
8620.0,47.612697513525475
8621.0,47.68896900734612
8622.0,47.751836970173095
8623.0,47.98277983402789
8624.0,48.17901427296354
8625.0,48.30506831204164
8626.0,48.43001772153377
8627.0,48.53740692145348
8628.0,48.739563812837424
8629.0,48.7755642562586
8630.0,48.676403603281635
8631.0,48.46922386388008
8632.0,48.20335706914837
8633.0,47.93333660861353
8634.0,47.720188155999004
8635.0,47.65550297453446
8636.0,47.64341625925143
8637.0,47.70268418138681
8638.0,47.80471193481077
8639.0,47.97489791068019
8640.0,48.09790456459617
8641.0,48.1320259802821
8642.0,48.09374898043487
8643.0,48.029294746442915
8644.0,47.89721244048237
8645.0,47.7524358069619
8646.0,47.56041634262617
8647.0,47.18108817831277
8648.0,46.78965208769714
8649.0,46.42308395284556
8650.0,46.125163000651455
8651.0,45.883714666532605
8652.0,45.7036194186162
8653.0,46.037362311676844
8654.0,46.40391587548509
8655.0,46.80685014606286
8656.0,46.987724644875065
8657.0,46.93141714360344
8658.0,46.61453412468049
8659.0,45.74538890462003
8660.0,43.86624107763202
8661.0,40.88861671978287
8662.0,37.71842193522535
8663.0,35.10131804763817
8664.0,33.70145458376792
8665.0,33.84425592710423
8666.0,35.262840762310056
8667.0,37.989638261237374
8668.0,41.50928382223245
8669.0,45.012111292463025
8670.0,47.53699248066407
8671.0,48.46123350116987
8672.0,48.82780224483797
8673.0,48.7023496178374
8674.0,48.30331392076096
8675.0,47.93798083953645
8676.0,47.63339473768409
8677.0,47.57467755170559
8678.0,47.438205332466325
8679.0,47.37582627158377
8680.0,47.51534047077817
8681.0,47.70094412302533
8682.0,47.923424351057264
8683.0,47.924454323014
8684.0,47.900807400406876
8685.0,47.99515237512272
8686.0,48.006631949356084
8687.0,47.49982315779151
8688.0,46.571780393072025
8689.0,45.71383720622525
8690.0,45.06453329143482
8691.0,44.985011426028606
8692.0,44.988468383994324
8693.0,45.57645912312723
8694.0,46.41812155397199
8695.0,46.8067954323104
8696.0,47.11111099232475
8697.0,48.42089455854975
8698.0,49.010436356798905
8699.0,48.77855668100702
8700.0,48.57327016106316
8701.0,48.46393123027352
8702.0,48.42541537689572
8703.0,48.384460595871936
8704.0,48.492325432067155
8705.0,48.67706547907751
8706.0,48.92054187686898
8707.0,48.98494496026121
8708.0,48.87998680201909
8709.0,48.613921408566675
8710.0,48.327047608077
8711.0,47.92894487742881
8712.0,47.437631068541414
8713.0,47.122857031932625
8714.0,46.882348526405
8715.0,46.990506744286904
8716.0,47.17208191144255
8717.0,47.50078856233158
8718.0,47.87197551962654
8719.0,48.16523657862039
8720.0,48.606897195917334
8721.0,48.81730152390964
8722.0,49.06209270475249
8723.0,49.34453196870658
8724.0,49.597018825620296
8725.0,49.68303077358538
8726.0,49.58836200170393
8727.0,49.27111748948644
8728.0,48.9526849144631
8729.0,48.67283642778387
8730.0,48.493350097448975
8731.0,48.44023347538893
8732.0,48.41888868544218
8733.0,48.46473432545179
8734.0,48.26936838710336
8735.0,47.95977533204885
8736.0,47.610128562485535
8737.0,47.19371643457535
8738.0,46.96037767071522
8739.0,46.76464236360543
8740.0,46.71066151605582
8741.0,46.658790978401406
8742.0,46.64598228987099
8743.0,46.80275983556565
8744.0,46.718309875636905
8745.0,46.6236141445714
8746.0,46.456745533316045
8747.0,46.41403304251747
8748.0,46.40746012897321
8749.0,46.36013071236086
8750.0,46.17077455155199
8751.0,45.780533005908616
8752.0,45.54727808340877
8753.0,45.44080610829793
8754.0,45.51530640506602
8755.0,45.53330070916692
8756.0,45.43889144081136
8757.0,45.531220840919445
8758.0,45.703178433405576
8759.0,45.99279135061983
8760.0,46.27758435329977
8761.0,46.4850927346842
8762.0,46.9132711195709
8763.0,47.30309195986275
8764.0,47.69749284213249
8765.0,47.86402705397844
8766.0,47.840082970786575
8767.0,47.825267889887364
8768.0,47.82813332645041
8769.0,47.87829542123717
8770.0,47.86657851359446
8771.0,47.79859293901754
8772.0,47.57462064043942
8773.0,47.25223731111461
8774.0,46.98967267173549
8775.0,46.84093753197354
8776.0,46.78734257860987
8777.0,46.87632959517771
8778.0,47.0455724729512
8779.0,47.32729296610698
8780.0,47.62517479788237
8781.0,47.877414882512696
8782.0,47.920195938235416
8783.0,47.802573454342884
8784.0,47.81357984261268
8785.0,47.7620933624946
8786.0,47.803650857354604
8787.0,47.803339172671166
8788.0,47.767386223169886
8789.0,47.498361651598074
8790.0,47.32806515131923
8791.0,47.10028340663226
8792.0,46.63533072066269
8793.0,46.35943916569155
8794.0,46.05536230766524
8795.0,45.940192860129386
8796.0,46.17121729732936
8797.0,46.4076192997937
8798.0,46.789305355736246
8799.0,47.116186737698065
8800.0,47.46039071234162
8801.0,47.768392474477295
8802.0,47.74581214818726
8803.0,47.65733675684997
8804.0,47.33439910496692
8805.0,46.346866020271655
8806.0,45.05636484820536
8807.0,44.14230363483376
8808.0,43.29923531949328
8809.0,43.23666983114074
8810.0,43.28545023650894
8811.0,43.99852829960309
8812.0,44.94031040539031
8813.0,45.86396937567308
8814.0,46.55801183410768
8815.0,46.96549807676865
8816.0,46.94777319065847
8817.0,46.935562388530485
8818.0,46.900631967654235
8819.0,46.98442878638506
8820.0,47.1143628196485
8821.0,47.267670000390524
8822.0,47.165441574726366
8823.0,46.548778134745255
8824.0,46.2100216602227
8825.0,45.673540352033996
8826.0,45.4108544391078
8827.0,45.4566976072536
8828.0,45.45532738368318
8829.0,45.83707670784403
8830.0,46.33529352550584
8831.0,46.93350495428033
8832.0,47.363671759550286
8833.0,47.36462904660562
8834.0,47.21569064495323
8835.0,47.3534183798317
8836.0,47.28850336983268
8837.0,46.920490495510144
8838.0,46.44901113988974
8839.0,46.240525628037155
8840.0,46.03290676397228
8841.0,46.00670443045237
8842.0,45.977257622134566
8843.0,46.219623977985414
8844.0,46.4951072031862
8845.0,46.7515862607184
8846.0,46.95024643332219
8847.0,46.92889055805419
8848.0,46.79922594592416
8849.0,46.865438712935564
8850.0,46.899410883489516
8851.0,46.97335466128289
8852.0,47.059453811600065
8853.0,47.147090908051275
8854.0,47.25440166716735
8855.0,47.088934635411015
8856.0,47.208062955975045
8857.0,47.119057838040455
8858.0,46.937814702452506
8859.0,46.45371173338869
8860.0,45.41956469587737
8861.0,44.88740521038067
8862.0,44.597286680205876
8863.0,44.209829465968554
8864.0,43.83816970458508
8865.0,43.640102368719404
8866.0,43.530739435935736
8867.0,43.650117921676404
8868.0,43.92407177807066
8869.0,44.063365168101164
8870.0,44.7362160284667
8871.0,45.18125608646607
8872.0,45.60557756874198
8873.0,46.11235324112107
8874.0,46.571542051984466
8875.0,46.58427292705607
8876.0,46.59923588515902
8877.0,46.421545236592465
8878.0,46.29343635646477
8879.0,46.25880298473746
8880.0,46.20343670664463
8881.0,46.306650418711385
8882.0,45.52242055667961
8883.0,46.53533563884874
8884.0,46.55091902475939
8885.0,46.5621497563377
8886.0,46.764233964793334
8887.0,46.79164193469695
8888.0,46.829631885679625
8889.0,46.812856324046415
8890.0,46.81555802492766
8891.0,46.71458887306896
8892.0,46.54689555682041
8893.0,46.45069978215674
8894.0,46.35588774917345
8895.0,46.3858316972738
8896.0,46.340521721605626
8897.0,46.40289136089485
8898.0,46.62950848314995
8899.0,46.40018966635375
8900.0,46.849587797360925
8901.0,46.75511249079758
8902.0,46.828060547235275
8903.0,46.49450838502091
8904.0,46.90856930406373
8905.0,46.974887824572114
8906.0,47.024439269836485
8907.0,47.03584389795335
8908.0,46.977921650114524
8909.0,46.91036964325377
8910.0,46.41116826716947
8911.0,46.53539874501496
8912.0,46.375301261129444
8913.0,46.1154066599174
8914.0,46.133254036967934
8915.0,46.217445870709824
8916.0,46.338385725288795
8917.0,46.48650758058855
8918.0,46.293436186277596
8919.0,46.45506792780733
8920.0,45.48897924659381
8921.0,46.200981532563965
8922.0,45.7446611340748
8923.0,45.63800593450253
8924.0,45.53141896128953
8925.0,45.43900486182348
8926.0,45.28369591409292
8927.0,45.17694491329513
8928.0,44.98122176447399
8929.0,44.537658129287635
8930.0,44.858589492392596
8931.0,44.21913948965405
8932.0,43.972212420948395
8933.0,43.844131394026924
8934.0,45.60714270399012
8935.0,45.93264887775585
8936.0,45.600217758668606
8937.0,44.98891257897408
8938.0,46.325694229745864
8939.0,46.69812484113987
8940.0,46.62941396920702
8941.0,46.50992661772111
8942.0,46.143197634376094
8943.0,43.88047739470455
8944.0,45.164971541678234
8945.0,43.568031290183825
8946.0,44.65676974794942
8947.0,44.13354027473741
8948.0,44.44028370042641
8949.0,40.700051524851915
8950.0,44.798286046661566
8951.0,43.08957672850661
8952.0,45.4361731563392
8953.0,45.30859859250673
8954.0,44.35043701262841
8955.0,43.534641386185875
8956.0,46.28380942295917
8957.0,37.20725965301898
8958.0,44.71455404005236
8959.0,46.469437249158574
8960.0,46.306749129804516
8961.0,44.07375840655162
8962.0,46.66582902261369
8963.0,46.46505383389063
8964.0,46.079182942662214
8965.0,35.88064554756435
8966.0,40.07795468170212
8967.0,45.358224937820914
8968.0,37.246107570742865
8969.0,40.39517282170677
8970.0,45.21269499485249
8971.0,45.09252751616806
8972.0,45.25998063778487
8973.0,44.35518225741469
8974.0,32.192358259502264
8975.0,43.80328759775057
8976.0,45.42107064851072
8977.0,37.45499779201299
8978.0,45.2459797004006
8979.0,43.53969078027673
8980.0,45.612489000102784
8981.0,45.76498737324695
8982.0,45.57438584774839
8983.0,30.98406845517984
8984.0,44.76186366958059
8985.0,46.11222422038222
8986.0,46.095191428071175
8987.0,45.87979471243861
8988.0,45.699848296917956
8989.0,35.28478803576534
8990.0,29.11452060279477
8991.0,40.94801481273269
8992.0,39.14552453546249
8993.0,34.89522102351847
8994.0,28.525464559802387
8995.0,41.00488583837598
8996.0,44.75327038157918
8997.0,45.6459134840331
8998.0,45.110756877309186
8999.0,44.85080748361566
9000.0,44.37807996826501
9001.0,43.88444662796434
9002.0,42.30167068403137
9003.0,24.927207073564116
9004.0,43.9390672538286
9005.0,44.66253926965042
9006.0,31.34460201549677
9007.0,43.5282139725699
9008.0,44.74757909337485
9009.0,42.216123583162044
9010.0,34.55803321745054
9011.0,42.29288957874138
9012.0,41.62753090012075
9013.0,42.279540087602385
9014.0,32.330065273140356
9015.0,40.07412080646442
9016.0,41.526705485933086
9017.0,42.15988260215178
9018.0,41.898172420418305
9019.0,22.197588564492165
9020.0,40.29905976052965
9021.0,42.37255179878947
9022.0,43.8336661709239
9023.0,43.80118089142144
9024.0,43.951758123674786
9025.0,31.99585704055409
9026.0,43.85573110067766
9027.0,44.36486856765671
9028.0,32.130955612234224
9029.0,40.89435384273548
9030.0,45.40499268872797
9031.0,45.41834121997239
9032.0,43.3038222017394
9033.0,45.261679651933854
9034.0,39.36317331694811
9035.0,45.47689853302927
9036.0,45.91712977928393
9037.0,45.1239528333478
9038.0,45.87857299953393
9039.0,46.123745430927286
9040.0,46.13503685618812
9041.0,46.12677146204368
9042.0,45.56386568171111
9043.0,44.700597301804756
9044.0,45.43005969366274
9045.0,39.624230032726814
9046.0,45.772288358656105
9047.0,46.32796081852186
9048.0,46.31584922473712
9049.0,46.26344600700991
9050.0,44.312315212932496
9051.0,45.31125565944746
9052.0,46.05853383143392
9053.0,45.609519477165485
9054.0,44.91598610804833
9055.0,40.78629655736945
9056.0,42.81359419386193
9057.0,45.87873212520245
9058.0,46.18710628790606
9059.0,46.01443428382673
9060.0,45.443024754399985
9061.0,44.94357079836645
9062.0,44.37883150882875
9063.0,37.83686776875743
9064.0,42.59385329789787
9065.0,39.53905208114576
9066.0,41.61198209071642
9067.0,42.432242984234335
9068.0,44.7567372755351
9069.0,45.69943984156804
9070.0,45.513528007733974
9071.0,42.075136416507256
9072.0,33.69385948365321
9073.0,45.37986588725973
9074.0,35.63223402975855
9075.0,39.2962905514497
9076.0,44.035703819243686
9077.0,37.70942836152015
9078.0,44.927079192548035
9079.0,44.674502904635155
9080.0,44.40632880052906
9081.0,42.461943092746715
9082.0,31.894493992642023
9083.0,41.35335347025079
9084.0,34.4861725626317
9085.0,44.996801944470796
9086.0,45.29742093461414
9087.0,44.96991158307563
9088.0,42.69823262689602
9089.0,31.69322895285973
9090.0,34.79174010512681
9091.0,42.91418082403204
9092.0,40.43161784643905
9093.0,41.090657948200814
9094.0,43.28297977043479
9095.0,38.61470158304577
9096.0,38.79905849527179
9097.0,43.23624450038299
9098.0,40.516218206988434
9099.0,44.240296262890084
9100.0,44.0905868173355
9101.0,41.114823167392686
9102.0,33.51844591029917
9103.0,36.51516257620255
9104.0,44.402949634899045
9105.0,45.1476570539672
9106.0,45.217869195693474
9107.0,44.90673172724215
9108.0,35.583818902731714
9109.0,40.95832232913654
9110.0,37.37443996199935
9111.0,38.92433165021249
9112.0,44.430441374431965
9113.0,43.98736874635592
9114.0,44.37687115454233
9115.0,43.8006801945556
9116.0,44.10338461234169
9117.0,43.93623732284141
9118.0,41.73714201314719
9119.0,42.26436259891298
9120.0,39.031566552701875
9121.0,30.368474319294393
9122.0,39.07022039328266
9123.0,43.88231197915458
9124.0,44.93975045902972
9125.0,45.45990303994466
9126.0,45.19829779122031
9127.0,42.67056026409575
9128.0,45.70371221380987
9129.0,45.475908580865664
9130.0,42.78863015926748
9131.0,40.43865271017587
9132.0,40.0276024805138
9133.0,31.41534783020575
9134.0,44.483601223059345
9135.0,42.33554971392625
9136.0,45.51829744474829
9137.0,38.77349950854676
9138.0,39.981519021205486
9139.0,27.20631334058427
9140.0,40.08194615967781
9141.0,45.3892631058206
9142.0,44.95610170637703
9143.0,43.70300690155042
9144.0,44.47181699320883
9145.0,44.170183869307195
9146.0,43.26955787781898
9147.0,41.75257735722658
9148.0,44.0572936893753
9149.0,43.59847275291112
9150.0,44.062633940588825
9151.0,43.43047114940991
9152.0,43.59572490139765
9153.0,40.63491062261723
9154.0,41.847739437812585
9155.0,34.50632344582727
9156.0,36.69637580291164
9157.0,44.4684737186824
9158.0,25.48526037700678
9159.0,39.88766798808238
9160.0,45.00462993492901
9161.0,45.15827981568034
9162.0,44.22726678649211
9163.0,39.26630979062333
9164.0,44.567522267294294
9165.0,43.52939603667012
9166.0,43.643971194571584
9167.0,43.455918911993955
9168.0,44.95764647488918
9169.0,44.86927239187489
9170.0,40.216062613027006
9171.0,41.98234468929844
9172.0,42.97099679967618
9173.0,43.87716316576723
9174.0,42.88055906604745
9175.0,39.62042802266068
9176.0,41.00251250708122
9177.0,29.765131949423647
9178.0,36.691197495215896
9179.0,37.865768416807605
9180.0,42.488147769556186
9181.0,42.213971828964034
9182.0,44.55349086198502
9183.0,44.83877249952606
9184.0,42.472211717775096
9185.0,44.72268943150484
9186.0,43.508786182994406
9187.0,35.671074199709345
9188.0,41.643534944941585
9189.0,44.557199757838056
9190.0,44.83899947221429
9191.0,45.248077805736315
9192.0,45.21104527811764
9193.0,43.74744169989003
9194.0,44.20763409490618
9195.0,41.019591960733635
9196.0,45.1471555634151
9197.0,44.94668224600934
9198.0,34.17466810397895
9199.0,41.94974212264443
9200.0,44.74158143742168
9201.0,44.58959137779589
9202.0,43.83702648409083
9203.0,44.41120891262172
9204.0,44.47665814753524
9205.0,44.63225169413192
9206.0,44.5775725662791
9207.0,44.2970220625447
9208.0,42.209113961529134
9209.0,42.816003367226145
9210.0,42.12912864171485
9211.0,41.84486939724934
9212.0,43.15270217042123
9213.0,42.87338435943142
9214.0,42.94803900360548
9215.0,40.50647567559054
9216.0,42.60637807351478
9217.0,38.20414317961271
9218.0,42.45435915605398
9219.0,42.57004993102006
9220.0,36.378939711455146
9221.0,43.9510271782614
9222.0,44.01973934971004
9223.0,43.99595216310049
9224.0,43.72277291699905
9225.0,42.87490440424305
9226.0,43.859124742939464
9227.0,41.2776588024479
9228.0,39.66637410215371
9229.0,41.89949961223187
9230.0,41.299184278143386
9231.0,39.96392013525048
9232.0,39.73280113272948
9233.0,40.1940437222916
9234.0,41.4973371112215
9235.0,40.77123456567501
9236.0,43.139689945990774
9237.0,40.58722587079859
9238.0,41.80047564942411
9239.0,43.38111033349534
9240.0,42.36080713207048
9241.0,39.69765711712411
9242.0,41.59485474067953
9243.0,42.58920266688938
9244.0,44.21382957531789
9245.0,42.90350559100248
9246.0,42.62462797586428
9247.0,40.105400750147176
9248.0,42.747511425434446
9249.0,38.840669106424954
9250.0,43.97174947788103
9251.0,44.18920864573123
9252.0,42.471762677275464
9253.0,43.667836258833624
9254.0,39.693347316518256
9255.0,43.44175875823681
9256.0,42.64584022237561
9257.0,41.59108169456848
9258.0,41.86432593529921
9259.0,41.87081583509554
9260.0,42.034103007189074
9261.0,42.06094639687913
9262.0,41.18975783934691
9263.0,38.159693876289815
9264.0,41.89325246624033
9265.0,41.428064745358256
9266.0,43.13577537019624
9267.0,44.29942597282058
9268.0,44.30981619959128
9269.0,43.34161900897415
9270.0,44.544962146179564
9271.0,44.44894864621921
9272.0,43.14129044507511
9273.0,43.93669064631324
9274.0,44.706525236071094
9275.0,42.52286670659039
9276.0,41.36838355117921
9277.0,44.26317826544382
9278.0,42.663180961842116
9279.0,43.65805671106333
9280.0,42.810279891954934
9281.0,33.93385180914228
9282.0,37.810632951221834
9283.0,39.20353871606172
9284.0,44.042593510399136
9285.0,42.657797509643174
9286.0,44.574409146636285
9287.0,37.245523389995675
9288.0,38.25385648730804
9289.0,36.179952556347644
9290.0,42.91861068354958
9291.0,40.00267592658601
9292.0,40.637392448560874
9293.0,43.03075635273439
9294.0,37.85868655427018
9295.0,42.32450424950525
9296.0,39.42825679707745
9297.0,36.207492945143166
9298.0,34.9095150254924
9299.0,42.90697760692702
9300.0,31.770886011301602
9301.0,37.159886285089364
9302.0,43.930841807757716
9303.0,28.20437934778569
9304.0,32.87250986448572
9305.0,41.543357716671885
9306.0,33.554352401829945
9307.0,36.95712707969946
9308.0,43.84607620077902
9309.0,43.06564925800838
9310.0,34.011800080492186
9311.0,26.559880003258442
9312.0,15.56634456502781
9313.0,41.3448003487676
9314.0,37.36489834166397
9315.0,42.349869621148756
9316.0,42.58780809364748
9317.0,39.48818536795818
9318.0,22.15642280979583
9319.0,6.25707236804285
9320.0,29.68855364367233
9321.0,35.4527483639263
9322.0,26.239240171542317
9323.0,36.633943237687845
9324.0,41.50993886850865
9325.0,30.317847666090007
9326.0,27.172934659159875
9327.0,20.687928159080194
9328.0,8.568668232218334
9329.0,40.01401447297534
9330.0,25.465316970982173
9331.0,35.23191944070649
9332.0,42.8918421143041
9333.0,36.953122097018124
9334.0,27.937792766838623
9335.0,40.486553569143965
9336.0,14.736453437571507
9337.0,15.634424390914903
9338.0,32.63359452298788
9339.0,29.707684483533214
9340.0,29.88858127486099
9341.0,26.231014043424317
9342.0,15.108002086991402
9343.0,39.639903243752585
9344.0,37.552090906133316
9345.0,8.249128320984047
9346.0,10.250580589000423
9347.0,13.180949052510952
9348.0,8.816100419556035
9349.0,31.30699829849659
9350.0,38.752508379133296
9351.0,41.087340029661405
9352.0,41.89603872713866
9353.0,35.61750224560784
9354.0,41.562049387095065
9355.0,34.13689248443386
9356.0,10.20084221125247
9357.0,8.16786024306137
9358.0,33.423750667611834
9359.0,37.48129732857458
9360.0,10.548524945193979
9361.0,6.500917412801111
9362.0,33.75145587838178
9363.0,38.40863400713482
9364.0,34.81592014269398
9365.0,41.36587716382142
9366.0,39.73864823536783
9367.0,27.431876509944026
9368.0,28.523429892950602
9369.0,15.726370336275368
9370.0,36.47867162818918
9371.0,38.1940876002804
9372.0,12.817777962466613
9373.0,28.69286358456321
9374.0,4.495127756854972
9375.0,31.87682648362351
9376.0,37.78828069416687
9377.0,40.42901832582792
9378.0,33.3438294838903
9379.0,39.16145602284955
9380.0,12.370311277410863
9381.0,31.208722292204268
9382.0,27.15934521974167
9383.0,27.106937830867754
9384.0,9.739691218468138
9385.0,32.744336136607195
9386.0,37.12886410364411
9387.0,41.880288201358866
9388.0,40.80737599598106
9389.0,15.793076012126146
9390.0,19.78949672156228
9391.0,40.746792454253665
9392.0,42.94860177104089
9393.0,42.082574529861695
9394.0,34.89649017232126
9395.0,41.26977680251435
9396.0,43.08604935270516
9397.0,38.611510556320276
9398.0,43.03559666565751
9399.0,38.77188268788566
9400.0,43.38049253635287
9401.0,36.93904095434345
9402.0,28.47270645160112
9403.0,34.26839163321428
9404.0,31.7178047336229
9405.0,37.01189482707715
9406.0,35.87185740776802
9407.0,36.726643365597106
9408.0,39.76388444649918
9409.0,35.7381799702475
9410.0,37.95660382862559
9411.0,39.50037639907586
9412.0,31.533089665932156
9413.0,14.691764301554565
9414.0,34.643047331549845
9415.0,37.874098651269215
9416.0,34.33132774341275
9417.0,35.90805799246431
9418.0,39.53608536284101
9419.0,37.760284476661624
9420.0,18.37804168407424
9421.0,36.29797554075247
9422.0,41.78033823368691
9423.0,38.6150170030621
9424.0,28.886541139678148
9425.0,36.05829069987648
9426.0,42.215757584714765
9427.0,41.22968333767196
9428.0,39.668187721099194
9429.0,17.488164327858925
9430.0,14.6514922257031
9431.0,9.126493901918197
9432.0,36.35074949172264
9433.0,18.377965923989947
9434.0,37.1332651875366
9435.0,41.23223217812335
9436.0,41.534508723766336
9437.0,41.52272955173008
9438.0,41.21997884549556
9439.0,39.408365435329415
9440.0,17.962028769480195
9441.0,22.91701385126779
9442.0,36.80583369119537
9443.0,11.401984636287883
9444.0,13.47720177480086
9445.0,29.250019402660953
9446.0,18.73066558025037
9447.0,32.64555454935601
9448.0,37.48367466843105
9449.0,30.383202548317037
9450.0,42.26040514975491
9451.0,41.83317314742766
9452.0,33.91172383012632
9453.0,31.38712877788583
9454.0,42.13724093532378
9455.0,41.48512614934893
9456.0,38.551954024155414
9457.0,13.017920235060386
9458.0,33.63905613849751
9459.0,17.22861787470955
9460.0,38.858880396781004
9461.0,41.15198456163867
9462.0,28.049053799677537
9463.0,13.04684471070493
9464.0,13.374359485127833
9465.0,39.870286381429395
9466.0,41.519639799709765
9467.0,36.76260460031615
9468.0,31.444047027009525
9469.0,41.977810611200276
9470.0,35.19818454127819
9471.0,29.283962974874623
9472.0,21.263981401854874
9473.0,34.655289497515035
9474.0,42.65874743323132
9475.0,42.20405368535328
9476.0,41.104301461177435
9477.0,23.013099609960506
9478.0,29.120358164288188
9479.0,33.279042753357
9480.0,42.51872560278686
9481.0,41.88274390998855
9482.0,37.06417851918617
9483.0,14.122373760469683
9484.0,10.404832368258534
9485.0,21.39471098056257
9486.0,40.77276772152201
9487.0,41.73152600127278
9488.0,39.05689323121789
9489.0,36.17013440422526
9490.0,35.035818101397965
9491.0,43.33398682121373
9492.0,41.75117917942483
9493.0,42.652054978416565
9494.0,40.60679553026969
9495.0,40.935061550910405
9496.0,20.859022536631674
9497.0,8.848456340859846
9498.0,37.972968025465704
9499.0,38.226263151690276
9500.0,19.382933686516537
9501.0,38.70441024129524
9502.0,27.680032955022547
9503.0,17.596760145945936
9504.0,6.668054391952303
9505.0,34.65481842943872
9506.0,41.30117163848607
9507.0,40.385525591789495
9508.0,35.879502300439015
9509.0,40.90663258264973
9510.0,41.734585209715654
9511.0,40.621157208261906
9512.0,42.27516647548458
9513.0,38.20498066369989
9514.0,42.078240415997456
9515.0,39.00913114810865
9516.0,37.09265082496046
9517.0,36.843106642329325
9518.0,42.00151026075626
9519.0,27.362912086938078
9520.0,16.91524567778167
9521.0,37.62181881665614
9522.0,23.21646224570619
9523.0,36.47361671872147
9524.0,35.16522999610461
9525.0,9.076381256554527
9526.0,36.17867974257366
9527.0,39.7595322328646
9528.0,27.865943015310243
9529.0,40.892704010705
9530.0,34.064185773793646
9531.0,23.035998241308565
9532.0,30.43318537028936
9533.0,42.344897789025154
9534.0,35.52437640910593
9535.0,42.26016925946125
9536.0,38.07574620392497
9537.0,41.33758272660336
9538.0,33.09912427253819
9539.0,23.636951960582888
9540.0,41.87069534547989
9541.0,33.50578197911409
9542.0,41.97096548392083
9543.0,35.371263662760654
9544.0,32.09759431525639
9545.0,39.49875107315621
9546.0,26.691497455572858
9547.0,10.529024770026783
9548.0,32.44421502517763
9549.0,32.02511425259276
9550.0,37.36793674780945
9551.0,32.329940793748584
9552.0,38.77157701700932
9553.0,37.18258234905712
9554.0,39.958008234594956
9555.0,39.84766228130914
9556.0,18.37217936314418
9557.0,24.340570653237094
9558.0,40.31500148662239
9559.0,31.667402421799355
9560.0,18.32631932510513
9561.0,34.699452772124296
9562.0,42.05240029766259
9563.0,42.82377494303853
9564.0,42.618101460488546
9565.0,28.460194860740266
9566.0,34.987939188786015
9567.0,32.61767881798452
9568.0,26.319592162184225
9569.0,19.60266524840118
9570.0,38.292938710772006
9571.0,36.00398998283373
9572.0,34.186112517144515
9573.0,36.72964969383591
9574.0,28.518012796190316
9575.0,40.396862803023254
9576.0,42.08813177115358
9577.0,42.29937035592165
9578.0,40.56417171103382
9579.0,42.22644852946023
9580.0,37.748687993249106
9581.0,43.09590306160074
9582.0,32.85317569773756
9583.0,26.61059591327309
9584.0,18.938281101953653
9585.0,39.76296263098889
9586.0,42.160712757528124
9587.0,41.99557605150093
9588.0,41.19558861536742
9589.0,39.24008705061034
9590.0,35.931926631134814
9591.0,30.14831080544438
9592.0,24.219986758822706
9593.0,31.5962302138652
9594.0,30.125377515888886
9595.0,24.329042626781536
9596.0,41.66838825426531
9597.0,29.926632552225698
9598.0,40.45272497659642
9599.0,39.51772777657184
9600.0,35.571939351889235
9601.0,32.81861848530917
9602.0,35.12223184045222
9603.0,40.33017699128673
9604.0,39.27717243203761
9605.0,42.56571089058477
9606.0,39.761578225129995
9607.0,33.42165551200178
9608.0,25.532790183607784
9609.0,33.43743135040565
9610.0,40.25945223328203
9611.0,36.1953355921071
9612.0,40.909355372163624
9613.0,31.75185828878686
9614.0,43.1855829685321
9615.0,43.27100638184863
9616.0,43.29146014465997
9617.0,37.38667162194895
9618.0,27.17143580735814
9619.0,43.10432980292502
9620.0,42.227197016877795
9621.0,32.04382771751671
9622.0,41.10445795203325
9623.0,33.06802164397698
9624.0,25.97867202133283
9625.0,29.905094312096683
9626.0,40.14809606979356
9627.0,37.14401058059795
9628.0,34.018383867884666
9629.0,28.456335443144738
9630.0,42.09578297675296
9631.0,37.00746792792815
9632.0,41.631869659403
9633.0,41.625700303795185
9634.0,42.93127305158589
9635.0,43.0116216238879
9636.0,41.5223483907102
9637.0,41.91675982624777
9638.0,37.94315908204639
9639.0,29.4412136493448
9640.0,20.88529896073104
9641.0,38.891855264863544
9642.0,42.37839268449126
9643.0,31.286949091076206
9644.0,41.83164292288023
9645.0,42.930091839697404
9646.0,40.027485602669344
9647.0,41.16773636820809
9648.0,19.92252275432559
9649.0,31.73353394513093
9650.0,42.37898132788034
9651.0,38.44171951866898
9652.0,40.90538217974577
9653.0,41.48983097727644
9654.0,41.78609314916721
9655.0,36.99370333659225
9656.0,39.30707089945624
9657.0,37.326969223007396
9658.0,41.07420204107791
9659.0,39.6814451345207
9660.0,36.10084505668285
9661.0,41.54984532201344
9662.0,38.182848063126855
9663.0,37.72167221086745
9664.0,36.1363749664376
9665.0,26.11211424121068
9666.0,38.36708420721383
9667.0,34.35467774663941
9668.0,41.60838463269562
9669.0,41.00354041070516
9670.0,38.134594988984794
9671.0,41.86980428829984
9672.0,41.23796666075494
9673.0,27.487176446603225
9674.0,41.64376608240819
9675.0,42.55962622626582
9676.0,42.56045271256328
9677.0,42.40346594380087
9678.0,42.2940807669233
9679.0,42.336178893472585
9680.0,42.62692739039565
9681.0,42.79744921735041
9682.0,42.29398201764004
9683.0,28.08574060356933
9684.0,38.744787811232875
9685.0,41.91851249805032
9686.0,43.20807113143228
9687.0,42.55896757581985
9688.0,42.735379424285235
9689.0,40.83335615407777
9690.0,42.84294314067985
9691.0,41.3465510224195
9692.0,42.346129543509846
9693.0,42.15133149965395
9694.0,41.27757757774642
9695.0,39.66532700146166
9696.0,42.91098150644266
9697.0,41.612110851128335
9698.0,42.587208460846796
9699.0,43.34129143491804
9700.0,43.1501473088331
9701.0,40.41962905857091
9702.0,42.572241243066685
9703.0,40.72992353618377
9704.0,31.368439032578063
9705.0,42.11292917308214
9706.0,42.65531904249257
9707.0,42.551738042303356
9708.0,41.59152553648492
9709.0,42.54945569064705
9710.0,42.654795626494106
9711.0,41.60966641293554
9712.0,38.75781003074026
9713.0,42.944150994311606
9714.0,43.03123816859929
9715.0,42.561222040894286
9716.0,43.012946616737594
9717.0,42.52451566356462
9718.0,30.30459979105938
9719.0,42.32201887822753
9720.0,42.920786545176114
9721.0,43.0760442266873
9722.0,42.85134465807306
9723.0,42.84805413887818
9724.0,43.07846170331731
9725.0,42.682606442216226
9726.0,35.422466430530434
9727.0,37.06645821870813
9728.0,42.36239086463755
9729.0,41.66243695170959
9730.0,41.70861228307445
9731.0,41.57544756884585
9732.0,42.39376931238984
9733.0,38.507459829457076
9734.0,41.77492710326858
9735.0,42.78394279131627
9736.0,42.6027293474402
9737.0,40.1835266049521
9738.0,34.06022713581305
9739.0,31.990697918191767
9740.0,36.27669763300618
9741.0,39.41114583914173
9742.0,41.421091833461126
9743.0,41.87019023271026
9744.0,41.644048927065
9745.0,41.69051567307125
9746.0,27.63546935241755
9747.0,41.01394725832725
9748.0,41.46353660612923
9749.0,42.0649567775629
9750.0,42.04644403428917
9751.0,41.738902284755426
9752.0,28.98602241203981
9753.0,42.32466857169389
9754.0,42.98044634887416
9755.0,42.84100981474828
9756.0,38.24135637114462
9757.0,37.628838475637345
9758.0,41.60422608454933
9759.0,41.14997591675847
9760.0,31.26463815373348
9761.0,38.30889040810498
9762.0,42.10804965876386
9763.0,42.46570572245328
9764.0,40.582489369007256
9765.0,36.49492719573957
9766.0,34.283358846855954
9767.0,40.64321743025257
9768.0,37.26746296228664
9769.0,41.99443680215593
9770.0,42.27664313165532
9771.0,40.380712503242435
9772.0,42.21190375971046
9773.0,42.61450961972531
9774.0,42.64834603522488
9775.0,42.64594477130443
9776.0,41.63487036045562
9777.0,38.944209266882616
9778.0,42.87419175035966
9779.0,41.204593283056056
9780.0,41.29635709814559
9781.0,42.59730687009573
9782.0,37.52101270804825
9783.0,42.34379321590285
9784.0,42.097342691761405
9785.0,30.929022019330663
9786.0,40.87178163091379
9787.0,41.787007568728214
9788.0,41.53188389620334
9789.0,41.250818883122626
9790.0,38.35380723295199
9791.0,41.743728127371284
9792.0,41.268400145206016
9793.0,41.27416463116681
9794.0,35.49100805820581
9795.0,41.55644027138999
9796.0,33.0844423023013
9797.0,42.382618174336606
9798.0,41.50488700775409
9799.0,42.61956038844254
9800.0,42.4134689489966
9801.0,42.097041434247046
9802.0,36.866863226666474
9803.0,41.81682687040382
9804.0,35.346694554468236
9805.0,40.08870813284057
9806.0,38.98313898371183
9807.0,42.69634749679775
9808.0,42.47402677502345
9809.0,42.72324869737122
9810.0,42.95334552715511
9811.0,42.06505343890602
9812.0,42.843504174671466
9813.0,42.54010342561553
9814.0,42.87092672013412
9815.0,42.07927607599523
9816.0,40.4175804182618
9817.0,42.818302309857316
9818.0,41.95459929106505
9819.0,41.78812633753409
9820.0,41.44136879085929
9821.0,42.15777865867977
9822.0,42.810404483628886
9823.0,42.779821244881155
9824.0,41.392441553975644
9825.0,42.123657433266374
9826.0,42.2786530504421
9827.0,41.22623036704395
9828.0,36.35086515801401
9829.0,40.66529057703322
9830.0,42.418162531610044
9831.0,42.66445853232116
9832.0,42.5603004612899
9833.0,42.42653833042426
9834.0,41.39981547729134
9835.0,39.15188088150795
9836.0,42.24406399394278
9837.0,42.26327252676363
9838.0,41.89442793625593
9839.0,42.133926353109594
9840.0,42.49102262480914
9841.0,42.408785069291866
9842.0,42.57238447336706
9843.0,42.07815541448208
9844.0,42.50572358153425
9845.0,40.27475567987966
9846.0,42.083266177444656
9847.0,40.936186519257895
9848.0,42.32053759282788
9849.0,42.11048190610924
9850.0,42.254740051312986
9851.0,42.21214335319097
9852.0,38.9470623118697
9853.0,42.00827185580283
9854.0,42.397154124803805
9855.0,42.4887088447038
9856.0,42.37938569876248
9857.0,42.49981651404577
9858.0,42.5552736448033
9859.0,42.44270992484824
9860.0,42.08362670708779
9861.0,42.40015593487451
9862.0,42.28702451054109
9863.0,42.054508776589365
9864.0,41.85862202515092
9865.0,42.00970743606934
9866.0,42.11434976295797
9867.0,42.20412042404958
9868.0,41.931725263145644
9869.0,42.517136322129055
9870.0,42.37162644720145
9871.0,42.12991580966098
9872.0,42.16387766110448
9873.0,41.32645140433688
9874.0,42.103390236919715
9875.0,42.00883346441763
9876.0,40.59456929209983
9877.0,41.23398079121226
9878.0,42.335729259489106
9879.0,42.530103938360305
9880.0,42.631707420074434
9881.0,42.13286125054954
9882.0,42.54064011361149
9883.0,42.50489081583105
9884.0,42.51073516962759
9885.0,42.54525516569167
9886.0,42.52855940704583
9887.0,42.32041504841104
9888.0,42.197941051237
9889.0,41.93984339675909
9890.0,41.688245794928804
9891.0,41.31777959553091
9892.0,41.18944962778446
9893.0,41.19025942565094
9894.0,41.35008965893711
9895.0,41.76334690019464
9896.0,41.96861335919951
9897.0,42.04779701777749
9898.0,42.1693410177823
9899.0,41.95843198150027
9900.0,41.78830966868061
9901.0,41.68436885678165
9902.0,40.71396992264921
9903.0,41.37937182076875
9904.0,41.681163778737776
9905.0,41.97061260766606
9906.0,42.166717974795
9907.0,42.35468123526341
9908.0,42.299494358659196
9909.0,42.46921288500694
9910.0,42.47683889491458
9911.0,42.023135844422725
9912.0,42.24475346049462
9913.0,41.94471066313337
9914.0,41.933174718780506
9915.0,41.804956611330965
9916.0,41.76856393695551
9917.0,41.88074883326646
9918.0,41.91267676833013
9919.0,42.23127745285486
9920.0,42.427289399400216
9921.0,42.57589324061881
9922.0,42.491104326137766
9923.0,42.306644696115214
9924.0,42.501988063446525
9925.0,42.420873980308095
9926.0,42.28285093732362
9927.0,42.338974693329526
9928.0,42.3475898307286
9929.0,41.47927174883273
9930.0,41.873777061383855
9931.0,42.27612450008826
9932.0,42.09376121389487
9933.0,42.17090212675476
9934.0,42.053864845014125
9935.0,42.15524488220486
9936.0,42.22647536371061
9937.0,42.160267296155894
9938.0,42.33983871068301
9939.0,42.39953828483087
9940.0,42.478876943123794
9941.0,42.476102937752074
9942.0,42.37586542739246
9943.0,42.33775604569542
9944.0,42.186064096338136
9945.0,42.32406461007535
9946.0,42.31508983151338
9947.0,42.296713887598486
9948.0,42.294173119340854
9949.0,42.27793478239349
9950.0,42.25639176394557
9951.0,42.21556975292811
9952.0,42.17784562345303
9953.0,42.05974508521926
9954.0,42.07524625108318
9955.0,42.08950721516934
9956.0,42.14969975458466
9957.0,42.21414024458332
9958.0,42.13363563809858
9959.0,42.24294796470994
9960.0,42.10594939808764
9961.0,42.21578326700846
9962.0,42.22477507563031
9963.0,42.212145398686964
9964.0,42.17480928245055
9965.0,42.217381752373676
9966.0,42.251338155099376
9967.0,42.25787616983656
9968.0,42.259594907039315
9969.0,42.268431066416824
9970.0,42.06109825582731
9971.0,42.28940648430464
9972.0,42.25222438231819
9973.0,42.29008041075639
9974.0,42.28762854035712
9975.0,42.29481154866316
9976.0,42.27412508480267
9977.0,42.23343903907171
9978.0,42.23626552100714
9979.0,42.2029794452978
9980.0,41.91185601740557
9981.0,42.20249159419504
9982.0,42.19117819481166
9983.0,42.202607885591156
9984.0,42.19571248096101
9985.0,42.14272129970028
9986.0,42.09986440644376
9987.0,41.88877357203499
9988.0,42.06923738296126
9989.0,42.003644558369295
9990.0,42.09578765889031
9991.0,42.0899068250423
9992.0,42.01498213356371
9993.0,42.0615040408184
9994.0,42.05860561778598
9995.0,41.971106110157905
9996.0,41.55396361191994
9997.0,41.87638739786517
9998.0,41.89234524870682
9999.0,41.908048957846546
10000.0,41.87013060908807
10001.0,41.90192948079373
10002.0,41.68000858590879
10003.0,42.003104192591984
10004.0,42.03587756281124
10005.0,42.08716724929203
10006.0,42.15049060303224
10007.0,42.172084303689935
10008.0,42.188385556332086
10009.0,42.19696484714996
10010.0,42.18082004132043
10011.0,42.15486119206391
10012.0,42.14314627120755
10013.0,42.00392685706813
10014.0,42.0369466206793
10015.0,42.08870769505525
10016.0,42.204074614722984
10017.0,42.22058574817958
10018.0,42.17892508250554
10019.0,41.683437100232354
10020.0,41.44793404667261
10021.0,41.89720851854882
10022.0,42.05198330485967
10023.0,42.06978383141545
10024.0,41.78377247354642
10025.0,41.76464578605707
10026.0,41.63392243781481
10027.0,41.84453169257963
10028.0,41.79388307336927
10029.0,41.714374618672316
10030.0,41.724164418481486
10031.0,41.67692905835459
10032.0,41.64655723665094
10033.0,41.62530164780672
10034.0,41.55462811198861
10035.0,41.461653253057825
10036.0,41.41187859155232
10037.0,41.36107863273548
10038.0,41.303098735704836
10039.0,41.249505958687486
10040.0,40.876311977882324
10041.0,41.210278817388165
10042.0,41.29767460096284
10043.0,41.271551509386214
10044.0,41.02889893796988
10045.0,40.95969553766207
10046.0,40.8005074008302
10047.0,40.32817804008822
10048.0,39.68880479469218
10049.0,39.01997314287469
10050.0,38.392136601672405
10051.0,37.834922569878835
10052.0,37.71872800755074
10053.0,37.8796841640112
10054.0,38.30418989149003
10055.0,38.825017244326176
10056.0,39.02062899760401
10057.0,39.890885699537584
10058.0,40.270089431170824
10059.0,40.48850787884258
10060.0,40.60325767139615
10061.0,40.70889332491093
10062.0,40.73741582131396
10063.0,41.03640743333143
10064.0,41.186918384196304
10065.0,41.32639124157937
10066.0,41.434051751096206
10067.0,41.34725144154614
10068.0,41.50804461996864
10069.0,41.52400447712494
10070.0,41.534904811287134
10071.0,41.528493419814474
10072.0,41.47053830037025
10073.0,41.64796784864301
10074.0,41.74356673162226
10075.0,41.79910188781775
10076.0,41.78634358693568
10077.0,41.84830993536854
10078.0,41.860506166825516
10079.0,41.821002976311846
10080.0,41.427147846034714
10081.0,41.577522719501495
10082.0,41.65810652118984
10083.0,41.62352323821296
10084.0,41.54108266932519
10085.0,41.422844310489836
10086.0,41.52392457538372
10087.0,41.53099052925066
10088.0,41.55766431287981
10089.0,41.59364664229957
10090.0,41.182131414212485
10091.0,41.6974991447966
10092.0,41.60016616668686
10093.0,41.74674856113227
10094.0,41.4530477026074
10095.0,41.41319591762664
10096.0,41.464218894092845
10097.0,41.72164398705698
10098.0,41.56542907811026
10099.0,41.76785808959419
10100.0,41.61713131186853
10101.0,41.75587949791467
10102.0,41.75032304699917
10103.0,41.50169387932634
10104.0,41.68739535673339
10105.0,41.60490310717646
10106.0,41.57423159589493
10107.0,41.52602250073997
10108.0,41.47446375021858
10109.0,41.448122706861376
10110.0,41.58745935541899
10111.0,41.64688762470476
10112.0,41.658180661832255
10113.0,41.66264900562989
10114.0,41.66513395706266
10115.0,41.59591557433866
10116.0,41.601091444272924
10117.0,41.60233248538067
10118.0,41.489283715155956
10119.0,41.62430784554018
10120.0,41.69066368021133
10121.0,41.66856327212997
10122.0,41.193478513663365
10123.0,41.514387741755414
10124.0,41.41743506429419
10125.0,41.326725229833094
10126.0,41.24306229659611
10127.0,41.210247965890964
10128.0,41.28500342287036
10129.0,41.39688135741898
10130.0,41.47977837525756
10131.0,41.573876733285445
10132.0,41.49739915703742
10133.0,41.70522047126415
10134.0,41.70795066112706
10135.0,41.702471592834115
10136.0,41.68843705650073
10137.0,41.668969574765725
10138.0,41.65016141196096
10139.0,41.64161009582362
10140.0,41.62219775578345
10141.0,41.598701504863094
10142.0,41.55929758286541
10143.0,41.421932186144254
10144.0,41.09367755983611
10145.0,40.97805177265586
10146.0,40.912733210766135
10147.0,40.742160322905214
10148.0,40.52442136061868
10149.0,40.78368797213585
10150.0,40.95536350890012
10151.0,41.11075019862565
10152.0,41.22366542361384
10153.0,41.34788486327738
10154.0,41.38036102645229
10155.0,41.29319462495663
10156.0,40.85914504725459
10157.0,41.154291280900345
10158.0,41.146102464247925
10159.0,41.157809411600645
10160.0,41.21663829436539
10161.0,41.27285153458659
10162.0,41.236632024630325
10163.0,41.12228148177693
10164.0,41.005220114325915
10165.0,40.85375279348563
10166.0,40.66882533426497
10167.0,40.56649177494263
10168.0,40.53218019930361
10169.0,40.75370510316034
10170.0,40.821547250973715
10171.0,41.100075182737136
10172.0,41.30694059997788
10173.0,41.40437686838045
10174.0,41.42933511900316
10175.0,41.24370233820285
10176.0,41.48527425738477
10177.0,41.504623469771445
10178.0,41.50776756086274
10179.0,41.4891305756594
10180.0,41.5066917034734
10181.0,41.44079129721379
10182.0,41.23539771833542
10183.0,41.00090113087281
10184.0,40.77616719633283
10185.0,40.534669503593854
10186.0,40.25217183928817
10187.0,40.245055921906015
10188.0,40.36327942135838
10189.0,40.499400004551504
10190.0,40.59932093825665
10191.0,40.668831489038645
10192.0,40.69396417868564
10193.0,40.48483995129087
10194.0,39.80217372007925
10195.0,40.29710097114151
10196.0,40.32581070592829
10197.0,40.437625700791386
10198.0,40.55340720974641
10199.0,40.72953969689605
10200.0,40.93520691767164
10201.0,41.07073543908315
10202.0,41.07230004760342
10203.0,41.08399164975712
10204.0,40.976570642858
10205.0,40.96097679834465
10206.0,41.02495974849069
10207.0,41.04829497734787
10208.0,41.074001796613096
10209.0,41.08203602557837
10210.0,41.09933395155728
10211.0,41.11438530712846
10212.0,41.13335469178683
10213.0,41.0723616891616
10214.0,40.99800311152905
10215.0,40.80428283819228
10216.0,40.55364510195071
10217.0,40.22442498783212
10218.0,40.10734335920196
10219.0,40.04861226405245
10220.0,40.089385197825074
10221.0,40.22575470434754
10222.0,40.45290171379487
10223.0,40.71935772065444
10224.0,40.99348707957448
10225.0,41.17174230264705
10226.0,41.27474404356312
10227.0,41.30373695059518
10228.0,41.28085661799801
10229.0,40.977393597998514
10230.0,41.16495984850906
10231.0,41.27564568378396
10232.0,41.27955928342676
10233.0,41.28374338474204
10234.0,41.29422577291801
10235.0,41.19582435715292
10236.0,41.18363395982748
10237.0,41.21383373399479
10238.0,41.0441552424399
10239.0,40.74362421261574
10240.0,40.75609718965674
10241.0,41.11176287101436
10242.0,41.13897249638915
10243.0,41.153948685086796
10244.0,41.13831239072116
10245.0,41.14142652789512
10246.0,41.14970665545846
10247.0,41.139943944802354
10248.0,41.10339929255353
10249.0,41.11756016505108
10250.0,41.13205563425156
10251.0,41.13697727019419
10252.0,41.14556549438741
10253.0,41.08334745088508
10254.0,41.1938346151997
10255.0,41.20108979406376
10256.0,41.210714475073445
10257.0,41.21544752565722
10258.0,41.068253851973
10259.0,41.236188475256036
10260.0,41.232528630258436
10261.0,41.21322991439426
10262.0,41.18122418570594
10263.0,41.02427271983297
10264.0,41.06576985827773
10265.0,41.04606869237296
10266.0,41.02146025062108
10267.0,41.01015895510749
10268.0,41.00365334549331
10269.0,41.02916184592442
10270.0,41.06592814082356
10271.0,41.09004576018913
10272.0,41.08836683377293
10273.0,40.8882467940503
10274.0,41.09890256623932
10275.0,41.086258934013294
10276.0,40.813509676638255
10277.0,41.0791152729608
10278.0,41.14336708651653
10279.0,41.16664214689891
10280.0,41.18729694865041
10281.0,41.20380098260903
10282.0,41.21041193580001
10283.0,41.20635899294601
10284.0,41.19588817856952
10285.0,41.17564011150841
10286.0,40.905954746719274
10287.0,40.94631230707018
10288.0,40.7339625906601
10289.0,40.566081369102584
10290.0,40.44742090152125
10291.0,40.29370587952984
10292.0,40.28112533831204
10293.0,40.391348646033315
10294.0,40.49892160017012
10295.0,40.67077639072757
10296.0,40.860208665313145
10297.0,40.99956510878352
10298.0,41.05281231756811
10299.0,41.027775915955466
10300.0,40.90096488379197
10301.0,40.87496195484396
10302.0,40.83254684100696
10303.0,40.8033398012118
10304.0,40.770223267027326
10305.0,40.762398067265444
10306.0,40.781806860260104
10307.0,40.80948217125384
10308.0,40.83501075139301
10309.0,40.85251871965954
10310.0,40.83468851188124
10311.0,40.85940761111665
10312.0,40.83014076269965
10313.0,40.80340647228049
10314.0,40.768091078558015
10315.0,40.60595692198987
10316.0,40.7230673219068
10317.0,40.75866754122043
10318.0,40.78702265989855
10319.0,40.81801465681241
10320.0,40.85131180696384
10321.0,40.90493627772445
10322.0,40.919380753676485
10323.0,40.90979206436253
10324.0,40.87692925747757
10325.0,40.80364069323914
10326.0,40.638594314716265
10327.0,40.45034408727173
10328.0,40.21753407230166
10329.0,39.97054977983346
10330.0,39.748781476623265
10331.0,39.6338056588341
10332.0,39.65350979908118
10333.0,39.72979784447716
10334.0,39.84083483519246
10335.0,40.14807286343288
10336.0,40.41264951326375
10337.0,40.561317783581984
10338.0,40.69566701420577
10339.0,40.66900153187244
10340.0,40.6176890134252
10341.0,40.502426477055806
10342.0,40.269452520185304
10343.0,40.027655880321
10344.0,39.88784349254423
10345.0,39.7996482617404
10346.0,39.69176993457135
10347.0,39.670009950204644
10348.0,39.82753535641219
10349.0,40.00462233071492
10350.0,40.12254952771282
10351.0,40.232218402619125
10352.0,40.42320553786117
10353.0,40.504009404663535
10354.0,40.53145411762741
10355.0,40.54725792224602
10356.0,40.567172743434746
10357.0,40.603746711715395
10358.0,40.63861443235219
10359.0,40.65994121082351
10360.0,40.70011685086007
10361.0,40.704639567512814
10362.0,40.75288690305247
10363.0,40.739276830386395
10364.0,40.705911600570715
10365.0,40.66006428535779
10366.0,40.61766516746879
10367.0,40.580126106554026
10368.0,40.559800726762994
10369.0,40.454775786629355
10370.0,40.23374294239833
10371.0,40.033039741400906
10372.0,39.86709141214686
10373.0,39.67811432763182
10374.0,39.53254670793012
10375.0,39.55436212733014
10376.0,39.691839925899
10377.0,39.79511601254822
10378.0,39.88008559518866
10379.0,40.0099040869436
10380.0,40.14283904611118
10381.0,40.135148431482264
10382.0,40.14659201831053
10383.0,40.239511750194175
10384.0,40.333676791690834
10385.0,40.418409924675935
10386.0,40.527680484017075
10387.0,40.60769505052639
10388.0,40.620686755897935
10389.0,40.59671184610417
10390.0,40.53156140411945
10391.0,40.494828522792936
10392.0,40.437413830060464
10393.0,40.37953991770941
10394.0,40.21815818837352
10395.0,40.095628700922845
10396.0,39.98782064371388
10397.0,39.89595839252655
10398.0,39.78037883217659
10399.0,39.79703856324126
10400.0,39.91508812642569
10401.0,40.02597961297426
10402.0,40.158672209927516
10403.0,40.280482512041104
10404.0,40.397110054227625
10405.0,40.41292707700431
10406.0,40.360484314421676
10407.0,40.32350405361044
10408.0,40.26769050283108
10409.0,40.255109749670375
10410.0,40.25977487671821
10411.0,40.315319499346195
10412.0,40.38618114163399
10413.0,40.427650874812954
10414.0,40.48216548892697
10415.0,40.5214854290493
10416.0,40.52489302184421
10417.0,40.508172334872896
10418.0,40.4823463643578
10419.0,40.45632867936147
10420.0,40.446719516757426
10421.0,40.41152480869802
10422.0,40.31806996283558
10423.0,40.222287935328474
10424.0,40.12228202726092
10425.0,39.956460381368686
10426.0,39.80641168040999
10427.0,39.741789007492535
10428.0,39.7308247520152
10429.0,39.747061182003904
10430.0,39.82983147834847
10431.0,39.99715114328655
10432.0,40.15605207099863
10433.0,40.239372316214634
10434.0,40.28829010340185
10435.0,40.33446223240807
10436.0,40.33213051745125
10437.0,40.30382783195253
10438.0,40.27147811518045
10439.0,40.27018093638614
10440.0,40.28793539064958
10441.0,40.31323237478391
10442.0,40.33982586697017
10443.0,40.37128445384224
10444.0,40.4048082329978
10445.0,40.41318092677047
10446.0,40.39067911442654
10447.0,40.314299934526716
10448.0,40.24160694462382
10449.0,40.17112014853835
10450.0,40.109584009682074
10451.0,40.04175865798231
10452.0,40.00638342399773
10453.0,39.95882752437621
10454.0,39.83734907621616
10455.0,39.7016951019234
10456.0,39.56444378009724
10457.0,39.43292075740085
10458.0,39.133211798109514
10459.0,39.00303731607989
10460.0,38.98789516669367
10461.0,39.01412084365776
10462.0,39.05741503104801
10463.0,39.23313731300881
10464.0,39.511530932190034
10465.0,39.75973023086016
10466.0,39.92958429017735
10467.0,40.02596561505999
10468.0,40.03151082960474
10469.0,39.98184469261712
10470.0,39.864445531094006
10471.0,39.71731666511068
10472.0,39.576057391536345
10473.0,39.594039531401236
10474.0,39.69773589616234
10475.0,39.82608006495495
10476.0,39.94973381753498
10477.0,40.091326140359314
10478.0,40.23900694680757
10479.0,40.2935138072245
10480.0,40.28804220874918
10481.0,40.26893045422813
10482.0,40.25658480795399
10483.0,40.23792458773052
10484.0,40.18809480213382
10485.0,40.1383612756893
10486.0,40.10941642416358
10487.0,40.0900010256702
10488.0,40.06389455189674
10489.0,40.04963691037016
10490.0,40.0974310365747
10491.0,40.09759770100311
10492.0,40.120752493783485
10493.0,40.14243851801556
10494.0,40.108436880273516
10495.0,40.06405003087662
10496.0,40.01942818813446
10497.0,39.96481915457559
10498.0,39.913013335787156
10499.0,39.89545720479004
10500.0,39.88858250808453
10501.0,39.88644433896879
10502.0,39.90473102189422
10503.0,39.9351032030381
10504.0,39.93504108453401
10505.0,39.95354660546762
10506.0,39.98701644474981
10507.0,40.007953135125796
10508.0,40.01916765106527
10509.0,40.01634621349298
10510.0,40.03723225742197
10511.0,40.02566802104927
10512.0,40.02458425132004
10513.0,39.981786166566806
10514.0,40.01114055587873
10515.0,39.97856732820732
10516.0,39.9535207865695
10517.0,39.87350068080226
10518.0,39.86970144875004
10519.0,39.7837381431018
10520.0,39.763495818046295
10521.0,39.72826306239935
10522.0,39.764606118299604
10523.0,39.840854500344705
10524.0,39.84704236732843
10525.0,39.951929657039855
10526.0,40.004017773665886
10527.0,40.05376759829989
10528.0,40.02716353794099
10529.0,39.94483857268714
10530.0,39.875359148750086
10531.0,39.70735005479494
10532.0,39.57263425621037
10533.0,39.463488335375466
10534.0,39.351046664638446
10535.0,39.28606873364795
10536.0,39.348122413308104
10537.0,39.4299942617231
10538.0,39.54907876987594
10539.0,39.65130560173633
10540.0,39.749781177219695
10541.0,39.869199503771455
10542.0,39.896427862183174
10543.0,39.879495678303826
10544.0,39.89021801718691
10545.0,39.88215940908913
10546.0,39.864486419916005
10547.0,39.867107692577825
10548.0,39.865813965053235
10549.0,39.859162170697886
10550.0,39.8805806370042
10551.0,39.897780391699584
10552.0,39.89833407826404
10553.0,39.90568089120175
10554.0,39.91458649376045
10555.0,39.92023804709885
10556.0,39.90325251046126
10557.0,39.88215048390511
10558.0,39.864945634956186
10559.0,39.842231608289936
10560.0,39.81878242062139
10561.0,39.80128696985385
10562.0,39.7977314513146
10563.0,39.79565938416605
10564.0,39.78554957890737
10565.0,39.79107150374719
10566.0,39.79585486955522
10567.0,39.79806441564807
10568.0,39.79495511949921
10569.0,39.79826631471152
10570.0,39.80512963960654
10571.0,39.79553810824911
10572.0,39.80091934457218
10573.0,39.798531418229764
10574.0,39.77519366488641
10575.0,39.74157070237038
10576.0,39.70792856248641
10577.0,39.67717948646793
10578.0,39.64032619521608
10579.0,39.58697844369319
10580.0,39.5127954300003
10581.0,39.4320169032722
10582.0,39.30028528771951
10583.0,38.90607509475949
10584.0,38.512312625272244
10585.0,38.17842122170593
10586.0,37.91831173205903
10587.0,37.6669144444384
10588.0,37.597386477259874
10589.0,37.8521315352691
10590.0,38.21613726758081
10591.0,38.56750573581865
10592.0,38.914417378945544
10593.0,39.30831749166499
10594.0,39.54303841146949
10595.0,39.62336407251223
10596.0,39.63600221383008
10597.0,39.64123083834472
10598.0,39.64829041185045
10599.0,39.644995508616354
10600.0,39.62049019205825
10601.0,39.480070202870166
10602.0,39.20695575589522
10603.0,38.894120775570165
10604.0,38.593711614035364
10605.0,38.31400572306943
10606.0,38.05720507061293
10607.0,37.953159388396216
10608.0,38.12898628195652
10609.0,38.38285763982298
10610.0,38.59331645871513
10611.0,38.833834314529014
10612.0,39.093776945081885
10613.0,39.288970846610866
10614.0,39.30499595009848
10615.0,39.27294691942584
10616.0,39.27242684477769
10617.0,39.277207224524915
10618.0,39.27738141848125
10619.0,39.278941487802804
10620.0,39.3422967124802
10621.0,39.40185967644428
10622.0,39.44382272420879
10623.0,39.43592540133405
10624.0,39.40968979668078
10625.0,39.41703068446132
10626.0,39.21440942573873
10627.0,39.02232118294239
10628.0,38.80019723416613
10629.0,38.67631782311429
10630.0,38.44605621625653
10631.0,38.48021160451958
10632.0,38.60374264124526
10633.0,38.721138028366966
10634.0,38.832168868462794
10635.0,38.975130078791594
10636.0,39.200221295958805
10637.0,39.31503448468261
10638.0,39.32559381588726
10639.0,39.37577856304935
10640.0,39.35956789415538
10641.0,39.41744648238295
10642.0,39.398747923365846
10643.0,39.44302983454673
10644.0,39.398611721395135
10645.0,39.435892158090745
10646.0,39.42637580043663
10647.0,39.235117232279165
10648.0,39.381088188256044
10649.0,39.32249259220904
10650.0,39.35583595675546
10651.0,39.255094442976336
10652.0,39.28650444584435
10653.0,39.31885714489516
10654.0,39.26286303149679
10655.0,39.33545852649422
10656.0,39.32823725077579
10657.0,39.24576295203052
10658.0,39.169961792792705
10659.0,38.81895762116361
10660.0,38.60551703548297
10661.0,38.34063651104669
10662.0,38.07775309851269
10663.0,37.824403979028645
10664.0,37.72818494688288
10665.0,37.7754983856905
10666.0,38.08487821784484
10667.0,38.32582461598977
10668.0,38.57951274785502
10669.0,38.82283945382285
10670.0,38.95948702852218
10671.0,39.0930375865961
10672.0,39.18131390067138
10673.0,39.1936017989599
10674.0,39.19468035769441
10675.0,39.18618396456538
10676.0,39.028702713396825
10677.0,39.210094386841625
10678.0,39.16459759705773
10679.0,39.17008996710483
10680.0,39.159008937367815
10681.0,38.93919048989498
10682.0,38.76485715927486
10683.0,38.39900813862374
10684.0,38.087207837438
10685.0,37.70150783407887
10686.0,37.480666430244916
10687.0,37.3376405235253
10688.0,37.24144374068292
10689.0,37.12019001735791
10690.0,37.02850940143852
10691.0,37.016698085357405
10692.0,36.8897561270496
10693.0,36.60440083948874
10694.0,36.455772218365226
10695.0,36.544328130977
10696.0,37.062943547197776
10697.0,37.27974679976299
10698.0,37.685237267796815
10699.0,38.109575592089755
10700.0,38.638324604760626
10701.0,38.89800724717323
10702.0,38.720098142028554
10703.0,39.21734892299431
10704.0,39.31888557240258
10705.0,39.22047669766873
10706.0,39.08048697471835
10707.0,38.909425623537764
10708.0,38.859666074314674
10709.0,38.75690887894378
10710.0,38.61275336408503
10711.0,38.73025548808982
10712.0,38.86305956333432
10713.0,39.01065672308736
10714.0,39.11665232456072
10715.0,39.153359217128425
10716.0,39.246465776819065
10717.0,39.22439549374582
10718.0,39.16315574335436
10719.0,38.966124724333056
10720.0,39.061331959449056
10721.0,38.97682388495159
10722.0,39.16255733217666
10723.0,39.19390854417671
10724.0,38.86365525630561
10725.0,39.126465557976054
10726.0,38.60704025299517
10727.0,38.63033715777141
10728.0,38.29715490948383
10729.0,37.95709438851752
10730.0,37.50962819724805
10731.0,37.52563629370412
10732.0,37.616608115169406
10733.0,37.819030404423245
10734.0,38.17200391033881
10735.0,38.48944820862093
10736.0,38.85300373265097
10737.0,39.15476097614082
10738.0,39.349212267247296
10739.0,39.44546835657067
10740.0,39.4528675339559
10741.0,39.440316271942116
10742.0,39.3523902259276
10743.0,39.27916603934794
10744.0,39.171290956800654
10745.0,39.069753867369734
10746.0,38.044241702913055
10747.0,38.49279505335392
10748.0,37.81924544578656
10749.0,38.063956443551554
10750.0,38.174827931829846
10751.0,37.98247090984764
10752.0,37.74619437842152
10753.0,37.6520084281667
10754.0,37.902748502894944
10755.0,38.05185229247761
10756.0,38.20232383414315
10757.0,38.4633991102905
10758.0,38.817354882816765
10759.0,39.12226585138515
10760.0,39.27008403349389
10761.0,39.38275928885239
10762.0,39.50609736486916
10763.0,39.519797280118105
10764.0,39.33036407618357
10765.0,39.407995972496145
10766.0,39.38481013327672
10767.0,39.292064606857
10768.0,39.196699708091856
10769.0,39.10758655112688
10770.0,39.08619588071261
10771.0,39.072979489628345
10772.0,38.9321905616201
10773.0,39.20310566550342
10774.0,39.13878186830119
10775.0,37.43108837076569
10776.0,38.66495284500922
10777.0,39.49122801453865
10778.0,39.51614751895612
10779.0,39.50502051418501
10780.0,39.45902558944597
10781.0,39.34435047822767
10782.0,38.904396614968114
10783.0,38.94776908048597
10784.0,38.62577196304063
10785.0,37.95375483915269
10786.0,37.92739930195091
10787.0,37.71865762363859
10788.0,37.625003058823395
10789.0,37.59234322295839
10790.0,37.64203233496722
10791.0,38.03545946250116
10792.0,38.42744028707924
10793.0,38.74326070903533
10794.0,38.978225441742005
10795.0,38.96184520274899
10796.0,39.3742337343329
10797.0,39.38294001697466
10798.0,39.00533067502752
10799.0,39.26699089919406
10800.0,39.193990104208545
10801.0,39.21231618615208
10802.0,38.509155040975195
10803.0,37.27923991141046
10804.0,39.22195245170607
10805.0,39.26526386465404
10806.0,39.150714192917235
10807.0,38.76425653061123
10808.0,39.14041651442349
10809.0,38.53902104492697
10810.0,38.44226664204425
10811.0,38.16045715594966
10812.0,37.78087037973233
10813.0,37.452155027442444
10814.0,35.77670136995783
10815.0,37.241648812810126
10816.0,37.722057039849396
10817.0,37.96996474689551
10818.0,38.170206265863555
10819.0,37.797357765734525
10820.0,38.37646683665118
10821.0,38.21477991871716
10822.0,38.25319264577419
10823.0,38.13180476934698
10824.0,37.94056518822875
10825.0,37.647059490810044
10826.0,37.53668229757142
10827.0,37.383714623890825
10828.0,37.16512571282859
10829.0,36.95110425403485
10830.0,36.888876056445085
10831.0,37.049961267412286
10832.0,37.356026849171364
10833.0,37.59921876984925
10834.0,37.85674296597364
10835.0,35.376348215251745
10836.0,38.53802388225619
10837.0,37.761241468022696
10838.0,38.868876690321166
10839.0,38.99366397779734
10840.0,39.00423778623811
10841.0,38.41787724365068
10842.0,38.943508438138956
10843.0,38.862177761772735
10844.0,38.453836787806225
10845.0,38.72380952986828
10846.0,37.75737691043275
10847.0,38.47140350211674
10848.0,38.6037417540884
10849.0,38.73626736542586
10850.0,38.850230668701236
10851.0,38.968380899254505
10852.0,38.83262819136375
10853.0,38.97390098311809
10854.0,39.080750868189206
10855.0,39.27078490822243
10856.0,39.13939396678552
10857.0,39.335482019653675
10858.0,39.32805063159556
10859.0,39.286563693135086
10860.0,36.88946729339722
10861.0,38.6479491947906
10862.0,38.71565446259692
10863.0,32.59790419253477
10864.0,38.57936544222089
10865.0,38.58342435211506
10866.0,38.05228105222866
10867.0,37.88144804930757
10868.0,37.63233477290719
10869.0,37.25314017595303
10870.0,36.86794575840442
10871.0,35.29866654058523
10872.0,35.54239123968959
10873.0,36.33219863790926
10874.0,36.77372914028702
10875.0,37.19953070565929
10876.0,37.64510688795254
10877.0,38.12152925070732
10878.0,37.97120664744133
10879.0,38.88139505570115
10880.0,39.03281362220893
10881.0,38.95532350545933
10882.0,38.785578907563696
10883.0,38.534786169955346
10884.0,38.19826481824664
10885.0,37.02312168107086
10886.0,37.68140077074139
10887.0,37.59282027632945
10888.0,37.552871578323945
10889.0,37.55472443976312
10890.0,37.66609300337942
10891.0,37.81605941208117
10892.0,36.63648632637314
10893.0,38.280220844397334
10894.0,38.49081412694349
10895.0,36.87965027506351
10896.0,38.44417560518539
10897.0,38.481393943298954
10898.0,38.44936646157997
10899.0,38.4591250396621
10900.0,38.56566411436873
10901.0,38.55343526769483
10902.0,37.886319724152365
10903.0,38.70867804990861
10904.0,34.5114452104429
10905.0,38.86919601776283
10906.0,38.85308241779911
10907.0,37.564143166321216
10908.0,38.84374014867241
10909.0,38.929181054343346
10910.0,38.955990922499765
10911.0,38.94668698467645
10912.0,38.6235901691236
10913.0,38.72097073798501
10914.0,38.55969546215206
10915.0,38.47252628018409
10916.0,38.321556128786554
10917.0,38.15225870092687
10918.0,37.90892221250443
10919.0,38.09883024999269
10920.0,38.025997418125044
10921.0,38.31849235577814
10922.0,38.41535161897216
10923.0,38.527139563245825
10924.0,38.512484309621314
10925.0,38.269146056988966
10926.0,31.886325965222284
10927.0,37.69722394726199
10928.0,33.41022569712088
10929.0,37.53354348841791
10930.0,37.7627653698625
10931.0,37.83693319250972
10932.0,37.68420492746864
10933.0,37.48295812682574
10934.0,36.14204420828529
10935.0,36.97227930843242
10936.0,36.44453439469696
10937.0,35.83151048374271
10938.0,33.98947873996852
10939.0,34.74360996841037
10940.0,34.402762520905306
10941.0,34.147783902400356
10942.0,34.223398920717464
10943.0,34.30058043165374
10944.0,35.2036709580769
10945.0,35.21648191503466
10946.0,35.761759119259146
10947.0,35.64056287088411
10948.0,36.42491891386755
10949.0,33.856191543922826
10950.0,36.91459614648628
10951.0,37.41412543202286
10952.0,37.5990290027653
10953.0,37.31295500158464
10954.0,37.296003413326765
10955.0,37.38266857570534
10956.0,37.23863028320689
10957.0,36.67755844481277
10958.0,36.404647133412965
10959.0,33.91587811668366
10960.0,34.342815759353414
10961.0,37.23807253658839
10962.0,37.19481036687732
10963.0,34.97270921644271
10964.0,37.39302185226406
10965.0,36.845008876211594
10966.0,37.14648584377877
10967.0,37.130743884229915
10968.0,36.90768061371511
10969.0,36.87101781456784
10970.0,37.02588332595711
10971.0,37.20361861209241
10972.0,37.11231041691357
10973.0,37.48898756627746
10974.0,37.82419764883602
10975.0,37.96088546335898
10976.0,35.97189121014194
10977.0,37.393260256929494
10978.0,36.938296295170495
10979.0,33.6987755618607
10980.0,35.123298672520114
10981.0,36.52927349513465
10982.0,35.238463528746834
10983.0,36.35496535531428
10984.0,36.37364125317638
10985.0,35.15625336741815
10986.0,36.18903813092469
10987.0,35.914401995838524
10988.0,36.81955132566584
10989.0,34.80884850328689
10990.0,36.86459507828937
10991.0,36.09561646959516
10992.0,37.855765697569275
10993.0,38.1512810674786
10994.0,37.30263849555573
10995.0,36.90299973632628
10996.0,37.50563640853516
10997.0,30.60393517125998
10998.0,36.24052300954905
10999.0,35.97401954683208
11000.0,36.401507011701646
